dataset,backbone,metric,method,mean,sd_seed,mean_s42,se_boot,ci_lo,ci_hi,box,delta_l1,ci_l1_lo,ci_l1_hi,p_l1,p_l1_seed,seeds_l1,holm_l1,sig_l1,delta_l2,ci_l2_lo,ci_l2_hi,p_l2,p_l2_seed,seeds_l2,holm_l2,sig_l2,tost_equiv
ml1m,B_blind,CatMRR,BASE,0.35962,0.0,0.35962,0.00119,0.35731,0.36193,,,,,,,,,,,,,,,,,,
ml1m,B_blind,CatMRR,SIT,0.38479,8.1e-06,0.38479,0.00128,0.38223,0.38728,,0.02517,0.02338,0.02686,0.0,0.0,5,,,0.02696,0.02531,0.0287,0.0,0.0,5,,,
ml1m,B_blind,CatMRR,Steck-b,0.35783,1e-07,0.35783,0.00122,0.35544,0.36025,,,,,,,,,,,,,,,,,,
ml1m,B_blind,CatNDCG,BASE,0.45119,0.0,0.45119,0.00115,0.44892,0.45352,,,,,,,,,,,,,,,,,,
ml1m,B_blind,CatNDCG,SIT,0.46631,1.22e-05,0.46632,0.00124,0.46412,0.46887,,0.01513,0.01373,0.01661,0.0,0.0,5,,,0.0174,0.01587,0.01888,0.0,0.0,5,,,
ml1m,B_blind,CatNDCG,Steck-b,0.44891,1e-07,0.44891,0.00119,0.4465,0.45129,,,,,,,,,,,,,,,,,,
ml1m,B_blind,macroCatMRR,BASE,0.12648,0.0,0.12648,0.00086,0.12477,0.12816,,,,,,,,,,,,,,,,,,
ml1m,B_blind,macroCatMRR,SIT,0.14032,4.2e-06,0.14032,0.00103,0.13836,0.14239,winner,0.01385,0.01245,0.01525,0.0,0.0,5,0.0,***,0.01354,0.01223,0.01507,0.0,0.0,5,0.0,***,
ml1m,B_blind,macroCatMRR,Steck-b,0.12678,0.0,0.12678,0.00087,0.12509,0.12845,,,,,,,,,,,,,,,,,,
ml1m,B_blind,MRR,BASE,0.01845,0.0,0.01845,0.00026,0.01797,0.01894,,,,,,,,,,,,,,,,,,
ml1m,B_blind,MRR,SIT,0.01956,1.5e-06,0.01956,0.00026,0.01905,0.02007,,0.00111,0.00082,0.00139,0.0,0.0,5,,,0.00114,0.00086,0.00141,0.0,0.0,5,,,
ml1m,B_blind,MRR,Steck-b,0.01842,0.0,0.01842,0.00026,0.01792,0.01895,,,,,,,,,,,,,,,,,,
ml1m,B_blind,HR5,BASE,0.01852,0.0,0.01852,0.00044,0.01764,0.01934,,,,,,,,,,,,,,,,,,
ml1m,B_blind,HR5,SIT,0.01997,4.6e-06,0.01997,0.00045,0.0191,0.02087,,0.00145,0.00087,0.00209,0.0,0.0,5,,,0.00143,0.00078,0.00204,0.0,0.0,5,,,
ml1m,B_blind,HR5,Steck-b,0.01854,0.0,0.01854,0.00044,0.01772,0.01941,,,,,,,,,,,,,,,,,,
ml1m,B_blind,HR10,BASE,0.03441,0.0,0.03441,0.00058,0.03328,0.03557,,,,,,,,,,,,,,,,,,
ml1m,B_blind,HR10,SIT,0.03627,5.6e-06,0.03627,0.00059,0.03513,0.03742,,0.00186,0.00109,0.00262,0.0,0.0,5,,,0.00184,0.00106,0.00265,0.0,0.0,5,,,
ml1m,B_blind,HR10,Steck-b,0.03443,0.0,0.03443,0.00059,0.03324,0.03554,,,,,,,,,,,,,,,,,,
ml1m,B_blind,HR20,BASE,0.06088,0.0,0.06088,0.00079,0.0594,0.06257,,,,,,,,,,,,,,,,,,
ml1m,B_blind,HR20,SIT,0.06485,9.2e-06,0.06485,0.0008,0.06334,0.06653,,0.00398,0.00296,0.00499,0.0,0.0,5,,,0.00416,0.00315,0.0052,0.0,0.0,5,,,1
ml1m,B_blind,HR20,Steck-b,0.06069,0.0,0.06069,0.00075,0.05917,0.06221,,,,,,,,,,,,,,,,,,
ml1m,B_blind,NDCG5,BASE,0.01146,0.0,0.01146,0.00028,0.01089,0.012,,,,,,,,,,,,,,,,,,
ml1m,B_blind,NDCG5,SIT,0.01229,2.9e-06,0.01229,0.00029,0.0117,0.01286,,0.00083,0.00047,0.00117,0.0,0.0,5,,,0.00085,0.00049,0.0012,0.0,0.0,5,,,
ml1m,B_blind,NDCG5,Steck-b,0.01144,0.0,0.01144,0.00029,0.01088,0.01201,,,,,,,,,,,,,,,,,,
ml1m,B_blind,NDCG10,BASE,0.01653,0.0,0.01653,0.00032,0.01591,0.01714,,,,,,,,,,,,,,,,,,
ml1m,B_blind,NDCG10,SIT,0.01749,2.5e-06,0.01749,0.00032,0.01685,0.01813,,0.00097,0.0006,0.00133,0.0,0.0,5,,,0.00098,0.00063,0.00133,0.0,0.0,5,,,
ml1m,B_blind,NDCG10,Steck-b,0.01652,0.0,0.01652,0.00031,0.01598,0.01714,,,,,,,,,,,,,,,,,,
ml1m,B_blind,NDCG20,BASE,0.02314,0.0,0.02314,0.00033,0.02248,0.0238,,,,,,,,,,,,,,,,,,
ml1m,B_blind,NDCG20,SIT,0.02465,3.2e-06,0.02464,0.00034,0.02398,0.02534,,0.00151,0.00117,0.00185,0.0,0.0,5,,,0.00157,0.00122,0.00193,0.0,0.0,5,,,1
ml1m,B_blind,NDCG20,Steck-b,0.02308,0.0,0.02308,0.00034,0.02242,0.0237,,,,,,,,,,,,,,,,,,
ml1m,B_blind,MRR_u,BASE,0.02986,0.0,0.02986,0.00075,0.02847,0.03137,,,,,,,,,,,,,,,,,,
ml1m,B_blind,MRR_u,SIT,0.0321,1e-06,0.0321,0.00079,0.03062,0.03374,,0.00224,0.00135,0.00312,0.0,0.0,5,,,0.00223,0.00137,0.00316,0.0,0.0,5,,,
ml1m,B_blind,MRR_u,Steck-b,0.02987,0.0,0.02987,0.00073,0.02844,0.03133,,,,,,,,,,,,,,,,,,
ml1m,B_blind,HR5_u,BASE,0.03259,0.0,0.03259,0.00124,0.0302,0.03502,,,,,,,,,,,,,,,,,,
ml1m,B_blind,HR5_u,SIT,0.03533,2.3e-06,0.03533,0.0013,0.03269,0.03787,,0.00274,0.00089,0.00462,0.002667,0.0,5,,,0.00239,0.0006,0.00411,0.009333,0.0,5,,,
ml1m,B_blind,HR5_u,Steck-b,0.03294,0.0,0.03294,0.00126,0.03056,0.03543,,,,,,,,,,,,,,,,,,
ml1m,B_blind,HR10_u,BASE,0.06095,0.0,0.06095,0.00178,0.0574,0.06439,,,,,,,,,,,,,,,,,,
ml1m,B_blind,HR10_u,SIT,0.06421,2.91e-05,0.06418,0.00182,0.06055,0.06784,,0.00325,0.00097,0.00554,0.005333,0.0,5,,,0.00329,0.00111,0.00548,0.004,0.0,5,,,
ml1m,B_blind,HR10_u,Steck-b,0.06092,0.0,0.06092,0.0018,0.05742,0.06441,,,,,,,,,,,,,,,,,,
ml1m,B_blind,HR20_u,BASE,0.10441,0.0,0.10441,0.00219,0.10022,0.10871,,,,,,,,,,,,,,,,,,
ml1m,B_blind,HR20_u,SIT,0.11328,1.98e-05,0.11327,0.0023,0.10884,0.1179,,0.00887,0.00621,0.01152,0.0,0.0,5,,,0.00838,0.00593,0.01114,0.0,0.0,5,,,
ml1m,B_blind,HR20_u,Steck-b,0.1049,0.0,0.1049,0.00229,0.10038,0.10937,,,,,,,,,,,,,,,,,,
ml1m,B_blind,NDCG5_u,BASE,0.02013,0.0,0.02013,0.0008,0.01859,0.02162,,,,,,,,,,,,,,,,,,
ml1m,B_blind,NDCG5_u,SIT,0.022,1.5e-06,0.022,0.00086,0.02033,0.02374,,0.00187,0.00077,0.00302,0.001333,0.0,5,,,0.00177,0.0007,0.0029,0.004,0.0,5,,,
ml1m,B_blind,NDCG5_u,Steck-b,0.02023,0.0,0.02023,0.00081,0.01864,0.02175,,,,,,,,,,,,,,,,,,
ml1m,B_blind,NDCG10_u,BASE,0.02916,0.0,0.02916,0.00089,0.0274,0.03087,,,,,,,,,,,,,,,,,,
ml1m,B_blind,NDCG10_u,SIT,0.03123,8.3e-06,0.03123,0.00095,0.02937,0.03306,,0.00207,0.00102,0.00321,0.0,0.0,5,,,0.00209,0.00096,0.00313,0.0,0.0,5,,,
ml1m,B_blind,NDCG10_u,Steck-b,0.02915,0.0,0.02915,0.00095,0.02728,0.03104,,,,,,,,,,,,,,,,,,
ml1m,B_blind,NDCG20_u,BASE,0.04002,0.0,0.04002,0.00096,0.03823,0.04197,,,,,,,,,,,,,,,,,,
ml1m,B_blind,NDCG20_u,SIT,0.04353,4.9e-06,0.04353,0.00105,0.04155,0.04572,,0.00351,0.00241,0.00453,0.0,0.0,5,,,0.00339,0.00228,0.00441,0.0,0.0,5,,,
ml1m,B_blind,NDCG20_u,Steck-b,0.04014,0.0,0.04014,0.00102,0.03812,0.04219,,,,,,,,,,,,,,,,,,
ml1m,B_blind,Coverage,BASE,0.67178,0.0,0.67178,0.00018,0.67117,0.67178,,,,,,,,,,,,,,,,,,
ml1m,B_blind,Coverage,SIT,0.70798,0.0,0.70798,0.00073,0.70429,0.70706,,0.0362,0.03252,0.03528,0.0,,5,,,0.0319,0.02822,0.03098,0.0,,5,,,
ml1m,B_blind,Coverage,Steck-b,0.67607,0.0,0.67607,0.00021,0.67546,0.67607,,,,,,,,,,,,,,,,,,
ml1m,B_blind,Gini,BASE,0.74515,0.0,0.74515,0.00041,0.74449,0.74609,,,,,,,,,,,,,,,,,,
ml1m,B_blind,Gini,SIT,0.73066,1.1e-05,0.73066,0.00042,0.73002,0.73161,,-0.01448,-0.0148,-0.01416,0.0,0.0,0,,,-0.01229,-0.01258,-0.01196,0.0,0.0,0,,,
ml1m,B_blind,Gini,Steck-b,0.74295,3e-07,0.74295,0.0004,0.7423,0.74388,,,,,,,,,,,,,,,,,,
ml1m,B_blind,LT20,BASE,0.23823,0.0,0.23823000490665436,0.0006,0.237,0.23939,,,,,,,,,,,,,,,,,,
ml1m,B_blind,LT20,SIT,0.25712,1.88e-05,0.2571299970149994,0.00063,0.25586,0.25827,,0.01889,0.01843,0.01935,0.0,0.0,5,,,0.01633,0.01585,0.01682,0.0,0.0,5,,,
ml1m,B_blind,LT20,Steck-b,0.24079,5e-07,0.240789994597435,0.00059,0.2396,0.24188,,,,,,,,,,,,,,,,,,
ml1m,B_blind,JS,BASE,0.12593,0.0,0.12593,0.00016,0.12561,0.12626,,,,,,,,,,,,,,,,,,
ml1m,B_blind,JS,SIT,0.18379,6.2e-06,0.18378,0.00027,0.18326,0.18431,,0.05786,0.05736,0.05834,0.0,0.0,5,,,0.05832,0.05782,0.05879,0.0,0.0,5,,,
ml1m,B_blind,JS,Steck-b,0.12547,3e-07,0.12547,0.00016,0.12515,0.12578,,,,,,,,,,,,,,,,,,
ml1m,B_full,CatMRR,BASE,0.43015,0.0016624,0.42914,0.00136,0.42653,0.43183,,,,,,,,,,,,,,,,,,
ml1m,B_full,CatMRR,SIT,0.43833,0.0011324,0.438,0.00138,0.43522,0.44062,,0.00818,0.0078,0.00996,0.0,1.1e-05,5,,,0.00891,0.00904,0.0113,0.0,1.1e-05,5,,,
ml1m,B_full,CatMRR,Steck-b,0.42942,0.0015906,0.42786,0.0014,0.42512,0.43067,,,,,,,,,,,,,,,,,,
ml1m,B_full,CatNDCG,BASE,0.4937,0.0014489,0.49324,0.00129,0.49059,0.4958,,,,,,,,,,,,,,,,,,
ml1m,B_full,CatNDCG,SIT,0.4958,0.0010861,0.49584,0.00134,0.49318,0.49849,,0.00211,0.00171,0.00354,0.0,0.002059,5,,,0.00307,0.00312,0.00515,0.0,0.000495,5,,,
ml1m,B_full,CatNDCG,Steck-b,0.49274,0.0014243,0.49171,0.00129,0.48929,0.49447,,,,,,,,,,,,,,,,,,
ml1m,B_full,macroCatMRR,BASE,0.23462,0.0011219,0.23485,0.00196,0.23125,0.23886,,,,,,,,,,,,,,,,,,
ml1m,B_full,macroCatMRR,SIT,0.23856,0.0008952,0.23866,0.00198,0.23498,0.2427,winner,0.00395,0.00298,0.00458,0.0,0.000113,5,0.0,***,0.00525,0.0048,0.00652,0.0,4.3e-05,5,0.0,***,
ml1m,B_full,macroCatMRR,Steck-b,0.23332,0.0008437,0.23305,0.00188,0.22953,0.23684,,,,,,,,,,,,,,,,,,
ml1m,B_full,MRR,BASE,0.0271,0.0001105,0.02717,0.00032,0.02654,0.02779,,,,,,,,,,,,,,,,,,
ml1m,B_full,MRR,SIT,0.0276,0.0001135,0.02767,0.00032,0.02706,0.0283,,0.0005,0.00033,0.00066,0.0,0.0,5,,,0.00055,0.0004,0.00075,0.0,1.1e-05,5,,,
ml1m,B_full,MRR,Steck-b,0.02704,8.23e-05,0.02708,0.00033,0.02643,0.02772,,,,,,,,,,,,,,,,,,
ml1m,B_full,HR5,BASE,0.0314,0.0001244,0.03134,0.00056,0.03026,0.03251,,,,,,,,,,,,,,,,,,
ml1m,B_full,HR5,SIT,0.03191,0.0001478,0.03176,0.00057,0.03066,0.03292,,0.00051,-2e-05,0.00086,0.064,0.000364,5,,,0.00064,0.00012,0.00099,0.014667,0.001342,5,,,
ml1m,B_full,HR5,Steck-b,0.03127,9.13e-05,0.0312,0.00055,0.03016,0.03226,,,,,,,,,,,,,,,,,,
ml1m,B_full,HR10,BASE,0.05486,0.0003212,0.055,0.00077,0.05339,0.05648,,,,,,,,,,,,,,,,,,
ml1m,B_full,HR10,SIT,0.05592,0.0001935,0.05566,0.00078,0.05409,0.0572,,0.00105,5e-05,0.0013,0.04,0.001246,5,,,0.00121,0.00012,0.00137,0.024,0.000582,5,,,
ml1m,B_full,HR10,Steck-b,0.05471,0.0002273,0.05491,0.00073,0.05355,0.0563,,,,,,,,,,,,,,,,,,
ml1m,B_full,HR20,BASE,0.09397,0.0005001,0.09417,0.00093,0.09239,0.09593,,,,,,,,,,,,,,,,,,
ml1m,B_full,HR20,SIT,0.0961,0.0002318,0.09624,0.00092,0.09451,0.09803,,0.00214,0.00126,0.00287,0.0,7.8e-05,5,,,0.00245,0.00131,0.00292,0.0,1.3e-05,5,,,1
ml1m,B_full,HR20,Steck-b,0.09365,0.0004109,0.09411,0.00092,0.09234,0.09598,,,,,,,,,,,,,,,,,,
ml1m,B_full,NDCG5,BASE,0.01922,0.0001015,0.01924,0.00036,0.01855,0.01995,,,,,,,,,,,,,,,,,,
ml1m,B_full,NDCG5,SIT,0.01954,9.2e-05,0.01954,0.00037,0.01884,0.02025,,0.00032,8e-05,0.00053,0.004,3.6e-05,5,,,0.00038,0.00016,0.00061,0.0,0.000545,5,,,
ml1m,B_full,NDCG5,Steck-b,0.01916,6.98e-05,0.01915,0.00037,0.01844,0.01988,,,,,,,,,,,,,,,,,,
ml1m,B_full,NDCG10,BASE,0.02673,9.74e-05,0.0268,0.0004,0.02601,0.02759,,,,,,,,,,,,,,,,,,
ml1m,B_full,NDCG10,SIT,0.02722,7.61e-05,0.02719,0.0004,0.02642,0.02798,,0.00049,0.00014,0.00063,0.002667,0.000108,5,,,0.00057,0.00022,0.00071,0.0,5.5e-05,5,,,
ml1m,B_full,NDCG10,Steck-b,0.02665,5.82e-05,0.02672,0.00041,0.02593,0.02751,,,,,,,,,,,,,,,,,,
ml1m,B_full,NDCG20,BASE,0.03653,0.0001713,0.03662,0.0004,0.03579,0.03735,,,,,,,,,,,,,,,,,,
ml1m,B_full,NDCG20,SIT,0.0373,0.0001224,0.03737,0.0004,0.03656,0.03808,,0.00076,0.00051,0.00102,0.0,8e-06,5,,,0.00088,0.00058,0.00109,0.0,1e-06,5,,,1
ml1m,B_full,NDCG20,Steck-b,0.03641,0.0001322,0.03655,0.00041,0.03573,0.03736,,,,,,,,,,,,,,,,,,
ml1m,B_full,MRR_u,BASE,0.0315,6.88e-05,0.0315,0.00069,0.03019,0.03286,,,,,,,,,,,,,,,,,,
ml1m,B_full,MRR_u,SIT,0.03204,8.23e-05,0.03207,0.00069,0.03073,0.03341,,0.00054,0.00028,0.00084,0.0,1e-06,5,,,0.00049,0.00031,0.00086,0.0,0.000178,5,,,
ml1m,B_full,MRR_u,Steck-b,0.03156,6.56e-05,0.0315,0.00068,0.03019,0.03295,,,,,,,,,,,,,,,,,,
ml1m,B_full,HR5_u,BASE,0.03752,0.0003065,0.03719,0.00113,0.03507,0.03938,,,,,,,,,,,,,,,,,,
ml1m,B_full,HR5_u,SIT,0.03817,0.0002417,0.03789,0.00113,0.03569,0.04009,,0.00064,-9e-05,0.00145,0.074667,0.000267,5,,,0.00071,-0.00019,0.0013,0.157333,0.000382,5,,,
ml1m,B_full,HR5_u,Steck-b,0.03746,0.0003145,0.03731,0.00116,0.03504,0.03965,,,,,,,,,,,,,,,,,,
ml1m,B_full,HR10_u,BASE,0.06535,0.0003933,0.06511,0.00154,0.06196,0.06793,,,,,,,,,,,,,,,,,,
ml1m,B_full,HR10_u,SIT,0.06584,0.00053,0.06498,0.00153,0.06174,0.06774,,0.0005,-0.00141,0.00111,0.858667,0.086276,4,,,0.0004,-0.00143,0.00091,0.634667,0.080835,4,,,
ml1m,B_full,HR10_u,Steck-b,0.06545,0.0003452,0.06523,0.00156,0.06212,0.06842,,,,,,,,,,,,,,,,,,
ml1m,B_full,HR20_u,BASE,0.10975,0.0005435,0.11027,0.00204,0.10635,0.11431,,,,,,,,,,,,,,,,,,
ml1m,B_full,HR20_u,SIT,0.11199,0.0003224,0.11245,0.00204,0.10866,0.1166,,0.00224,0.00046,0.00389,0.012,0.000233,5,,,0.00203,4e-05,0.00337,0.046667,0.00026,5,,,
ml1m,B_full,HR20_u,Steck-b,0.10996,0.000603,0.1107,0.00213,0.10663,0.11527,,,,,,,,,,,,,,,,,,
ml1m,B_full,NDCG5_u,BASE,0.02308,0.0001199,0.02296,0.00074,0.02155,0.02439,,,,,,,,,,,,,,,,,,
ml1m,B_full,NDCG5_u,SIT,0.02349,9.58e-05,0.02343,0.00074,0.02205,0.02489,,0.00042,8e-05,0.00083,0.012,3.5e-05,5,,,0.00043,6e-05,0.00084,0.022667,0.000195,5,,,
ml1m,B_full,NDCG5_u,Steck-b,0.02306,0.000135,0.02297,0.00073,0.02153,0.02436,,,,,,,,,,,,,,,,,,
ml1m,B_full,NDCG10_u,BASE,0.03197,0.000149,0.03188,0.00082,0.03027,0.03344,,,,,,,,,,,,,,,,,,
ml1m,B_full,NDCG10_u,SIT,0.03236,0.0001511,0.03213,0.00083,0.0305,0.03374,,0.00039,-0.00022,0.0007,0.317333,0.001514,5,,,0.00035,-0.00019,0.00068,0.257333,0.001467,5,,,
ml1m,B_full,NDCG10_u,Steck-b,0.03201,0.0001399,0.03188,0.00083,0.03021,0.0335,,,,,,,,,,,,,,,,,,
ml1m,B_full,NDCG20_u,BASE,0.04311,0.0001413,0.04321,0.00094,0.04139,0.04509,,,,,,,,,,,,,,,,,,
ml1m,B_full,NDCG20_u,SIT,0.04394,7.26e-05,0.04404,0.00094,0.04226,0.04587,,0.00083,0.00032,0.0013,0.001333,3.1e-05,5,,,0.00076,0.00027,0.00121,0.002667,2.6e-05,5,,,
ml1m,B_full,NDCG20_u,Steck-b,0.04318,0.0001165,0.04329,0.0009,0.04152,0.04503,,,,,,,,,,,,,,,,,,
ml1m,B_full,Coverage,BASE,0.41006,0.0036707,0.40828,0.00168,0.39632,0.40307,,,,,,,,,,,,,,,,,,
ml1m,B_full,Coverage,SIT,0.41344,0.0031834,0.41227,0.0018,0.39969,0.40675,,0.00337,0.00123,0.00521,0.002667,0.006582,5,,,0.00135,-0.00061,0.00368,0.190667,0.012913,5,,,
ml1m,B_full,Coverage,Steck-b,0.41209,0.0031026,0.40982,0.00167,0.39816,0.40491,,,,,,,,,,,,,,,,,,
ml1m,B_full,Gini,BASE,0.9211,0.0006175,0.92109,0.00021,0.92072,0.92151,,,,,,,,,,,,,,,,,,
ml1m,B_full,Gini,SIT,0.91678,0.0005237,0.91683,0.00021,0.91645,0.91726,,-0.00431,-0.00436,-0.00417,0.0,0.0,0,,,-0.0037,-0.00377,-0.00358,0.0,0.0,0,,,
ml1m,B_full,Gini,Steck-b,0.92048,0.0005988,0.9205,0.0002,0.92015,0.9209,,,,,,,,,,,,,,,,,,
ml1m,B_full,LT20,BASE,0.05169,0.0014828,0.052080001682043076,0.00044,0.05125,0.05294,,,,,,,,,,,,,,,,,,
ml1m,B_full,LT20,SIT,0.05649,0.0014315,0.057029999792575836,0.00046,0.05616,0.05794,,0.00481,0.00474,0.00516,0.0,0.0,5,,,0.0046,0.00461,0.00504,0.0,1e-06,5,,,
ml1m,B_full,LT20,Steck-b,0.05189,0.0014408,0.05220000073313713,0.00046,0.05135,0.05316,,,,,,,,,,,,,,,,,,
ml1m,B_full,JS,BASE,0.33617,0.002249,0.3356,0.00054,0.33454,0.33665,,,,,,,,,,,,,,,,,,
ml1m,B_full,JS,SIT,0.37244,0.0021728,0.37154,0.00055,0.37042,0.3726,,0.03626,0.03532,0.03654,0.0,0.0,5,,,0.04119,0.04009,0.04136,0.0,0.0,5,,,
ml1m,B_full,JS,Steck-b,0.33125,0.0021907,0.33083,0.00053,0.32978,0.33185,,,,,,,,,,,,,,,,,,
ml1m,EASE,CatMRR,BASE,0.37545,0.0,0.37545,0.00119,0.37316,0.37771,,,,,,,,,,,,,,,,,,
ml1m,EASE,CatMRR,SIT,0.40099,4e-06,0.401,0.00126,0.3984,0.40342,,0.02554,0.02378,0.02728,0.0,0.0,5,,,0.02917,0.02742,0.03104,0.0,0.0,5,,,
ml1m,EASE,CatMRR,Steck-b,0.37182,3e-07,0.37182,0.00122,0.36957,0.3743,,,,,,,,,,,,,,,,,,
ml1m,EASE,CatNDCG,BASE,0.47616,0.0,0.47616,0.0011,0.47386,0.47837,,,,,,,,,,,,,,,,,,
ml1m,EASE,CatNDCG,SIT,0.48927,3.1e-06,0.48928,0.00119,0.48677,0.49161,,0.01311,0.01151,0.01453,0.0,0.0,5,,,0.02074,0.01921,0.02233,0.0,0.0,5,,,
ml1m,EASE,CatNDCG,Steck-b,0.46853,3e-07,0.46853,0.00111,0.46644,0.47081,,,,,,,,,,,,,,,,,,
ml1m,EASE,macroCatMRR,BASE,0.12939,0.0,0.12939,0.00077,0.12795,0.13091,,,,,,,,,,,,,,,,,,
ml1m,EASE,macroCatMRR,SIT,0.14225,8.9e-06,0.14225,0.00084,0.14054,0.14386,winner,0.01285,0.01169,0.01395,0.0,0.0,5,0.0,***,0.01094,0.0097,0.01225,0.0,0.0,5,0.0,***,
ml1m,EASE,macroCatMRR,Steck-b,0.13131,3e-07,0.13131,0.00086,0.12956,0.13293,,,,,,,,,,,,,,,,,,
ml1m,EASE,MRR,BASE,0.02021,0.0,0.02021,0.00027,0.01968,0.02077,,,,,,,,,,,,,,,,,,
ml1m,EASE,MRR,SIT,0.02092,2e-07,0.02092,0.00027,0.0204,0.02147,,0.00071,0.00042,0.001,0.0,0.0,5,,,0.00082,0.00052,0.00112,0.0,0.0,5,,,
ml1m,EASE,MRR,Steck-b,0.0201,1e-07,0.0201,0.00027,0.01957,0.02061,,,,,,,,,,,,,,,,,,
ml1m,EASE,HR5,BASE,0.02139,0.0,0.02139,0.00047,0.02046,0.02231,,,,,,,,,,,,,,,,,,
ml1m,EASE,HR5,SIT,0.02204,5.6e-06,0.02204,0.00047,0.02114,0.02295,,0.00065,-5e-05,0.00133,0.066667,0.0,5,,,0.00084,0.0002,0.00152,0.012,0.0,5,,,
ml1m,EASE,HR5,Steck-b,0.0212,0.0,0.0212,0.00047,0.02028,0.02211,,,,,,,,,,,,,,,,,,
ml1m,EASE,HR10,BASE,0.03799,0.0,0.03799,0.00063,0.03677,0.03918,,,,,,,,,,,,,,,,,,
ml1m,EASE,HR10,SIT,0.0404,8.6e-06,0.0404,0.00065,0.03909,0.04168,,0.00242,0.00153,0.00336,0.0,0.0,5,,,0.00263,0.00166,0.00354,0.0,0.0,5,,,
ml1m,EASE,HR10,Steck-b,0.03778,0.0,0.03778,0.00059,0.03662,0.03889,,,,,,,,,,,,,,,,,,
ml1m,EASE,HR20,BASE,0.06894,0.0,0.06894,0.00081,0.06741,0.07052,,,,,,,,,,,,,,,,,,
ml1m,EASE,HR20,SIT,0.07291,9.2e-06,0.07292,0.00084,0.07131,0.07463,,0.00397,0.00283,0.00513,0.0,0.0,5,,,0.00536,0.00423,0.00655,0.0,0.0,5,,,0
ml1m,EASE,HR20,Steck-b,0.06755,4.6e-06,0.06755,0.00078,0.06606,0.0691,,,,,,,,,,,,,,,,,,
ml1m,EASE,NDCG5,BASE,0.01299,0.0,0.01299,0.0003,0.0124,0.01357,,,,,,,,,,,,,,,,,,
ml1m,EASE,NDCG5,SIT,0.01333,2e-06,0.01333,0.0003,0.01275,0.01392,,0.00033,-4e-05,0.0007,0.081333,0.0,5,,,0.0004,1e-05,0.0008,0.045333,0.0,5,,,
ml1m,EASE,NDCG5,Steck-b,0.01293,0.0,0.01293,0.0003,0.0123,0.01348,,,,,,,,,,,,,,,,,,
ml1m,EASE,NDCG10,BASE,0.01829,0.0,0.01829,0.00033,0.01766,0.01894,,,,,,,,,,,,,,,,,,
ml1m,EASE,NDCG10,SIT,0.01919,2.5e-06,0.01919,0.00033,0.01857,0.01984,,0.0009,0.00051,0.0013,0.0,0.0,5,,,0.00097,0.00059,0.00137,0.0,0.0,5,,,
ml1m,EASE,NDCG10,Steck-b,0.01822,0.0,0.01822,0.00033,0.01756,0.01887,,,,,,,,,,,,,,,,,,
ml1m,EASE,NDCG20,BASE,0.02603,0.0,0.02603,0.00034,0.02537,0.0267,,,,,,,,,,,,,,,,,,
ml1m,EASE,NDCG20,SIT,0.02734,1.9e-06,0.02734,0.00035,0.02665,0.02801,,0.0013,0.00093,0.0017,0.0,0.0,5,,,0.00167,0.00126,0.00208,0.0,0.0,5,,,1
ml1m,EASE,NDCG20,Steck-b,0.02566,1e-06,0.02566,0.00035,0.02496,0.02636,,,,,,,,,,,,,,,,,,
ml1m,EASE,MRR_u,BASE,0.03151,0.0,0.03151,0.00078,0.03,0.03305,,,,,,,,,,,,,,,,,,
ml1m,EASE,MRR_u,SIT,0.03106,1.9e-06,0.03106,0.00075,0.02961,0.03257,,-0.00045,-0.00162,0.00063,0.430667,0.0,0,,,-4e-05,-0.00117,0.00111,0.917333,1e-06,0,,,
ml1m,EASE,MRR_u,Steck-b,0.0311,4e-07,0.0311,0.00078,0.02968,0.0327,,,,,,,,,,,,,,,,,,
ml1m,EASE,HR5_u,BASE,0.03599,0.0,0.03599,0.00135,0.03327,0.03858,,,,,,,,,,,,,,,,,,
ml1m,EASE,HR5_u,SIT,0.03602,4.53e-05,0.03605,0.0013,0.03357,0.03871,,3e-05,-0.00201,0.0022,0.961333,0.258427,3,,,0.00101,-0.00114,0.00319,0.32,1e-06,5,,,
ml1m,EASE,HR5_u,Steck-b,0.035,0.0,0.035,0.0013,0.03244,0.03763,,,,,,,,,,,,,,,,,,
ml1m,EASE,HR10_u,BASE,0.06423,0.0,0.06423,0.00183,0.06052,0.06779,,,,,,,,,,,,,,,,,,
ml1m,EASE,HR10_u,SIT,0.06612,1.15e-05,0.06612,0.00182,0.06271,0.06983,,0.00189,-0.00099,0.00471,0.184,0.0,5,,,0.00309,0.00036,0.00584,0.029333,0.0,5,,,
ml1m,EASE,HR10_u,Steck-b,0.06303,0.0,0.06303,0.00175,0.0596,0.06644,,,,,,,,,,,,,,,,,,
ml1m,EASE,HR20_u,BASE,0.11469,0.0,0.11469,0.00223,0.11034,0.11906,,,,,,,,,,,,,,,,,,
ml1m,EASE,HR20_u,SIT,0.11463,1.54e-05,0.11464,0.00226,0.11024,0.11917,,-5e-05,-0.0033,0.00354,0.997333,0.001724,0,,,0.00576,0.00234,0.00928,0.001333,0.0,5,,,
ml1m,EASE,HR20_u,Steck-b,0.10888,1.85e-05,0.10889,0.00227,0.10447,0.11322,,,,,,,,,,,,,,,,,,
ml1m,EASE,NDCG5_u,BASE,0.02189,0.0,0.02189,0.00088,0.0202,0.02366,,,,,,,,,,,,,,,,,,
ml1m,EASE,NDCG5_u,SIT,0.02184,1.79e-05,0.02186,0.00084,0.02022,0.02347,,-5e-05,-0.00128,0.00112,0.928,0.003367,0,,,0.00014,-0.00118,0.00146,0.770667,5.9e-05,5,,,
ml1m,EASE,NDCG5_u,Steck-b,0.0217,0.0,0.0217,0.00088,0.02009,0.02355,,,,,,,,,,,,,,,,,,
ml1m,EASE,NDCG10_u,BASE,0.03088,0.0,0.03088,0.00095,0.02902,0.03271,,,,,,,,,,,,,,,,,,
ml1m,EASE,NDCG10_u,SIT,0.03147,3.4e-06,0.03148,0.0009,0.02981,0.03325,,0.00059,-0.00074,0.00195,0.370667,0.0,5,,,0.00085,-0.00047,0.00232,0.212,0.0,5,,,
ml1m,EASE,NDCG10_u,Steck-b,0.03063,0.0,0.03063,0.00095,0.02875,0.03248,,,,,,,,,,,,,,,,,,
ml1m,EASE,NDCG20_u,BASE,0.04352,0.0,0.04352,0.00107,0.04143,0.04559,,,,,,,,,,,,,,,,,,
ml1m,EASE,NDCG20_u,SIT,0.04368,1.6e-06,0.04368,0.00105,0.04162,0.04571,,0.00015,-0.00128,0.00147,0.825333,0.0,5,,,0.00156,9e-05,0.003,0.037333,0.0,5,,,
ml1m,EASE,NDCG20_u,Steck-b,0.04212,4.2e-06,0.04212,0.00102,0.04013,0.04403,,,,,,,,,,,,,,,,,,
ml1m,EASE,Coverage,BASE,0.36319,0.0,0.36319,0.0011,0.35859,0.36288,,,,,,,,,,,,,,,,,,
ml1m,EASE,Coverage,SIT,0.42491,0.0001372,0.42485,0.00147,0.41564,0.42147,,0.06172,0.05491,0.06074,0.0,0.0,5,,,-0.00454,-0.00951,-0.00276,0.0,0.0,0,,,
ml1m,EASE,Coverage,Steck-b,0.42945,0.0,0.42945,0.0015,0.42178,0.42761,,,,,,,,,,,,,,,,,,
ml1m,EASE,Gini,BASE,0.93232,0.0,0.93232,0.00012,0.9321,0.93257,,,,,,,,,,,,,,,,,,
ml1m,EASE,Gini,SIT,0.92228,6.2e-06,0.92228,0.00014,0.92203,0.92256,,-0.01004,-0.01018,-0.00989,0.0,0.0,0,,,-0.00151,-0.00167,-0.00135,0.0,0.0,0,,,
ml1m,EASE,Gini,Steck-b,0.92379,3e-07,0.92379,0.00015,0.92353,0.92411,,,,,,,,,,,,,,,,,,
ml1m,EASE,LT20,BASE,0.0107,0.0,0.010700000450015068,0.00016,0.01038,0.01102,,,,,,,,,,,,,,,,,,
ml1m,EASE,LT20,SIT,0.01731,6e-06,0.017309999093413353,0.00021,0.01691,0.01775,,0.00661,0.00638,0.00685,0.0,0.0,5,,,-0.00238,-0.00267,-0.0021,0.0,0.0,0,,,
ml1m,EASE,LT20,Steck-b,0.01969,5e-07,0.019689999520778656,0.00024,0.01922,0.02016,,,,,,,,,,,,,,,,,,
ml1m,EASE,JS,BASE,0.13139,0.0,0.13139,0.00018,0.13103,0.13176,,,,,,,,,,,,,,,,,,
ml1m,EASE,JS,SIT,0.20342,8.3e-06,0.20343,0.00035,0.20275,0.20413,,0.07204,0.07136,0.0727,0.0,0.0,5,,,0.08332,0.08267,0.08399,0.0,0.0,5,,,
ml1m,EASE,JS,Steck-b,0.1201,6e-07,0.1201,0.00018,0.11975,0.12044,,,,,,,,,,,,,,,,,,
ml1m,DeepFM,CatMRR,BASE,0.43078,0.0,0.43078,0.00131,0.42829,0.43344,,,,,,,,,,,,,,,,,,
ml1m,DeepFM,CatMRR,SIT,0.43994,4e-06,0.43994,0.00133,0.43744,0.44271,,0.00916,0.00835,0.01003,0.0,0.0,5,,,0.00841,0.00754,0.00924,0.0,0.0,5,,,
ml1m,DeepFM,CatMRR,Steck-b,0.43154,1e-07,0.43154,0.00139,0.42875,0.43416,,,,,,,,,,,,,,,,,,
ml1m,DeepFM,CatNDCG,BASE,0.50685,0.0,0.50685,0.00123,0.50442,0.50924,,,,,,,,,,,,,,,,,,
ml1m,DeepFM,CatNDCG,SIT,0.51248,4.8e-06,0.51249,0.00124,0.51,0.51493,,0.00564,0.00498,0.0063,0.0,0.0,5,,,0.00554,0.00481,0.00624,0.0,0.0,5,,,
ml1m,DeepFM,CatNDCG,Steck-b,0.50695,1e-07,0.50695,0.00126,0.50456,0.50945,,,,,,,,,,,,,,,,,,
ml1m,DeepFM,macroCatMRR,BASE,0.22754,0.0,0.22754,0.00203,0.22351,0.23144,,,,,,,,,,,,,,,,,,
ml1m,DeepFM,macroCatMRR,SIT,0.23233,9e-07,0.23233,0.00203,0.2283,0.2362,winner,0.0048,0.00427,0.00528,0.0,0.0,5,0.0,***,0.0064,0.00544,0.00753,0.0,0.0,5,0.0,***,
ml1m,DeepFM,macroCatMRR,Steck-b,0.22594,0.0,0.22594,0.00186,0.22249,0.22963,,,,,,,,,,,,,,,,,,
ml1m,DeepFM,MRR,BASE,0.02713,0.0,0.02713,0.00033,0.0265,0.0278,,,,,,,,,,,,,,,,,,
ml1m,DeepFM,MRR,SIT,0.02752,1e-06,0.02753,0.00033,0.02689,0.02817,,0.0004,0.00027,0.00053,0.0,0.0,5,,,0.00044,0.0003,0.00059,0.0,0.0,5,,,
ml1m,DeepFM,MRR,Steck-b,0.02708,0.0,0.02708,0.00032,0.02647,0.0277,,,,,,,,,,,,,,,,,,
ml1m,DeepFM,HR5,BASE,0.03136,0.0,0.03136,0.00056,0.03028,0.03248,,,,,,,,,,,,,,,,,,
ml1m,DeepFM,HR5,SIT,0.0319,0.0,0.0319,0.00056,0.03079,0.03302,,0.00054,0.00017,0.00095,0.004,,5,,,0.00046,2e-05,0.00089,0.042667,,5,,,
ml1m,DeepFM,HR5,Steck-b,0.03144,0.0,0.03144,0.00058,0.0303,0.0325,,,,,,,,,,,,,,,,,,
ml1m,DeepFM,HR10,BASE,0.05558,0.0,0.05558,0.00073,0.05405,0.05699,,,,,,,,,,,,,,,,,,
ml1m,DeepFM,HR10,SIT,0.05687,0.0,0.05687,0.00075,0.05536,0.05829,,0.00129,0.00079,0.00179,0.0,,5,,,0.00129,0.00076,0.00183,0.0,,5,,,
ml1m,DeepFM,HR10,Steck-b,0.05558,0.0,0.05558,0.00076,0.05411,0.05705,,,,,,,,,,,,,,,,,,
ml1m,DeepFM,HR20,BASE,0.09459,0.0,0.09459,0.00095,0.09276,0.09649,,,,,,,,,,,,,,,,,,
ml1m,DeepFM,HR20,SIT,0.09706,0.0,0.09706,0.00096,0.09516,0.09894,,0.00247,0.00177,0.00313,0.0,,5,,,0.00232,0.00161,0.003,0.0,,5,,,1
ml1m,DeepFM,HR20,Steck-b,0.09474,0.0,0.09474,0.00092,0.09293,0.09657,,,,,,,,,,,,,,,,,,
ml1m,DeepFM,NDCG5,BASE,0.01922,0.0,0.01922,0.00036,0.0185,0.01989,,,,,,,,,,,,,,,,,,
ml1m,DeepFM,NDCG5,SIT,0.01945,7e-07,0.01945,0.00036,0.01875,0.02011,,0.00023,6e-05,0.00041,0.012,0.0,5,,,0.00025,6e-05,0.00046,0.009333,0.0,5,,,
ml1m,DeepFM,NDCG5,Steck-b,0.0192,0.0,0.0192,0.00037,0.01852,0.01992,,,,,,,,,,,,,,,,,,
ml1m,DeepFM,NDCG10,BASE,0.02698,0.0,0.02698,0.00039,0.02622,0.02773,,,,,,,,,,,,,,,,,,
ml1m,DeepFM,NDCG10,SIT,0.02746,8e-07,0.02746,0.0004,0.0267,0.02824,,0.00048,0.0003,0.00067,0.0,0.0,5,,,0.00053,0.00032,0.00073,0.0,0.0,5,,,
ml1m,DeepFM,NDCG10,Steck-b,0.02693,0.0,0.02693,0.00038,0.02621,0.02771,,,,,,,,,,,,,,,,,,
ml1m,DeepFM,NDCG20,BASE,0.03675,0.0,0.03675,0.00042,0.03593,0.03761,,,,,,,,,,,,,,,,,,
ml1m,DeepFM,NDCG20,SIT,0.03751,8e-07,0.03751,0.00043,0.03669,0.03837,,0.00076,0.00058,0.00094,0.0,0.0,5,,,0.00078,0.00058,0.00099,0.0,0.0,5,,,1
ml1m,DeepFM,NDCG20,Steck-b,0.03673,0.0,0.03673,0.00043,0.03587,0.03752,,,,,,,,,,,,,,,,,,
ml1m,DeepFM,MRR_u,BASE,0.03152,0.0,0.03152,0.00066,0.03021,0.0328,,,,,,,,,,,,,,,,,,
ml1m,DeepFM,MRR_u,SIT,0.03214,1e-06,0.03214,0.00067,0.03078,0.03344,,0.00062,0.00034,0.00089,0.0,0.0,5,,,0.00037,2e-05,0.00071,0.033333,0.0,5,,,
ml1m,DeepFM,MRR_u,Steck-b,0.03177,0.0,0.03177,0.0007,0.03044,0.03317,,,,,,,,,,,,,,,,,,
ml1m,DeepFM,HR5_u,BASE,0.0378,0.0,0.0378,0.00119,0.03548,0.04011,,,,,,,,,,,,,,,,,,
ml1m,DeepFM,HR5_u,SIT,0.0387,0.0,0.0387,0.0012,0.03638,0.04104,,0.0009,0.0002,0.00162,0.013333,,5,,,0.00099,0.0002,0.00186,0.014667,,5,,,
ml1m,DeepFM,HR5_u,Steck-b,0.03771,0.0,0.03771,0.00116,0.03547,0.04012,,,,,,,,,,,,,,,,,,
ml1m,DeepFM,HR10_u,BASE,0.06525,0.0,0.06525,0.00153,0.06217,0.06818,,,,,,,,,,,,,,,,,,
ml1m,DeepFM,HR10_u,SIT,0.06692,0.0,0.06692,0.00156,0.06377,0.07002,,0.00168,0.00082,0.00259,0.001333,,5,,,0.00082,-0.00017,0.0018,0.106667,,5,,,
ml1m,DeepFM,HR10_u,Steck-b,0.0661,0.0,0.0661,0.00155,0.06312,0.06911,,,,,,,,,,,,,,,,,,
ml1m,DeepFM,HR20_u,BASE,0.1087,0.0,0.1087,0.00205,0.10477,0.11273,,,,,,,,,,,,,,,,,,
ml1m,DeepFM,HR20_u,SIT,0.11221,0.0,0.11221,0.00209,0.10822,0.11631,,0.00351,0.00233,0.00481,0.0,,5,,,0.0016,0.00023,0.00295,0.029333,,5,,,
ml1m,DeepFM,HR20_u,Steck-b,0.11061,0.0,0.11061,0.00207,0.10648,0.11463,,,,,,,,,,,,,,,,,,
ml1m,DeepFM,NDCG5_u,BASE,0.02324,0.0,0.02324,0.00081,0.02166,0.02495,,,,,,,,,,,,,,,,,,
ml1m,DeepFM,NDCG5_u,SIT,0.02371,8e-07,0.02371,0.00082,0.02213,0.02532,,0.00048,0.00011,0.00084,0.013333,0.0,5,,,0.00046,1e-05,0.00091,0.049333,0.0,5,,,
ml1m,DeepFM,NDCG5_u,Steck-b,0.02325,0.0,0.02325,0.00077,0.02176,0.02472,,,,,,,,,,,,,,,,,,
ml1m,DeepFM,NDCG10_u,BASE,0.03202,0.0,0.03202,0.00087,0.03032,0.03377,,,,,,,,,,,,,,,,,,
ml1m,DeepFM,NDCG10_u,SIT,0.03275,8e-07,0.03275,0.00089,0.03106,0.03459,,0.00073,0.00038,0.0011,0.0,0.0,5,,,0.00042,2e-05,0.00083,0.04,0.0,5,,,
ml1m,DeepFM,NDCG10_u,Steck-b,0.03233,0.0,0.03233,0.00084,0.03074,0.03401,,,,,,,,,,,,,,,,,,
ml1m,DeepFM,NDCG20_u,BASE,0.0429,0.0,0.0429,0.0009,0.04113,0.04468,,,,,,,,,,,,,,,,,,
ml1m,DeepFM,NDCG20_u,SIT,0.04407,8e-07,0.04407,0.00091,0.0423,0.04586,,0.00117,0.0008,0.00155,0.0,0.0,5,,,0.00059,0.00018,0.00101,0.009333,0.0,5,,,
ml1m,DeepFM,NDCG20_u,Steck-b,0.04349,1e-07,0.04349,0.00094,0.04164,0.04523,,,,,,,,,,,,,,,,,,
ml1m,DeepFM,Coverage,BASE,0.4638,0.0,0.4638,0.0026,0.44325,0.45337,,,,,,,,,,,,,,,,,,
ml1m,DeepFM,Coverage,SIT,0.4681,0.0,0.4681,0.00247,0.44816,0.45798,,0.00429,0.00215,0.00736,0.0,,5,,,0.00092,-0.00245,0.00276,1.0,,5,,,
ml1m,DeepFM,Coverage,Steck-b,0.46718,0.0,0.46718,0.00257,0.44785,0.45767,,,,,,,,,,,,,,,,,,
ml1m,DeepFM,Gini,BASE,0.92858,0.0,0.92858,0.00019,0.92822,0.92898,,,,,,,,,,,,,,,,,,
ml1m,DeepFM,Gini,SIT,0.92495,1.4e-06,0.92495,0.0002,0.92458,0.92537,,-0.00364,-0.00371,-0.00357,0.0,0.0,0,,,-0.00151,-0.00159,-0.00144,0.0,0.0,0,,,
ml1m,DeepFM,Gini,Steck-b,0.92646,0.0,0.92646,0.0002,0.92609,0.92688,,,,,,,,,,,,,,,,,,
ml1m,DeepFM,LT20,BASE,0.05073,0.0,0.05073000118136406,0.00041,0.04995,0.05158,,,,,,,,,,,,,,,,,,
ml1m,DeepFM,LT20,SIT,0.05456,6e-07,0.05455999821424484,0.00043,0.05373,0.05544,,0.00383,0.00367,0.00398,0.0,0.0,5,,,0.00208,0.00191,0.00226,0.0,0.0,5,,,
ml1m,DeepFM,LT20,Steck-b,0.05248,0.0,0.052480001002550125,0.00043,0.05157,0.05332,,,,,,,,,,,,,,,,,,
ml1m,DeepFM,JS,BASE,0.31087,0.0,0.31087,0.00053,0.3098,0.31187,,,,,,,,,,,,,,,,,,
ml1m,DeepFM,JS,SIT,0.32895,3.1e-06,0.32895,0.00054,0.32785,0.32999,,0.01808,0.01769,0.01845,0.0,0.0,5,,,0.0328,0.03236,0.03325,0.0,0.0,5,,,
ml1m,DeepFM,JS,Steck-b,0.29615,2e-07,0.29615,0.00052,0.29515,0.29719,,,,,,,,,,,,,,,,,,
ml1m,AFM,CatMRR,BASE,0.43066,0.0,0.43066,0.00132,0.42797,0.43329,,,,,,,,,,,,,,,,,,
ml1m,AFM,CatMRR,SIT,0.4402,7.3e-06,0.4402,0.00138,0.43731,0.44262,,0.00955,0.00821,0.01083,0.0,0.0,5,,,0.00446,0.00309,0.00581,0.0,0.0,5,,,
ml1m,AFM,CatMRR,Steck-b,0.43574,7e-07,0.43574,0.00133,0.43318,0.4384,,,,,,,,,,,,,,,,,,
ml1m,AFM,CatNDCG,BASE,0.50905,0.0,0.50905,0.00124,0.50649,0.51143,,,,,,,,,,,,,,,,,,
ml1m,AFM,CatNDCG,SIT,0.51121,7.7e-06,0.51121,0.0013,0.50847,0.51375,,0.00216,0.00106,0.00322,0.0,0.0,5,,,-0.00056,-0.00176,0.00053,0.313333,0.0,0,,,
ml1m,AFM,CatNDCG,Steck-b,0.51177,6e-07,0.51177,0.00124,0.50925,0.51424,,,,,,,,,,,,,,,,,,
ml1m,AFM,macroCatMRR,BASE,0.21025,0.0,0.21025,0.00169,0.20697,0.21351,,,,,,,,,,,,,,,,,,
ml1m,AFM,macroCatMRR,SIT,0.21998,4.2e-06,0.21998,0.00172,0.21664,0.22333,winner,0.00974,0.00864,0.01077,0.0,0.0,5,0.0,***,0.01312,0.01166,0.01458,0.0,0.0,5,0.0,***,
ml1m,AFM,macroCatMRR,Steck-b,0.20686,2e-07,0.20686,0.00163,0.20364,0.2101,,,,,,,,,,,,,,,,,,
ml1m,AFM,MRR,BASE,0.02576,0.0,0.02576,0.00032,0.02515,0.02639,,,,,,,,,,,,,,,,,,
ml1m,AFM,MRR,SIT,0.02612,1e-06,0.02612,0.00032,0.02552,0.02674,,0.00036,0.00015,0.00057,0.002667,0.0,5,,,0.00023,-3e-05,0.00048,0.082667,0.0,5,,,
ml1m,AFM,MRR,Steck-b,0.02589,0.0,0.02589,0.00032,0.02523,0.02648,,,,,,,,,,,,,,,,,,
ml1m,AFM,HR5,BASE,0.0296,0.0,0.0296,0.00052,0.02856,0.03063,,,,,,,,,,,,,,,,,,
ml1m,AFM,HR5,SIT,0.02998,4.6e-06,0.02998,0.00053,0.02891,0.03101,,0.00038,-0.00019,0.00091,0.186667,0.0,5,,,0.00045,-0.00013,0.00104,0.138667,0.0,5,,,
ml1m,AFM,HR5,Steck-b,0.02953,0.0,0.02953,0.00052,0.02854,0.03055,,,,,,,,,,,,,,,,,,
ml1m,AFM,HR10,BASE,0.05146,0.0,0.05146,0.0007,0.05014,0.0528,,,,,,,,,,,,,,,,,,
ml1m,AFM,HR10,SIT,0.05232,5.6e-06,0.05231,0.0007,0.05098,0.05363,,0.00085,0.00019,0.00151,0.006667,0.0,5,,,0.00093,0.00025,0.00163,0.008,0.0,5,,,
ml1m,AFM,HR10,Steck-b,0.05138,0.0,0.05138,0.00071,0.05004,0.05278,,,,,,,,,,,,,,,,,,
ml1m,AFM,HR20,BASE,0.08825,0.0,0.08825,0.0009,0.08648,0.09003,,,,,,,,,,,,,,,,,,
ml1m,AFM,HR20,SIT,0.09047,0.0,0.09047,0.00093,0.08867,0.09234,,0.00222,0.00137,0.00305,0.0,,5,,,0.00244,0.00157,0.00329,0.0,,5,,,1
ml1m,AFM,HR20,Steck-b,0.08804,0.0,0.08804,0.00088,0.08634,0.08971,,,,,,,,,,,,,,,,,,
ml1m,AFM,NDCG5,BASE,0.01824,0.0,0.01824,0.00036,0.01753,0.01895,,,,,,,,,,,,,,,,,,
ml1m,AFM,NDCG5,SIT,0.01838,2e-06,0.01838,0.00036,0.01767,0.01907,,0.00015,-0.00015,0.00045,0.332,0.0,5,,,8e-05,-0.00022,0.00039,0.609333,0.0,5,,,
ml1m,AFM,NDCG5,Steck-b,0.0183,0.0,0.0183,0.00036,0.01761,0.01899,,,,,,,,,,,,,,,,,,
ml1m,AFM,NDCG10,BASE,0.02523,0.0,0.02523,0.00039,0.02446,0.02601,,,,,,,,,,,,,,,,,,
ml1m,AFM,NDCG10,SIT,0.02553,2.1e-06,0.02553,0.00039,0.02479,0.0263,,0.00029,-0.0,0.00058,0.052,0.0,5,,,0.00024,-6e-05,0.00054,0.129333,0.0,5,,,
ml1m,AFM,NDCG10,Steck-b,0.02529,0.0,0.02529,0.0004,0.02449,0.0261,,,,,,,,,,,,,,,,,,
ml1m,AFM,NDCG20,BASE,0.03444,0.0,0.03444,0.0004,0.03362,0.03522,,,,,,,,,,,,,,,,,,
ml1m,AFM,NDCG20,SIT,0.03509,8e-07,0.03509,0.00041,0.03428,0.03588,,0.00065,0.00038,0.00094,0.0,0.0,5,,,0.00063,0.00033,0.00092,0.0,0.0,5,,,1
ml1m,AFM,NDCG20,Steck-b,0.03447,0.0,0.03447,0.00042,0.03368,0.03529,,,,,,,,,,,,,,,,,,
ml1m,AFM,MRR_u,BASE,0.03175,0.0,0.03175,0.00074,0.03034,0.03325,,,,,,,,,,,,,,,,,,
ml1m,AFM,MRR_u,SIT,0.03201,7e-07,0.03201,0.00073,0.03062,0.03348,,0.00026,-0.00018,0.00069,0.244,0.0,5,,,-0.00047,-0.00096,3e-05,0.070667,0.0,0,,,
ml1m,AFM,MRR_u,Steck-b,0.03247,0.0,0.03247,0.00074,0.03099,0.034,,,,,,,,,,,,,,,,,,
ml1m,AFM,HR5_u,BASE,0.03853,0.0,0.03853,0.00123,0.03615,0.04093,,,,,,,,,,,,,,,,,,
ml1m,AFM,HR5_u,SIT,0.03891,2.8e-06,0.03891,0.00124,0.03657,0.04129,,0.00039,-0.00077,0.00152,0.514667,0.0,5,,,-0.00086,-0.00204,0.00027,0.133333,0.0,0,,,
ml1m,AFM,HR5_u,Steck-b,0.03977,0.0,0.03977,0.00125,0.03742,0.04225,,,,,,,,,,,,,,,,,,
ml1m,AFM,HR10_u,BASE,0.06466,0.0,0.06466,0.00155,0.06186,0.06791,,,,,,,,,,,,,,,,,,
ml1m,AFM,HR10_u,SIT,0.06612,7.6e-06,0.06612,0.00161,0.06306,0.06937,,0.00146,1e-05,0.00296,0.049333,0.0,5,,,-3e-05,-0.00154,0.00143,0.926667,0.000671,0,,,
ml1m,AFM,HR10_u,Steck-b,0.06616,0.0,0.06616,0.00159,0.06305,0.06934,,,,,,,,,,,,,,,,,,
ml1m,AFM,HR20_u,BASE,0.10794,0.0,0.10794,0.00212,0.10395,0.11222,,,,,,,,,,,,,,,,,,
ml1m,AFM,HR20_u,SIT,0.11071,0.0,0.11071,0.00215,0.10673,0.11513,,0.00278,0.00111,0.00449,0.001333,,5,,,0.00049,-0.00127,0.00224,0.596,,5,,,
ml1m,AFM,HR20_u,Steck-b,0.11022,0.0,0.11022,0.00211,0.10629,0.11432,,,,,,,,,,,,,,,,,,
ml1m,AFM,NDCG5_u,BASE,0.0239,0.0,0.0239,0.0008,0.02231,0.02549,,,,,,,,,,,,,,,,,,
ml1m,AFM,NDCG5_u,SIT,0.02388,1.3e-06,0.02388,0.0008,0.02231,0.02551,,-2e-05,-0.00063,0.00055,0.894667,3e-06,0,,,-0.00074,-0.00134,-0.00016,0.016,0.0,0,,,
ml1m,AFM,NDCG5_u,Steck-b,0.02462,0.0,0.02462,0.00079,0.02309,0.02617,,,,,,,,,,,,,,,,,,
ml1m,AFM,NDCG10_u,BASE,0.03223,0.0,0.03223,0.00084,0.03058,0.03389,,,,,,,,,,,,,,,,,,
ml1m,AFM,NDCG10_u,SIT,0.03256,2.6e-06,0.03256,0.00085,0.03095,0.03424,,0.00033,-0.00026,0.00091,0.289333,0.0,5,,,-0.00046,-0.00108,0.00019,0.165333,0.0,0,,,
ml1m,AFM,NDCG10_u,Steck-b,0.03302,0.0,0.03302,0.00089,0.03127,0.03476,,,,,,,,,,,,,,,,,,
ml1m,AFM,NDCG20_u,BASE,0.04306,0.0,0.04306,0.00095,0.0412,0.04503,,,,,,,,,,,,,,,,,,
ml1m,AFM,NDCG20_u,SIT,0.04375,5e-07,0.04375,0.00095,0.04187,0.04567,,0.00068,0.00014,0.00123,0.012,0.0,5,,,-0.00031,-0.00093,0.00032,0.308,0.0,0,,,
ml1m,AFM,NDCG20_u,Steck-b,0.04405,0.0,0.04405,0.00097,0.0422,0.04593,,,,,,,,,,,,,,,,,,
ml1m,AFM,Coverage,BASE,0.36074,0.0,0.36074,0.00164,0.35061,0.35675,,,,,,,,,,,,,,,,,,
ml1m,AFM,Coverage,SIT,0.36963,0.0,0.36963,0.00139,0.36043,0.36595,,0.0089,0.00644,0.01227,0.0,,5,,,-0.00706,-0.0092,-0.00245,0.001333,,0,,,
ml1m,AFM,Coverage,Steck-b,0.37669,0.0,0.37669,0.00189,0.36518,0.37255,,,,,,,,,,,,,,,,,,
ml1m,AFM,Gini,BASE,0.93016,0.0,0.93016,0.00018,0.92982,0.93055,,,,,,,,,,,,,,,,,,
ml1m,AFM,Gini,SIT,0.92328,5e-06,0.92328,0.00019,0.92294,0.92368,,-0.00688,-0.00698,-0.00677,0.0,0.0,0,,,-0.00209,-0.0022,-0.00197,0.0,0.0,0,,,
ml1m,AFM,Gini,Steck-b,0.92537,1e-07,0.92537,0.00019,0.925,0.92577,,,,,,,,,,,,,,,,,,
ml1m,AFM,LT20,BASE,0.04816,0.0,0.04816000163555145,0.00046,0.04724,0.04903,,,,,,,,,,,,,,,,,,
ml1m,AFM,LT20,SIT,0.05362,3.1e-06,0.053619999438524246,0.00047,0.05269,0.05454,,0.00547,0.00525,0.00567,0.0,0.0,5,,,0.00113,0.00086,0.00138,0.0,0.0,5,,,
ml1m,AFM,LT20,Steck-b,0.05249,0.0,0.0524899996817112,0.00046,0.05159,0.05337,,,,,,,,,,,,,,,,,,
ml1m,AFM,JS,BASE,0.30948,0.0,0.30948,0.00055,0.30846,0.31055,,,,,,,,,,,,,,,,,,
ml1m,AFM,JS,SIT,0.34459,4.2e-06,0.34459,0.00057,0.34349,0.34576,,0.03511,0.03449,0.03571,0.0,0.0,5,,,0.06511,0.06444,0.0658,0.0,0.0,5,,,
ml1m,AFM,JS,Steck-b,0.27948,3.1e-06,0.27948,0.0005,0.27848,0.28042,,,,,,,,,,,,,,,,,,
ml1m,FPMC,CatMRR,BASE,0.47545,0.0,0.47545,0.00134,0.47283,0.47801,,,,,,,,,,,,,,,,,,
ml1m,FPMC,CatMRR,SIT,0.47918,1.9e-06,0.47918,0.00137,0.4765,0.48177,,0.00372,0.00277,0.0048,0.0,0.0,5,,,0.00427,0.00333,0.00528,0.0,0.0,5,,,
ml1m,FPMC,CatMRR,Steck-b,0.4749,1e-07,0.4749,0.00133,0.47229,0.47737,,,,,,,,,,,,,,,,,,
ml1m,FPMC,CatNDCG,BASE,0.55121,0.0,0.55121,0.00122,0.54883,0.55354,,,,,,,,,,,,,,,,,,
ml1m,FPMC,CatNDCG,SIT,0.54918,3.4e-06,0.54919,0.00128,0.54665,0.55172,,-0.00203,-0.00292,-0.00118,0.0,0.0,0,,,-0.00119,-0.00206,-0.00032,0.009333,0.0,0,,,
ml1m,FPMC,CatNDCG,Steck-b,0.55037,1e-07,0.55037,0.00122,0.54799,0.55271,,,,,,,,,,,,,,,,,,
ml1m,FPMC,macroCatMRR,BASE,0.2902,0.0,0.2902,0.00268,0.2847,0.29564,,,,,,,,,,,,,,,,,,
ml1m,FPMC,macroCatMRR,SIT,0.29649,1.15e-05,0.29649,0.00289,0.29072,0.30219,winner,0.00628,0.00459,0.00813,0.0,0.0,5,0.0,***,0.00815,0.00643,0.01015,0.0,0.0,5,0.0,***,
ml1m,FPMC,macroCatMRR,Steck-b,0.28834,1e-07,0.28834,0.00257,0.28335,0.29359,,,,,,,,,,,,,,,,,,
ml1m,FPMC,MRR,BASE,0.06702,0.0,0.06702,0.00055,0.06595,0.06805,,,,,,,,,,,,,,,,,,
ml1m,FPMC,MRR,SIT,0.06721,2.1e-06,0.06721,0.00055,0.06616,0.06824,,0.00019,-0.00011,0.00045,0.206667,0.0,5,,,0.00039,0.00012,0.00068,0.008,0.0,5,,,
ml1m,FPMC,MRR,Steck-b,0.06682,0.0,0.06682,0.00055,0.06577,0.06793,,,,,,,,,,,,,,,,,,
ml1m,FPMC,HR5,BASE,0.09312,0.0,0.09312,0.00089,0.09143,0.0949,,,,,,,,,,,,,,,,,,
ml1m,FPMC,HR5,SIT,0.09353,8.6e-06,0.09354,0.0009,0.09194,0.09532,,0.00041,-0.00032,0.00113,0.245333,0.0,5,,,0.00078,9e-05,0.00154,0.030667,0.0,5,,,
ml1m,FPMC,HR5,Steck-b,0.09276,0.0,0.09276,0.00097,0.09081,0.09456,,,,,,,,,,,,,,,,,,
ml1m,FPMC,HR10,BASE,0.14845,0.0,0.14845,0.00114,0.14628,0.15065,,,,,,,,,,,,,,,,,,
ml1m,FPMC,HR10,SIT,0.14902,4.6e-06,0.14901,0.00114,0.14677,0.15121,,0.00057,-0.00031,0.00143,0.208,0.0,5,,,0.00079,-1e-05,0.00172,0.06,0.0,5,,,
ml1m,FPMC,HR10,Steck-b,0.14823,0.0,0.14823,0.00116,0.14602,0.15044,,,,,,,,,,,,,,,,,,
ml1m,FPMC,HR20,BASE,0.22324,0.0,0.22324,0.00134,0.2207,0.22599,,,,,,,,,,,,,,,,,,
ml1m,FPMC,HR20,SIT,0.22369,0.0,0.22369,0.00134,0.22106,0.22632,,0.00045,-0.00058,0.00144,0.393333,,5,,,0.00098,-2e-05,0.002,0.056,,5,,,1
ml1m,FPMC,HR20,Steck-b,0.22271,0.0,0.22271,0.00131,0.22008,0.22524,,,,,,,,,,,,,,,,,,
ml1m,FPMC,NDCG5,BASE,0.0584,0.0,0.0584,0.00061,0.05717,0.05964,,,,,,,,,,,,,,,,,,
ml1m,FPMC,NDCG5,SIT,0.05857,4.7e-06,0.05858,0.00062,0.05737,0.05983,,0.00018,-0.0002,0.00056,0.357333,0.0,5,,,0.00041,0.0,0.00081,0.048,0.0,5,,,
ml1m,FPMC,NDCG5,Steck-b,0.05816,0.0,0.05816,0.00065,0.05691,0.05947,,,,,,,,,,,,,,,,,,
ml1m,FPMC,NDCG10,BASE,0.07618,0.0,0.07618,0.00066,0.0749,0.07749,,,,,,,,,,,,,,,,,,
ml1m,FPMC,NDCG10,SIT,0.07641,2.4e-06,0.07641,0.00066,0.07516,0.07769,,0.00022,-0.00012,0.00055,0.22,0.0,5,,,0.0004,6e-05,0.00074,0.032,0.0,5,,,
ml1m,FPMC,NDCG10,Steck-b,0.076,0.0,0.076,0.00066,0.07475,0.07729,,,,,,,,,,,,,,,,,,
ml1m,FPMC,NDCG20,BASE,0.09501,0.0,0.09501,0.00068,0.09372,0.09631,,,,,,,,,,,,,,,,,,
ml1m,FPMC,NDCG20,SIT,0.09522,1.7e-06,0.09522,0.00068,0.0939,0.09653,,0.00021,-0.00011,0.00053,0.210667,0.0,5,,,0.00048,0.00015,0.0008,0.006667,0.0,5,,,1
ml1m,FPMC,NDCG20,Steck-b,0.09474,0.0,0.09474,0.00066,0.09346,0.09608,,,,,,,,,,,,,,,,,,
ml1m,FPMC,MRR_u,BASE,0.08837,0.0,0.08837,0.00137,0.08581,0.09112,,,,,,,,,,,,,,,,,,
ml1m,FPMC,MRR_u,SIT,0.08855,1.77e-05,0.08856,0.00137,0.08598,0.09123,,0.00019,-0.00041,0.00082,0.509333,2e-05,5,,,0.00032,-0.00025,0.00093,0.273333,2e-06,5,,,
ml1m,FPMC,MRR_u,Steck-b,0.08823,0.0,0.08823,0.00139,0.08552,0.09093,,,,,,,,,,,,,,,,,,
ml1m,FPMC,HR5_u,BASE,0.12507,0.0,0.12507,0.00225,0.12088,0.12951,,,,,,,,,,,,,,,,,,
ml1m,FPMC,HR5_u,SIT,0.12615,3.2e-06,0.12615,0.0023,0.12188,0.13074,,0.00108,-0.00039,0.00256,0.153333,0.0,5,,,0.00082,-0.0007,0.00235,0.285333,0.0,5,,,
ml1m,FPMC,HR5_u,Steck-b,0.12533,0.0,0.12533,0.0023,0.12058,0.12972,,,,,,,,,,,,,,,,,,
ml1m,FPMC,HR10_u,BASE,0.19513,0.0,0.19513,0.00283,0.18937,0.20065,,,,,,,,,,,,,,,,,,
ml1m,FPMC,HR10_u,SIT,0.19559,8.1e-06,0.19559,0.00279,0.1899,0.20091,,0.00046,-0.00121,0.0021,0.597333,0.0,5,,,0.0008,-0.00082,0.00238,0.342667,0.0,5,,,
ml1m,FPMC,HR10_u,Steck-b,0.1948,0.0,0.1948,0.00276,0.18951,0.20045,,,,,,,,,,,,,,,,,,
ml1m,FPMC,HR20_u,BASE,0.28414,0.0,0.28414,0.00321,0.278,0.29042,,,,,,,,,,,,,,,,,,
ml1m,FPMC,HR20_u,SIT,0.28342,1.45e-05,0.28341,0.00318,0.2773,0.2899,,-0.00072,-0.00266,0.00113,0.464,0.0,0,,,-0.00045,-0.00242,0.00135,0.634667,0.0,0,,,
ml1m,FPMC,HR20_u,Steck-b,0.28386,0.0,0.28386,0.00328,0.27729,0.2902,,,,,,,,,,,,,,,,,,
ml1m,FPMC,NDCG5_u,BASE,0.07974,0.0,0.07974,0.00159,0.07683,0.08288,,,,,,,,,,,,,,,,,,
ml1m,FPMC,NDCG5_u,SIT,0.08023,1.36e-05,0.08024,0.0016,0.07715,0.08344,,0.00049,-0.00026,0.00123,0.190667,0.0,5,,,0.00051,-0.00022,0.00122,0.192,0.0,5,,,
ml1m,FPMC,NDCG5_u,Steck-b,0.07973,0.0,0.07973,0.00155,0.0766,0.08278,,,,,,,,,,,,,,,,,,
ml1m,FPMC,NDCG10_u,BASE,0.10229,0.0,0.10229,0.00169,0.09901,0.10551,,,,,,,,,,,,,,,,,,
ml1m,FPMC,NDCG10_u,SIT,0.10255,1.24e-05,0.10256,0.0017,0.09925,0.10586,,0.00026,-0.00044,0.00098,0.494667,1e-06,5,,,0.00044,-0.00024,0.00115,0.226667,0.0,5,,,
ml1m,FPMC,NDCG10_u,Steck-b,0.10211,0.0,0.10211,0.00165,0.09871,0.10519,,,,,,,,,,,,,,,,,,
ml1m,FPMC,NDCG20_u,BASE,0.12474,0.0,0.12474,0.00172,0.12129,0.12814,,,,,,,,,,,,,,,,,,
ml1m,FPMC,NDCG20_u,SIT,0.12473,9.8e-06,0.12474,0.00171,0.12141,0.12817,,-1e-05,-0.00066,0.00068,0.984,0.171142,0,,,0.00016,-0.00052,0.00079,0.676,4e-06,5,,,
ml1m,FPMC,NDCG20_u,Steck-b,0.12458,1e-07,0.12458,0.00169,0.12134,0.1279,,,,,,,,,,,,,,,,,,
ml1m,FPMC,Coverage,BASE,0.97515,0.0,0.97515,0.00109,0.96748,0.97178,,,,,,,,,,,,,,,,,,
ml1m,FPMC,Coverage,SIT,0.97883,0.0,0.97883,0.00101,0.97178,0.97577,,0.00368,0.00215,0.0063,0.0,,5,,,0.00307,0.00184,0.00613,0.0,,5,,,
ml1m,FPMC,Coverage,Steck-b,0.97577,0.0,0.97577,0.00115,0.96779,0.97239,,,,,,,,,,,,,,,,,,
ml1m,FPMC,Gini,BASE,0.46279,0.0,0.46279,0.00073,0.46181,0.46473,,,,,,,,,,,,,,,,,,
ml1m,FPMC,Gini,SIT,0.45427,1.6e-06,0.45426,0.00073,0.45331,0.45618,,-0.00852,-0.00883,-0.00819,0.0,0.0,0,,,-0.00708,-0.00738,-0.00675,0.0,0.0,0,,,
ml1m,FPMC,Gini,Steck-b,0.46134,1e-07,0.46134,0.00073,0.46038,0.46323,,,,,,,,,,,,,,,,,,
ml1m,FPMC,LT20,BASE,0.58934,0.0,0.5893399715423584,0.00085,0.58766,0.59097,,,,,,,,,,,,,,,,,,
ml1m,FPMC,LT20,SIT,0.59586,3e-06,0.5958600044250488,0.00085,0.59421,0.59748,,0.00652,0.00621,0.00681,0.0,0.0,5,,,0.00546,0.00514,0.00576,0.0,0.0,5,,,
ml1m,FPMC,LT20,Steck-b,0.5904,0.0,0.590399980545044,0.00085,0.58874,0.59197,,,,,,,,,,,,,,,,,,
ml1m,FPMC,JS,BASE,0.31779,0.0,0.31779,0.00049,0.31681,0.31868,,,,,,,,,,,,,,,,,,
ml1m,FPMC,JS,SIT,0.34835,4.7e-06,0.34835,0.00051,0.34728,0.3493,,0.03055,0.03006,0.03104,0.0,0.0,5,,,0.03501,0.03449,0.03553,0.0,0.0,5,,,
ml1m,FPMC,JS,Steck-b,0.31334,1e-07,0.31334,0.00048,0.31241,0.31427,,,,,,,,,,,,,,,,,,
ml1m,SASRec,CatMRR,BASE,0.52505,0.0,0.52505,0.00133,0.52245,0.52767,,,,,,,,,,,,,,,,,,
ml1m,SASRec,CatMRR,SIT,0.52436,2.4e-06,0.52436,0.00134,0.52173,0.52698,,-0.00069,-0.0012,-0.0002,0.005333,0.0,0,,,-0.00218,-0.00275,-0.00161,0.0,0.0,0,,,
ml1m,SASRec,CatMRR,Steck-b,0.52653,2e-06,0.52654,0.00136,0.52378,0.5292,,,,,,,,,,,,,,,,,,
ml1m,SASRec,CatNDCG,BASE,0.60018,0.0,0.60018,0.00121,0.59792,0.60254,,,,,,,,,,,,,,,,,,
ml1m,SASRec,CatNDCG,SIT,0.5984,3.4e-06,0.5984,0.0012,0.59609,0.60075,,-0.00178,-0.00219,-0.00138,0.0,0.0,0,,,-0.00259,-0.00307,-0.00209,0.0,0.0,0,,,
ml1m,SASRec,CatNDCG,Steck-b,0.60099,1.4e-06,0.60099,0.00117,0.59876,0.60325,,,,,,,,,,,,,,,,,,
ml1m,SASRec,macroCatMRR,BASE,0.34299,0.0,0.34299,0.00262,0.33807,0.34832,,,,,,,,,,,,,,,,,,
ml1m,SASRec,macroCatMRR,SIT,0.34429,2e-06,0.34429,0.00264,0.33925,0.34969,winner,0.0013,0.00056,0.00212,0.0,0.0,5,0.0,***,0.0038,0.00237,0.00534,0.0,0.0,5,0.0,***,
ml1m,SASRec,macroCatMRR,Steck-b,0.34049,2.6e-06,0.34049,0.0026,0.33535,0.34532,,,,,,,,,,,,,,,,,,
ml1m,SASRec,MRR,BASE,0.09301,0.0,0.09301,0.00061,0.0918,0.0942,,,,,,,,,,,,,,,,,,
ml1m,SASRec,MRR,SIT,0.09291,5e-07,0.09291,0.0006,0.09172,0.09408,,-0.0001,-0.00027,7e-05,0.217333,0.0,0,,,-9e-05,-0.00031,0.00011,0.370667,0.0,0,,,
ml1m,SASRec,MRR,Steck-b,0.09301,2.3e-06,0.09301,0.00064,0.09177,0.09427,,,,,,,,,,,,,,,,,,
ml1m,SASRec,HR5,BASE,0.1311,0.0,0.1311,0.00108,0.12902,0.13323,,,,,,,,,,,,,,,,,,
ml1m,SASRec,HR5,SIT,0.13117,8.6e-06,0.13117,0.00108,0.12908,0.13334,,7e-05,-0.00036,0.00053,0.772,5.7e-05,5,,,0.0001,-0.00047,0.00066,0.72,3e-06,5,,,
ml1m,SASRec,HR5,Steck-b,0.13107,4.6e-06,0.13107,0.00107,0.12878,0.13313,,,,,,,,,,,,,,,,,,
ml1m,SASRec,HR10,BASE,0.21411,0.0,0.21411,0.00129,0.21163,0.21662,,,,,,,,,,,,,,,,,,
ml1m,SASRec,HR10,SIT,0.21372,4.6e-06,0.21372,0.0013,0.21126,0.21627,,-0.00039,-0.00085,7e-05,0.097333,0.0,0,,,-0.00063,-0.00123,0.0,0.052,0.0,0,,,
ml1m,SASRec,HR10,Steck-b,0.21435,0.0,0.21435,0.00132,0.21166,0.21688,,,,,,,,,,,,,,,,,,
ml1m,SASRec,HR20,BASE,0.32349,0.0,0.32349,0.00153,0.3206,0.32636,,,,,,,,,,,,,,,,,,
ml1m,SASRec,HR20,SIT,0.32344,1.17e-05,0.32344,0.00152,0.32051,0.32621,,-5e-05,-0.00058,0.00049,0.814667,0.000541,0,,,-0.00051,-0.00113,0.00016,0.149333,0.0,0,,,1
ml1m,SASRec,HR20,Steck-b,0.32395,0.0,0.32395,0.00151,0.3211,0.32701,,,,,,,,,,,,,,,,,,
ml1m,SASRec,NDCG5,BASE,0.08203,0.0,0.08203,0.00071,0.08063,0.08343,,,,,,,,,,,,,,,,,,
ml1m,SASRec,NDCG5,SIT,0.08201,3.5e-06,0.08201,0.0007,0.08063,0.0834,,-2e-05,-0.00024,0.0002,0.848,0.000269,0,,,2e-05,-0.00026,0.00027,0.924,5.1e-05,5,,,
ml1m,SASRec,NDCG5,Steck-b,0.08199,3.3e-06,0.08199,0.00072,0.0806,0.08341,,,,,,,,,,,,,,,,,,
ml1m,SASRec,NDCG10,BASE,0.10873,0.0,0.10873,0.00076,0.10727,0.11018,,,,,,,,,,,,,,,,,,
ml1m,SASRec,NDCG10,SIT,0.10855,1.8e-06,0.10855,0.00076,0.10707,0.11002,,-0.00018,-0.00037,1e-05,0.070667,0.0,0,,,-0.00022,-0.00046,2e-05,0.084,0.0,0,,,
ml1m,SASRec,NDCG10,Steck-b,0.10877,1.7e-06,0.10877,0.00073,0.10735,0.11023,,,,,,,,,,,,,,,,,,
ml1m,SASRec,NDCG20,BASE,0.13629,0.0,0.13629,0.00075,0.13483,0.13781,,,,,,,,,,,,,,,,,,
ml1m,SASRec,NDCG20,SIT,0.13621,2.9e-06,0.13621,0.00075,0.13476,0.13776,,-9e-05,-0.00026,8e-05,0.3,0.0,0,,,-0.00017,-0.0004,4e-05,0.12,0.0,0,,,1
ml1m,SASRec,NDCG20,Steck-b,0.13638,1.7e-06,0.13638,0.00073,0.13494,0.1378,,,,,,,,,,,,,,,,,,
ml1m,SASRec,MRR_u,BASE,0.11859,0.0,0.11859,0.00159,0.11554,0.12177,,,,,,,,,,,,,,,,,,
ml1m,SASRec,MRR_u,SIT,0.11849,1.2e-06,0.11849,0.00159,0.11547,0.12175,,-0.0001,-0.00045,0.00025,0.552,0.0,0,,,-3e-05,-0.00051,0.00045,0.858667,0.022398,1,,,
ml1m,SASRec,MRR_u,Steck-b,0.11852,1.85e-05,0.11853,0.0016,0.11547,0.12148,,,,,,,,,,,,,,,,,,
ml1m,SASRec,HR5_u,BASE,0.17184,0.0,0.17184,0.00268,0.16662,0.17722,,,,,,,,,,,,,,,,,,
ml1m,SASRec,HR5_u,SIT,0.17158,3.14e-05,0.17155,0.00267,0.16633,0.17694,,-0.00026,-0.00113,0.00049,0.516,4.7e-05,0,,,-0.00029,-0.00141,0.00085,0.574667,2.8e-05,0,,,
ml1m,SASRec,HR5_u,Steck-b,0.17186,3.1e-06,0.17187,0.00268,0.16689,0.17732,,,,,,,,,,,,,,,,,,
ml1m,SASRec,HR10_u,BASE,0.27303,0.0,0.27303,0.00336,0.2661,0.27951,,,,,,,,,,,,,,,,,,
ml1m,SASRec,HR10_u,SIT,0.27259,1e-06,0.27259,0.00338,0.26578,0.27908,,-0.00045,-0.00137,0.00056,0.397333,0.0,0,,,-2e-05,-0.0013,0.00132,0.981333,1e-06,0,,,
ml1m,SASRec,HR10_u,Steck-b,0.27261,0.0,0.27261,0.00319,0.26619,0.27874,,,,,,,,,,,,,,,,,,
ml1m,SASRec,HR20_u,BASE,0.39829,0.0,0.39829,0.00367,0.39092,0.40544,,,,,,,,,,,,,,,,,,
ml1m,SASRec,HR20_u,SIT,0.39703,6e-06,0.39703,0.00368,0.38964,0.40419,,-0.00126,-0.0023,-0.0002,0.021333,0.0,0,,,-0.00133,-0.00266,-0.0001,0.036,0.0,0,,,
ml1m,SASRec,HR20_u,Steck-b,0.39836,0.0,0.39836,0.00373,0.39092,0.40584,,,,,,,,,,,,,,,,,,
ml1m,SASRec,NDCG5_u,BASE,0.10877,0.0,0.10877,0.00183,0.10503,0.1124,,,,,,,,,,,,,,,,,,
ml1m,SASRec,NDCG5_u,SIT,0.10868,1.22e-05,0.10867,0.00183,0.10496,0.11232,,-0.0001,-0.00052,0.0003,0.585333,5.4e-05,0,,,-6e-05,-0.00065,0.0005,0.809333,0.000825,0,,,
ml1m,SASRec,NDCG5_u,Steck-b,0.10873,1.47e-05,0.10874,0.00174,0.10543,0.11212,,,,,,,,,,,,,,,,,,
ml1m,SASRec,NDCG10_u,BASE,0.14134,0.0,0.14134,0.00198,0.13756,0.14541,,,,,,,,,,,,,,,,,,
ml1m,SASRec,NDCG10_u,SIT,0.14114,1.1e-06,0.14114,0.00199,0.1373,0.14522,,-0.0002,-0.00059,0.00019,0.350667,0.0,0,,,-2e-05,-0.00053,0.00051,0.953333,0.034558,1,,,
ml1m,SASRec,NDCG10_u,Steck-b,0.14116,1.36e-05,0.14116,0.00191,0.13727,0.1447,,,,,,,,,,,,,,,,,,
ml1m,SASRec,NDCG20_u,BASE,0.17293,0.0,0.17293,0.00202,0.16897,0.17696,,,,,,,,,,,,,,,,,,
ml1m,SASRec,NDCG20_u,SIT,0.17257,9e-07,0.17257,0.00202,0.16858,0.1766,,-0.00037,-0.00071,-1e-05,0.042667,0.0,0,,,-0.00033,-0.0008,0.00013,0.166667,1e-06,0,,,
ml1m,SASRec,NDCG20_u,Steck-b,0.1729,1.37e-05,0.17291,0.0019,0.16926,0.17647,,,,,,,,,,,,,,,,,,
ml1m,SASRec,Coverage,BASE,0.83804,0.0,0.83804,0.0012,0.82945,0.83405,,,,,,,,,,,,,,,,,,
ml1m,SASRec,Coverage,SIT,0.83834,0.0,0.83834,0.00117,0.83037,0.83497,,0.00031,-0.00031,0.00153,0.284,,5,,,-0.00092,-0.00184,0.00061,0.422667,,0,,,
ml1m,SASRec,Coverage,Steck-b,0.83926,0.0,0.83926,0.00119,0.83067,0.83544,,,,,,,,,,,,,,,,,,
ml1m,SASRec,Gini,BASE,0.56993,0.0,0.56993,0.0006,0.56905,0.57134,,,,,,,,,,,,,,,,,,
ml1m,SASRec,Gini,SIT,0.56918,7e-07,0.56918,0.0006,0.56831,0.57064,,-0.00075,-0.00085,-0.00063,0.0,0.0,0,,,0.00083,0.0007,0.00097,0.0,0.0,5,,,
ml1m,SASRec,Gini,Steck-b,0.56835,0.0,0.56835,0.00058,0.56752,0.56977,,,,,,,,,,,,,,,,,,
ml1m,SASRec,LT20,BASE,0.5693,0.0,0.5692999958992004,0.00092,0.56745,0.57117,,,,,,,,,,,,,,,,,,
ml1m,SASRec,LT20,SIT,0.57128,1.6e-06,0.5712900161743164,0.00091,0.56945,0.57315,,0.00198,0.00184,0.00214,0.0,0.0,5,,,-0.00047,-0.00064,-0.0003,0.0,0.0,0,,,
ml1m,SASRec,LT20,Steck-b,0.57176,6e-07,0.5717599987983704,0.00091,0.56993,0.5735,,,,,,,,,,,,,,,,,,
ml1m,SASRec,JS,BASE,0.35719,0.0,0.35719,0.00062,0.35599,0.35845,,,,,,,,,,,,,,,,,,
ml1m,SASRec,JS,SIT,0.36338,1.3e-06,0.36338,0.00063,0.36217,0.36469,,0.00619,0.00602,0.00637,0.0,0.0,5,,,0.01547,0.01525,0.0157,0.0,0.0,5,,,
ml1m,SASRec,JS,Steck-b,0.3479,2e-07,0.3479,0.0006,0.34667,0.34904,,,,,,,,,,,,,,,,,,
nyc_tist,B_blind,CatMRR,BASE,0.28032,0.0,0.28032,0.0026,0.27499,0.28532,,,,,,,,,,,,,,,,,,
nyc_tist,B_blind,CatMRR,SIT,0.334,0.0067665,0.34162,0.00299,0.33541,0.34698,,0.05368,0.05586,0.06637,0.0,5.9e-05,5,,,-0.02073,-0.01994,-0.00872,0.0,0.001448,0,,,
nyc_tist,B_blind,CatMRR,Steck-b,0.35473,0.000963,0.35562,0.00316,0.34936,0.36173,,,,,,,,,,,,,,,,,,
nyc_tist,B_blind,CatNDCG,BASE,0.37804,0.0,0.37804,0.00252,0.37331,0.38331,,,,,,,,,,,,,,,,,,
nyc_tist,B_blind,CatNDCG,SIT,0.41213,0.0064365,0.42,0.00292,0.41436,0.42587,,0.0341,0.03717,0.04669,0.0,0.000291,5,,,-0.00675,-0.00498,0.00607,0.889333,0.096046,1,,,
nyc_tist,B_blind,CatNDCG,Steck-b,0.41888,0.0017221,0.41954,0.00305,0.41372,0.42569,,,,,,,,,,,,,,,,,,
nyc_tist,B_blind,macroCatMRR,BASE,0.22642,0.0,0.22642,0.00191,0.22264,0.23011,,,,,,,,,,,,,,,,,,
nyc_tist,B_blind,macroCatMRR,SIT,0.27151,0.0027332,0.27454,0.00235,0.26971,0.2792,ridondante,0.0451,0.0439,0.0523,0.0,3e-06,5,0.0,***,-0.06365,-0.07511,-0.05536,0.0,3e-06,0,0.0,***,
nyc_tist,B_blind,macroCatMRR,Steck-b,0.33517,0.0056859,0.3398,0.00501,0.33004,0.3495,,,,,,,,,,,,,,,,,,
nyc_tist,B_blind,MRR,BASE,0.02741,0.0,0.02741,0.00095,0.02564,0.02918,,,,,,,,,,,,,,,,,,
nyc_tist,B_blind,MRR,SIT,0.02141,0.0005824,0.02098,0.00077,0.0195,0.02252,,-0.006,-0.00759,-0.00529,0.0,2.1e-05,0,,,0.00232,0.00075,0.00292,0.004,0.000417,5,,,
nyc_tist,B_blind,MRR,Steck-b,0.0191,0.0005283,0.01915,0.00074,0.01771,0.02061,,,,,,,,,,,,,,,,,,
nyc_tist,B_blind,HR5,BASE,0.03582,0.0,0.03582,0.00136,0.03322,0.03858,,,,,,,,,,,,,,,,,,
nyc_tist,B_blind,HR5,SIT,0.02913,0.0006727,0.02921,0.0012,0.027,0.03163,,-0.00669,-0.00876,-0.00452,0.0,2.4e-05,0,,,0.00427,0.00198,0.00638,0.0,0.000205,5,,,
nyc_tist,B_blind,HR5,Steck-b,0.02486,0.0006826,0.02503,0.00115,0.02282,0.02729,,,,,,,,,,,,,,,,,,
nyc_tist,B_blind,HR10,BASE,0.05022,0.0,0.05022,0.00162,0.04706,0.05341,,,,,,,,,,,,,,,,,,
nyc_tist,B_blind,HR10,SIT,0.04524,0.000532,0.04564,0.00157,0.04265,0.04881,,-0.00498,-0.00658,-0.0026,0.0,3.1e-05,0,,,0.00724,0.00531,0.01039,0.0,2.6e-05,5,,,
nyc_tist,B_blind,HR10,Steck-b,0.038,0.0007219,0.03785,0.00138,0.03514,0.0405,,,,,,,,,,,,,,,,,,
nyc_tist,B_blind,HR20,BASE,0.07011,0.0,0.07011,0.00189,0.06638,0.07395,,,,,,,,,,,,,,,,,,
nyc_tist,B_blind,HR20,SIT,0.06576,0.0008029,0.06502,0.00185,0.06152,0.06875,,-0.00435,-0.00746,-0.00279,0.0,0.000266,0,,,0.00932,0.00548,0.0113,0.0,1.1e-05,5,,,0
nyc_tist,B_blind,HR20,Steck-b,0.05643,0.0005374,0.0566,0.00179,0.0533,0.06022,,,,,,,,,,,,,,,,,,
nyc_tist,B_blind,NDCG5,BASE,0.02486,0.0,0.02486,0.001,0.02289,0.02686,,,,,,,,,,,,,,,,,,
nyc_tist,B_blind,NDCG5,SIT,0.01838,0.0006102,0.01811,0.00085,0.01649,0.01976,,-0.00648,-0.00808,-0.00551,0.0,1.9e-05,0,,,0.00231,0.00063,0.00326,0.002667,0.00056,5,,,
nyc_tist,B_blind,NDCG5,Steck-b,0.01608,0.0005563,0.01617,0.0008,0.01464,0.01778,,,,,,,,,,,,,,,,,,
nyc_tist,B_blind,NDCG10,BASE,0.0295,0.0,0.0295,0.00106,0.02738,0.03157,,,,,,,,,,,,,,,,,,
nyc_tist,B_blind,NDCG10,SIT,0.02361,0.0005154,0.02342,0.00089,0.02163,0.02514,,-0.00589,-0.0073,-0.00487,0.0,1.4e-05,0,,,0.00331,0.00182,0.0044,0.0,6.4e-05,5,,,
nyc_tist,B_blind,NDCG10,Steck-b,0.02029,0.0005671,0.02029,0.00084,0.01872,0.02198,,,,,,,,,,,,,,,,,,
nyc_tist,B_blind,NDCG20,BASE,0.03452,0.0,0.03452,0.00107,0.03245,0.03662,,,,,,,,,,,,,,,,,,
nyc_tist,B_blind,NDCG20,SIT,0.02877,0.0006169,0.02828,0.00092,0.02658,0.03017,,-0.00575,-0.00731,-0.00516,0.0,3.1e-05,0,,,0.00384,0.00203,0.00454,0.0,6.3e-05,5,,,0
nyc_tist,B_blind,NDCG20,Steck-b,0.02492,0.0004889,0.02501,0.0009,0.02328,0.02679,,,,,,,,,,,,,,,,,,
nyc_tist,B_blind,MRR_u,BASE,0.03718,0.0,0.03718,0.00159,0.03438,0.04039,,,,,,,,,,,,,,,,,,
nyc_tist,B_blind,MRR_u,SIT,0.02909,0.0007782,0.02849,0.00124,0.0261,0.03092,,-0.00809,-0.01049,-0.00704,0.0,2e-05,0,,,0.00424,0.00151,0.00528,0.0,0.000349,5,,,
nyc_tist,B_blind,MRR_u,Steck-b,0.02485,0.0006836,0.02508,0.00125,0.02265,0.02744,,,,,,,,,,,,,,,,,,
nyc_tist,B_blind,HR5_u,BASE,0.05143,0.0,0.05143,0.00233,0.0467,0.05591,,,,,,,,,,,,,,,,,,
nyc_tist,B_blind,HR5_u,SIT,0.04038,0.0005086,0.04036,0.00203,0.03649,0.04434,,-0.01105,-0.01445,-0.00786,0.0,1e-06,0,,,0.00737,0.00344,0.01083,0.0,5.3e-05,5,,,
nyc_tist,B_blind,HR5_u,Steck-b,0.03301,0.0008426,0.03313,0.00192,0.02943,0.03694,,,,,,,,,,,,,,,,,,
nyc_tist,B_blind,HR10_u,BASE,0.06839,0.0,0.06839,0.00269,0.06331,0.07363,,,,,,,,,,,,,,,,,,
nyc_tist,B_blind,HR10_u,SIT,0.06235,0.0006017,0.06263,0.0025,0.05795,0.06756,,-0.00604,-0.0088,-0.00263,0.0,2.3e-05,0,,,0.01225,0.00857,0.01665,0.0,4e-06,5,,,
nyc_tist,B_blind,HR10_u,Steck-b,0.0501,0.0006673,0.04997,0.00228,0.04545,0.05448,,,,,,,,,,,,,,,,,,
nyc_tist,B_blind,HR20_u,BASE,0.09373,0.0,0.09373,0.00311,0.08806,0.09987,,,,,,,,,,,,,,,,,,
nyc_tist,B_blind,HR20_u,SIT,0.08919,0.0009495,0.08859,0.00296,0.08272,0.09441,,-0.00454,-0.00869,-0.00159,0.005333,0.000433,0,,,0.0152,0.00986,0.01884,0.0,3e-06,5,,,
nyc_tist,B_blind,HR20_u,Steck-b,0.07399,0.0007319,0.07424,0.00285,0.06895,0.07984,,,,,,,,,,,,,,,,,,
nyc_tist,B_blind,NDCG5_u,BASE,0.03517,0.0,0.03517,0.00172,0.03202,0.0387,,,,,,,,,,,,,,,,,,
nyc_tist,B_blind,NDCG5_u,SIT,0.02565,0.0007148,0.02521,0.00141,0.02249,0.02802,,-0.00951,-0.01213,-0.00782,0.0,8e-06,0,,,0.00427,0.00122,0.00583,0.001333,0.000291,5,,,
nyc_tist,B_blind,NDCG5_u,Steck-b,0.02138,0.0007143,0.02158,0.00136,0.0189,0.02421,,,,,,,,,,,,,,,,,,
nyc_tist,B_blind,NDCG10_u,BASE,0.04065,0.0,0.04065,0.00182,0.03721,0.04412,,,,,,,,,,,,,,,,,,
nyc_tist,B_blind,NDCG10_u,SIT,0.03278,0.0006385,0.03242,0.00152,0.02948,0.03539,,-0.00787,-0.01015,-0.00635,0.0,1e-05,0,,,0.00592,0.00317,0.00774,0.0,4.6e-05,5,,,
nyc_tist,B_blind,NDCG10_u,Steck-b,0.02686,0.0006387,0.02699,0.00144,0.02437,0.02997,,,,,,,,,,,,,,,,,,
nyc_tist,B_blind,NDCG20_u,BASE,0.04704,0.0,0.04704,0.00179,0.04363,0.05048,,,,,,,,,,,,,,,,,,
nyc_tist,B_blind,NDCG20_u,SIT,0.03955,0.0007916,0.03896,0.00151,0.03608,0.04191,,-0.00749,-0.00982,-0.00633,0.0,3e-05,0,,,0.00667,0.00373,0.00789,0.0,3.6e-05,5,,,
nyc_tist,B_blind,NDCG20_u,Steck-b,0.03288,0.0006155,0.03312,0.00148,0.03025,0.03599,,,,,,,,,,,,,,,,,,
nyc_tist,B_blind,Coverage,BASE,0.18661,0.0,0.18661,0.00011,0.1861,0.18661,,,,,,,,,,,,,,,,,,
nyc_tist,B_blind,Coverage,SIT,0.28573,0.01114,0.28894,0.00041,0.2873,0.28894,,0.09912,0.10083,0.10233,0.0,3.8e-05,5,,,-0.05473,-0.05317,-0.05041,0.0,5.2e-05,0,,,
nyc_tist,B_blind,Coverage,Steck-b,0.34046,0.0051451,0.34136,0.00057,0.33885,0.34111,,,,,,,,,,,,,,,,,,
nyc_tist,B_blind,Gini,BASE,0.97314,0.0,0.97314,0.00021,0.97281,0.97362,,,,,,,,,,,,,,,,,,
nyc_tist,B_blind,Gini,SIT,0.95062,0.0026532,0.94912,0.00034,0.9486,0.94993,,-0.02252,-0.02434,-0.02355,0.0,4.5e-05,0,,,0.02208,0.02014,0.0212,0.0,2.5e-05,5,,,
nyc_tist,B_blind,Gini,Steck-b,0.92854,0.002587,0.9284,0.00042,0.9278,0.92938,,,,,,,,,,,,,,,,,,
nyc_tist,B_blind,LT20,BASE,0.01588,0.0,0.015879999846220016,0.00042,0.01503,0.01672,,,,,,,,,,,,,,,,,,
nyc_tist,B_blind,LT20,SIT,0.03371,0.0017994,0.03505000099539757,0.00065,0.03378,0.03631,,0.01783,0.0183,0.02006,0.0,2.5e-05,5,,,-0.02996,-0.03008,-0.02742,0.0,1.8e-05,0,,,
nyc_tist,B_blind,LT20,Steck-b,0.06367,0.003724,0.06378000229597092,0.00088,0.06209,0.06553,,,,,,,,,,,,,,,,,,
nyc_tist,B_blind,JS,BASE,0.33882,0.0,0.33882,0.00125,0.33646,0.34124,,,,,,,,,,,,,,,,,,
nyc_tist,B_blind,JS,SIT,0.34501,0.0060586,0.33576,0.00126,0.33327,0.3382,,0.00619,-0.00555,-0.0006,0.012,0.084518,4,,,0.12936,0.1182,0.12327,0.0,1e-06,5,,,
nyc_tist,B_blind,JS,Steck-b,0.21565,0.0009029,0.21495,0.00084,0.21334,0.21671,,,,,,,,,,,,,,,,,,
nyc_tist,B_full,CatMRR,BASE,0.38804,0.0020665,0.39011,0.00308,0.384,0.39616,,,,,,,,,,,,,,,,,,
nyc_tist,B_full,CatMRR,SIT,0.40061,0.0048053,0.407,0.00321,0.40096,0.41336,,0.01256,0.01318,0.02078,0.0,0.000602,5,,,0.0009,0.00126,0.00858,0.013333,0.524915,3,,,
nyc_tist,B_full,CatMRR,Steck-b,0.39971,0.00221,0.4021,0.00324,0.3961,0.40899,,,,,,,,,,,,,,,,,,
nyc_tist,B_full,CatNDCG,BASE,0.46187,0.0026979,0.46466,0.003,0.45875,0.47063,,,,,,,,,,,,,,,,,,
nyc_tist,B_full,CatNDCG,SIT,0.46422,0.003189,0.46885,0.00304,0.46316,0.47485,,0.00236,0.0008,0.00766,0.022667,0.183146,3,,,0.00692,0.00094,0.00806,0.010667,0.000991,5,,,
nyc_tist,B_full,CatNDCG,Steck-b,0.45731,0.0042618,0.46427,0.00303,0.45833,0.47021,,,,,,,,,,,,,,,,,,
nyc_tist,B_full,macroCatMRR,BASE,0.35127,0.0022189,0.35293,0.00412,0.3449,0.36133,,,,,,,,,,,,,,,,,,
nyc_tist,B_full,macroCatMRR,SIT,0.35874,0.0024876,0.36176,0.00432,0.35335,0.37065,ridondante,0.00747,0.00479,0.01281,0.0,0.000144,5,0.0,***,-0.02003,-0.01812,-0.00738,0.0,0.001791,0,0.0,***,
nyc_tist,B_full,macroCatMRR,Steck-b,0.37878,0.0037378,0.3744,0.00464,0.36542,0.38348,,,,,,,,,,,,,,,,,,
nyc_tist,B_full,MRR,BASE,0.02388,0.0002641,0.02387,0.00083,0.02224,0.02554,,,,,,,,,,,,,,,,,,
nyc_tist,B_full,MRR,SIT,0.022,0.0008952,0.02081,0.00075,0.01932,0.02231,,-0.00188,-0.0038,-0.00235,0.0,0.009988,0,,,0.00076,-0.00166,-0.00024,0.009333,0.196074,4,,,
nyc_tist,B_full,MRR,Steck-b,0.02125,0.0006345,0.02176,0.00079,0.02026,0.02332,,,,,,,,,,,,,,,,,,
nyc_tist,B_full,HR5,BASE,0.03278,0.0008682,0.03395,0.00135,0.03135,0.03664,,,,,,,,,,,,,,,,,,
nyc_tist,B_full,HR5,SIT,0.03009,0.0011139,0.02921,0.00127,0.02678,0.03175,,-0.00269,-0.00633,-0.00311,0.0,0.029956,0,,,0.00116,-0.00232,0.00062,0.269333,0.140094,4,,,
nyc_tist,B_full,HR5,Steck-b,0.02892,0.0010703,0.03011,0.00131,0.02762,0.03268,,,,,,,,,,,,,,,,,,
nyc_tist,B_full,HR10,BASE,0.04777,0.0011471,0.04836,0.00163,0.04531,0.05163,,,,,,,,,,,,,,,,,,
nyc_tist,B_full,HR10,SIT,0.04358,0.0017105,0.04226,0.00154,0.03937,0.04531,,-0.00419,-0.00802,-0.00429,0.0,0.014483,0,,,0.00175,-0.00198,0.00141,0.864,0.076536,4,,,
nyc_tist,B_full,HR10,Steck-b,0.04183,0.0009708,0.04248,0.00151,0.03954,0.04542,,,,,,,,,,,,,,,,,,
nyc_tist,B_full,HR20,BASE,0.06933,0.0015452,0.06965,0.00197,0.06598,0.07338,,,,,,,,,,,,,,,,,,
nyc_tist,B_full,HR20,SIT,0.06377,0.0024876,0.0618,0.00188,0.05819,0.06553,,-0.00556,-0.00989,-0.00559,0.0,0.011672,0,,,0.0032,-0.00299,0.00102,0.362667,0.075415,4,,,0
nyc_tist,B_full,HR20,Steck-b,0.06057,0.0015338,0.0627,0.0018,0.05903,0.06604,,,,,,,,,,,,,,,,,,
nyc_tist,B_full,NDCG5,BASE,0.0214,0.0003279,0.02173,0.0009,0.01995,0.02352,,,,,,,,,,,,,,,,,,
nyc_tist,B_full,NDCG5,SIT,0.01955,0.0008571,0.01849,0.00081,0.01689,0.02008,,-0.00184,-0.0041,-0.00238,0.0,0.018959,0,,,0.00066,-0.00185,-0.00014,0.030667,0.221522,4,,,
nyc_tist,B_full,NDCG5,Steck-b,0.01889,0.0006194,0.01949,0.00089,0.01783,0.02128,,,,,,,,,,,,,,,,,,
nyc_tist,B_full,NDCG10,BASE,0.02623,0.0004275,0.02636,0.00097,0.02462,0.02827,,,,,,,,,,,,,,,,,,
nyc_tist,B_full,NDCG10,SIT,0.02388,0.0009946,0.02266,0.00089,0.02089,0.02443,,-0.00234,-0.00459,-0.00286,0.0,0.011625,0,,,0.00084,-0.0016,7e-05,0.076,0.164883,4,,,
nyc_tist,B_full,NDCG10,Steck-b,0.02304,0.0006062,0.02345,0.00094,0.02157,0.02515,,,,,,,,,,,,,,,,,,
nyc_tist,B_full,NDCG20,BASE,0.03165,0.0004882,0.03171,0.00102,0.0298,0.03386,,,,,,,,,,,,,,,,,,
nyc_tist,B_full,NDCG20,SIT,0.02896,0.0011773,0.02759,0.00094,0.02585,0.0295,,-0.00269,-0.00491,-0.00333,0.0,0.00995,0,,,0.0012,-0.00179,-0.00018,0.021333,0.135238,4,,,1
nyc_tist,B_full,NDCG20,Steck-b,0.02776,0.000722,0.02853,0.00095,0.02673,0.03045,,,,,,,,,,,,,,,,,,
nyc_tist,B_full,MRR_u,BASE,0.03119,0.000241,0.03129,0.00136,0.02876,0.03406,,,,,,,,,,,,,,,,,,
nyc_tist,B_full,MRR_u,SIT,0.02892,0.0012507,0.02725,0.00123,0.02496,0.02977,,-0.00227,-0.00516,-0.00298,0.0,0.017084,0,,,0.00088,-0.00265,-0.00038,0.005333,0.272016,4,,,
nyc_tist,B_full,MRR_u,Steck-b,0.02805,0.000888,0.02875,0.0013,0.0263,0.03128,,,,,,,,,,,,,,,,,,
nyc_tist,B_full,HR5_u,BASE,0.04429,0.0014177,0.04657,0.0022,0.04253,0.05088,,,,,,,,,,,,,,,,,,
nyc_tist,B_full,HR5_u,SIT,0.0406,0.0016353,0.0395,0.002,0.03571,0.04348,,-0.00369,-0.0098,-0.00456,0.0,0.035691,0,,,0.00116,-0.00401,0.00115,0.292,0.23231,3,,,
nyc_tist,B_full,HR5_u,Steck-b,0.03944,0.0015438,0.0409,0.00209,0.03687,0.04476,,,,,,,,,,,,,,,,,,
nyc_tist,B_full,HR10_u,BASE,0.06449,0.0016857,0.06517,0.00263,0.06002,0.07009,,,,,,,,,,,,,,,,,,
nyc_tist,B_full,HR10_u,SIT,0.05883,0.0025699,0.05692,0.00243,0.0521,0.06165,,-0.00565,-0.01106,-0.00542,0.0,0.023358,0,,,0.00246,-0.00322,0.00209,0.712,0.132648,4,,,
nyc_tist,B_full,HR10_u,Steck-b,0.05638,0.0016344,0.05749,0.00254,0.05264,0.06237,,,,,,,,,,,,,,,,,,
nyc_tist,B_full,HR20_u,BASE,0.09211,0.0021397,0.09248,0.00306,0.08667,0.09875,,,,,,,,,,,,,,,,,,
nyc_tist,B_full,HR20_u,SIT,0.08451,0.0032915,0.08141,0.00285,0.07608,0.08737,,-0.0076,-0.01402,-0.00799,0.0,0.00994,0,,,0.00461,-0.00435,0.00169,0.394667,0.072279,4,,,
nyc_tist,B_full,HR20_u,Steck-b,0.0799,0.0021004,0.08272,0.00298,0.07698,0.08869,,,,,,,,,,,,,,,,,,
nyc_tist,B_full,NDCG5_u,BASE,0.02859,0.0005205,0.02942,0.00152,0.02648,0.03253,,,,,,,,,,,,,,,,,,
nyc_tist,B_full,NDCG5_u,SIT,0.02628,0.001213,0.02485,0.0014,0.02218,0.02762,,-0.00232,-0.00609,-0.00319,0.0,0.031257,0,,,0.00066,-0.00301,-0.00018,0.022667,0.361543,4,,,
nyc_tist,B_full,NDCG5_u,Steck-b,0.02562,0.0009351,0.02641,0.00144,0.0236,0.02925,,,,,,,,,,,,,,,,,,
nyc_tist,B_full,NDCG10_u,BASE,0.03511,0.0005648,0.03538,0.00156,0.03237,0.03838,,,,,,,,,,,,,,,,,,
nyc_tist,B_full,NDCG10_u,SIT,0.03214,0.001449,0.03044,0.0014,0.02777,0.03329,,-0.00298,-0.00617,-0.00361,0.0,0.018995,0,,,0.00107,-0.00254,-6e-05,0.042667,0.237912,4,,,
nyc_tist,B_full,NDCG10_u,Steck-b,0.03107,0.0009752,0.0317,0.00149,0.02885,0.03459,,,,,,,,,,,,,,,,,,
nyc_tist,B_full,NDCG20_u,BASE,0.04207,0.0006614,0.04225,0.0016,0.03908,0.04536,,,,,,,,,,,,,,,,,,
nyc_tist,B_full,NDCG20_u,SIT,0.0386,0.0016189,0.03662,0.00146,0.03365,0.03949,,-0.00347,-0.00691,-0.00435,0.0,0.012439,0,,,0.0016,-0.00268,-0.00017,0.021333,0.156462,4,,,
nyc_tist,B_full,NDCG20_u,Steck-b,0.037,0.0010365,0.03807,0.00163,0.03495,0.04119,,,,,,,,,,,,,,,,,,
nyc_tist,B_full,Coverage,BASE,0.45252,0.0067961,0.45247,0.00248,0.42262,0.43254,,,,,,,,,,,,,,,,,,
nyc_tist,B_full,Coverage,SIT,0.49651,0.022525,0.51768,0.0025,0.48282,0.49285,,0.04399,0.05493,0.06571,0.0,0.008769,5,,,-0.03296,-0.00326,0.00627,0.581333,0.042629,1,,,
nyc_tist,B_full,Coverage,Steck-b,0.52947,0.0181845,0.51191,0.0023,0.48207,0.49085,,,,,,,,,,,,,,,,,,
nyc_tist,B_full,Gini,BASE,0.93555,0.0014177,0.93512,0.00035,0.93471,0.93611,,,,,,,,,,,,,,,,,,
nyc_tist,B_full,Gini,SIT,0.92173,0.007307,0.9152,0.00044,0.91468,0.91645,,-0.01382,-0.02037,-0.0193,0.0,0.011735,0,,,0.01234,-0.00046,0.00062,0.696,0.025138,5,,,
nyc_tist,B_full,Gini,Steck-b,0.90939,0.0066075,0.91508,0.00044,0.91461,0.91631,,,,,,,,,,,,,,,,,,
nyc_tist,B_full,LT20,BASE,0.12881,0.0039621,0.12894999980926514,0.00109,0.12688,0.13108,,,,,,,,,,,,,,,,,,
nyc_tist,B_full,LT20,SIT,0.1531,0.0134013,0.16524000465869904,0.00128,0.16266,0.16779,,0.02429,0.03489,0.03768,0.0,0.010434,5,,,-0.01796,0.00306,0.00565,0.0,0.044801,1,,,
nyc_tist,B_full,LT20,Steck-b,0.17105,0.0121816,0.1608700007200241,0.00123,0.15845,0.16341,,,,,,,,,,,,,,,,,,
nyc_tist,B_full,JS,BASE,0.31284,0.0034956,0.31299,0.00119,0.31066,0.31531,,,,,,,,,,,,,,,,,,
nyc_tist,B_full,JS,SIT,0.33117,0.0097927,0.33216,0.00126,0.32971,0.33454,,0.01833,0.01729,0.0212,0.0,0.024683,5,,,0.05414,0.0525,0.05681,0.0,0.000566,5,,,
nyc_tist,B_full,JS,Steck-b,0.27702,0.0035349,0.27746,0.00106,0.27534,0.27947,,,,,,,,,,,,,,,,,,
nyc_tist,EASE,CatMRR,BASE,0.27041,0.0,0.27041,0.00266,0.26507,0.27554,,,,,,,,,,,,,,,,,,
nyc_tist,EASE,CatMRR,SIT,0.31021,0.0072013,0.31935,0.00329,0.31292,0.32606,,0.0398,0.04207,0.05643,0.0,0.000246,5,,,-0.00412,-0.00242,0.01169,0.22,0.271995,2,,,
nyc_tist,EASE,CatMRR,Steck-b,0.31433,0.0004265,0.31481,0.00328,0.30858,0.32138,,,,,,,,,,,,,,,,,,
nyc_tist,EASE,CatNDCG,BASE,0.36138,0.0,0.36138,0.00255,0.35647,0.36624,,,,,,,,,,,,,,,,,,
nyc_tist,EASE,CatNDCG,SIT,0.33987,0.0093104,0.34437,0.00327,0.33751,0.35052,,-0.02151,-0.02439,-0.01027,0.0,0.006665,0,,,-0.00968,-0.01256,0.00176,0.128,0.093969,1,,,
nyc_tist,EASE,CatNDCG,Steck-b,0.34954,0.0020763,0.34984,0.00319,0.34389,0.35632,,,,,,,,,,,,,,,,,,
nyc_tist,EASE,macroCatMRR,BASE,0.21306,0.0,0.21306,0.00159,0.21019,0.21628,,,,,,,,,,,,,,,,,,
nyc_tist,EASE,macroCatMRR,SIT,0.24749,0.004763,0.24684,0.00298,0.24102,0.25267,ridondante,0.03442,0.0276,0.03999,0.0,8.6e-05,5,0.0,***,-0.08194,-0.09631,-0.07401,0.0,4e-06,0,0.0,***,
nyc_tist,EASE,macroCatMRR,Steck-b,0.32943,0.0044788,0.33217,0.00546,0.32081,0.34327,,,,,,,,,,,,,,,,,,
nyc_tist,EASE,MRR,BASE,0.0262,0.0,0.0262,0.0009,0.02451,0.02801,,,,,,,,,,,,,,,,,,
nyc_tist,EASE,MRR,SIT,0.01573,0.0018998,0.01472,0.00067,0.01343,0.01606,,-0.01047,-0.0131,-0.00985,0.0,0.000249,0,,,-0.00061,-0.00327,-0.00071,0.0,0.542797,1,,,
nyc_tist,EASE,MRR,Steck-b,0.01634,0.000447,0.0167,0.00076,0.0152,0.01815,,,,,,,,,,,,,,,,,,
nyc_tist,EASE,HR5,BASE,0.03494,0.0,0.03494,0.00141,0.03237,0.03777,,,,,,,,,,,,,,,,,,
nyc_tist,EASE,HR5,SIT,0.01985,0.0025008,0.0183,0.00098,0.01638,0.02025,,-0.01509,-0.01928,-0.01407,0.0,0.000175,0,,,-0.00151,-0.0052,-0.00096,0.005333,0.264564,1,,,
nyc_tist,EASE,HR5,Steck-b,0.02136,0.0003756,0.02147,0.00109,0.01935,0.02361,,,,,,,,,,,,,,,,,,
nyc_tist,EASE,HR10,BASE,0.05028,0.0,0.05028,0.00168,0.04689,0.05361,,,,,,,,,,,,,,,,,,
nyc_tist,EASE,HR10,SIT,0.02931,0.003879,0.0276,0.00122,0.02529,0.02994,,-0.02096,-0.02592,-0.01966,0.0,0.000269,0,,,-0.00055,-0.00507,-1e-05,0.050667,0.784699,1,,,
nyc_tist,EASE,HR10,Steck-b,0.02986,0.0007219,0.03011,0.00129,0.02762,0.0326,,,,,,,,,,,,,,,,,,
nyc_tist,EASE,HR20,BASE,0.07073,0.0,0.07073,0.00198,0.06689,0.07461,,,,,,,,,,,,,,,,,,
nyc_tist,EASE,HR20,SIT,0.04218,0.0046183,0.04014,0.00148,0.03726,0.04302,,-0.02854,-0.03443,-0.02686,0.0,0.000159,0,,,-0.00113,-0.00667,-0.00068,0.02,0.6446,1,,,0
nyc_tist,EASE,HR20,Steck-b,0.04331,0.0007541,0.04381,0.00153,0.04101,0.04707,,,,,,,,,,,,,,,,,,
nyc_tist,EASE,NDCG5,BASE,0.02368,0.0,0.02368,0.001,0.02166,0.02567,,,,,,,,,,,,,,,,,,
nyc_tist,EASE,NDCG5,SIT,0.01375,0.0018229,0.01268,0.00074,0.01131,0.0142,,-0.00993,-0.01281,-0.00923,0.0,0.000261,0,,,-0.00086,-0.00368,-0.00082,0.001333,0.37417,1,,,
nyc_tist,EASE,NDCG5,Steck-b,0.01462,0.0003775,0.01491,0.00078,0.01334,0.01649,,,,,,,,,,,,,,,,,,
nyc_tist,EASE,NDCG10,BASE,0.02859,0.0,0.02859,0.001,0.0267,0.03066,,,,,,,,,,,,,,,,,,
nyc_tist,EASE,NDCG10,SIT,0.01679,0.0022427,0.01567,0.00073,0.01424,0.01707,,-0.0118,-0.01476,-0.01113,0.0,0.000298,0,,,-0.00056,-0.00368,-0.00052,0.001333,0.629871,1,,,
nyc_tist,EASE,NDCG10,Steck-b,0.01735,0.0004874,0.01768,0.00086,0.0161,0.0195,,,,,,,,,,,,,,,,,,
nyc_tist,EASE,NDCG20,BASE,0.03371,0.0,0.03371,0.0011,0.03154,0.03585,,,,,,,,,,,,,,,,,,
nyc_tist,EASE,NDCG20,SIT,0.02003,0.0024198,0.01883,0.00079,0.01735,0.02043,,-0.01369,-0.01683,-0.01297,0.0,0.000225,0,,,-0.0007,-0.00387,-0.00069,0.002667,0.585116,1,,,0
nyc_tist,EASE,NDCG20,Steck-b,0.02072,0.0004888,0.02112,0.00085,0.01942,0.02272,,,,,,,,,,,,,,,,,,
nyc_tist,EASE,MRR_u,BASE,0.03425,0.0,0.03425,0.0014,0.03149,0.03707,,,,,,,,,,,,,,,,,,
nyc_tist,EASE,MRR_u,SIT,0.02022,0.0022612,0.0189,0.00104,0.01689,0.02095,,-0.01403,-0.01787,-0.01288,0.0,0.000156,0,,,0.00026,-0.00369,0.00048,0.110667,0.831143,2,,,
nyc_tist,EASE,MRR_u,Steck-b,0.01996,0.0006461,0.02059,0.00115,0.01842,0.02294,,,,,,,,,,,,,,,,,,
nyc_tist,EASE,HR5_u,BASE,0.04693,0.0,0.04693,0.00224,0.04269,0.05143,,,,,,,,,,,,,,,,,,
nyc_tist,EASE,HR5_u,SIT,0.02601,0.0029082,0.02409,0.00158,0.02101,0.02737,,-0.02092,-0.02714,-0.01872,0.0,8.7e-05,0,,,-0.00054,-0.00598,0.00082,0.121333,0.735889,1,,,
nyc_tist,EASE,HR5_u,Steck-b,0.02655,0.0006584,0.02688,0.00166,0.02344,0.03017,,,,,,,,,,,,,,,,,,
nyc_tist,EASE,HR10_u,BASE,0.0682,0.0,0.0682,0.00273,0.06297,0.07367,,,,,,,,,,,,,,,,,,
nyc_tist,EASE,HR10_u,SIT,0.03805,0.0047097,0.03573,0.00185,0.03228,0.03959,,-0.03015,-0.03764,-0.02749,0.0,0.000138,0,,,0.00125,-0.00548,0.0023,0.405333,0.626382,1,,,
nyc_tist,EASE,HR10_u,Steck-b,0.0368,0.0010814,0.03742,0.00195,0.03368,0.04118,,,,,,,,,,,,,,,,,,
nyc_tist,EASE,HR20_u,BASE,0.09495,0.0,0.09495,0.00309,0.08877,0.10088,,,,,,,,,,,,,,,,,,
nyc_tist,EASE,HR20_u,SIT,0.05285,0.0055872,0.05031,0.0022,0.04614,0.0548,,-0.0421,-0.05061,-0.03851,0.0,7.3e-05,0,,,0.0006,-0.00741,0.00197,0.256,0.841156,1,,,
nyc_tist,EASE,HR20_u,Steck-b,0.05225,0.0010067,0.05308,0.00234,0.04857,0.05778,,,,,,,,,,,,,,,,,,
nyc_tist,EASE,NDCG5_u,BASE,0.03141,0.0,0.03141,0.00161,0.02828,0.03472,,,,,,,,,,,,,,,,,,
nyc_tist,EASE,NDCG5_u,SIT,0.01818,0.0021501,0.01679,0.00119,0.01454,0.0192,,-0.01323,-0.01745,-0.01172,0.0,0.000162,0,,,-5e-05,-0.00432,0.00041,0.101333,0.966321,1,,,
nyc_tist,EASE,NDCG5_u,Steck-b,0.01823,0.000601,0.01877,0.00126,0.01623,0.02115,,,,,,,,,,,,,,,,,,
nyc_tist,EASE,NDCG10_u,BASE,0.03824,0.0,0.03824,0.00164,0.03531,0.04148,,,,,,,,,,,,,,,,,,
nyc_tist,EASE,NDCG10_u,SIT,0.02204,0.0026951,0.02052,0.0012,0.01827,0.02285,,-0.0162,-0.02068,-0.01469,0.0,0.000177,0,,,0.00051,-0.00414,0.00076,0.222667,0.72874,1,,,
nyc_tist,EASE,NDCG10_u,Steck-b,0.02153,0.0007344,0.02216,0.00129,0.01968,0.0247,,,,,,,,,,,,,,,,,,
nyc_tist,EASE,NDCG20_u,BASE,0.04494,0.0,0.04494,0.00168,0.04166,0.04819,,,,,,,,,,,,,,,,,,
nyc_tist,EASE,NDCG20_u,SIT,0.02577,0.0029035,0.0242,0.00124,0.02176,0.02676,,-0.01917,-0.02373,-0.01778,0.0,0.000122,0,,,0.00037,-0.00439,0.00053,0.130667,0.813825,1,,,
nyc_tist,EASE,NDCG20_u,Steck-b,0.0254,0.000709,0.02608,0.00129,0.02354,0.02851,,,,,,,,,,,,,,,,,,
nyc_tist,EASE,Coverage,BASE,0.20943,0.0,0.20943,0.00153,0.2004,0.20642,,,,,,,,,,,,,,,,,,
nyc_tist,EASE,Coverage,SIT,0.54618,0.055127,0.56509,0.00252,0.54427,0.55393,,0.33674,0.34011,0.35064,0.0,0.000166,5,,,0.01425,0.02244,0.03486,0.0,0.594377,4,,,
nyc_tist,EASE,Coverage,Steck-b,0.53193,0.0016769,0.53198,0.00245,0.51543,0.52496,,,,,,,,,,,,,,,,,,
nyc_tist,EASE,Gini,BASE,0.9813,0.0,0.9813,0.00012,0.98114,0.9816,,,,,,,,,,,,,,,,,,
nyc_tist,EASE,Gini,SIT,0.90721,0.0149699,0.90264,0.00049,0.90217,0.90411,,-0.07409,-0.07908,-0.07738,0.0,0.000379,0,,,0.00655,0.00096,0.00278,0.0,0.393718,3,,,
nyc_tist,EASE,Gini,Steck-b,0.90066,0.0014972,0.90083,0.00053,0.90026,0.90236,,,,,,,,,,,,,,,,,,
nyc_tist,EASE,LT20,BASE,0.01013,0.0,0.010130000300705433,0.00031,0.00951,0.01073,,,,,,,,,,,,,,,,,,
nyc_tist,EASE,LT20,SIT,0.08812,0.0130027,0.08914999663829803,0.00102,0.0872,0.09127,,0.07799,0.07727,0.08094,0.0,0.000179,5,,,-0.0843,-0.08704,-0.0796,0.0,0.000165,0,,,
nyc_tist,EASE,LT20,Steck-b,0.17242,0.0042567,0.17262999713420868,0.00178,0.16898,0.176,,,,,,,,,,,,,,,,,,
nyc_tist,EASE,JS,BASE,0.35986,0.0,0.35986,0.00112,0.35767,0.36219,,,,,,,,,,,,,,,,,,
nyc_tist,EASE,JS,SIT,0.50046,0.0247973,0.49568,0.00177,0.49237,0.49919,,0.14061,0.13201,0.13996,0.0,0.000223,5,,,0.15607,0.14742,0.15548,0.0,0.000181,5,,,
nyc_tist,EASE,JS,Steck-b,0.34439,0.0058337,0.34418,0.00145,0.34123,0.34701,,,,,,,,,,,,,,,,,,
nyc_tist,DeepFM,CatMRR,BASE,0.298,0.0,0.298,0.00301,0.29203,0.30402,,,,,,,,,,,,,,,,,,
nyc_tist,DeepFM,CatMRR,SIT,0.31077,0.0033691,0.31333,0.00346,0.30692,0.32004,,0.01277,0.00818,0.02217,0.0,0.001061,5,,,-0.02161,-0.02645,-0.0127,0.0,1.8e-05,0,,,
nyc_tist,DeepFM,CatMRR,Steck-b,0.33238,0.0022087,0.33296,0.00331,0.32657,0.33953,,,,,,,,,,,,,,,,,,
nyc_tist,DeepFM,CatNDCG,BASE,0.34267,0.0,0.34267,0.00313,0.33646,0.34878,,,,,,,,,,,,,,,,,,
nyc_tist,DeepFM,CatNDCG,SIT,0.33998,0.0073614,0.32691,0.00335,0.32038,0.33348,,-0.00269,-0.02297,-0.00848,0.0,0.460315,3,,,-0.02116,-0.04089,-0.02728,0.0,0.004073,0,,,
nyc_tist,DeepFM,CatNDCG,Steck-b,0.36115,0.0039337,0.36091,0.00342,0.35429,0.36746,,,,,,,,,,,,,,,,,,
nyc_tist,DeepFM,macroCatMRR,BASE,0.29197,0.0,0.29197,0.00424,0.28389,0.30047,,,,,,,,,,,,,,,,,,
nyc_tist,DeepFM,macroCatMRR,SIT,0.29016,0.0116545,0.26948,0.0042,0.26139,0.27789,nullo,-0.00181,-0.0307,-0.01381,0.0,0.745435,4,0.0,***,-0.06905,-0.10463,-0.08137,0.0,0.000362,0,0.0,***,
nyc_tist,DeepFM,macroCatMRR,Steck-b,0.3592,0.0027991,0.3624,0.00557,0.35166,0.37369,,,,,,,,,,,,,,,,,,
nyc_tist,DeepFM,MRR,BASE,0.01761,0.0,0.01761,0.00071,0.0162,0.019,,,,,,,,,,,,,,,,,,
nyc_tist,DeepFM,MRR,SIT,0.01395,0.0024306,0.00979,0.00051,0.0088,0.01081,,-0.00366,-0.00907,-0.00658,0.0,0.028223,0,,,9e-05,-0.00506,-0.0028,0.0,0.937049,4,,,
nyc_tist,DeepFM,MRR,Steck-b,0.01386,0.000372,0.0137,0.00063,0.01254,0.01498,,,,,,,,,,,,,,,,,,
nyc_tist,DeepFM,HR5,BASE,0.0233,0.0,0.0233,0.00117,0.02097,0.02556,,,,,,,,,,,,,,,,,,
nyc_tist,DeepFM,HR5,SIT,0.01833,0.0032689,0.01268,0.00086,0.01106,0.01452,,-0.00497,-0.01271,-0.00845,0.0,0.027265,0,,,0.00025,-0.00709,-0.00354,0.0,0.875838,3,,,
nyc_tist,DeepFM,HR5,Steck-b,0.01808,0.0006357,0.01796,0.00099,0.01599,0.02,,,,,,,,,,,,,,,,,,
nyc_tist,DeepFM,HR10,BASE,0.03663,0.0,0.03663,0.00139,0.03379,0.03916,,,,,,,,,,,,,,,,,,
nyc_tist,DeepFM,HR10,SIT,0.02796,0.0048869,0.0196,0.00103,0.01754,0.02164,,-0.00867,-0.01952,-0.01441,0.0,0.01657,0,,,0.0011,-0.00897,-0.00445,0.0,0.648525,3,,,
nyc_tist,DeepFM,HR10,Steck-b,0.02687,0.0012244,0.02627,0.00123,0.02395,0.02874,,,,,,,,,,,,,,,,,,
nyc_tist,DeepFM,HR20,BASE,0.05381,0.0,0.05381,0.00172,0.05033,0.05721,,,,,,,,,,,,,,,,,,
nyc_tist,DeepFM,HR20,SIT,0.04096,0.0073605,0.02873,0.00123,0.02621,0.03103,,-0.01285,-0.02823,-0.02212,0.0,0.017479,0,,,0.00071,-0.01364,-0.00815,0.0,0.849425,3,,,0
nyc_tist,DeepFM,HR20,Steck-b,0.04025,0.0020064,0.03968,0.00147,0.03658,0.04243,,,,,,,,,,,,,,,,,,
nyc_tist,DeepFM,NDCG5,BASE,0.01507,0.0,0.01507,0.00077,0.01357,0.01659,,,,,,,,,,,,,,,,,,
nyc_tist,DeepFM,NDCG5,SIT,0.0118,0.0021871,0.00804,0.00057,0.00687,0.00913,,-0.00326,-0.00837,-0.00568,0.0,0.028962,0,,,9e-05,-0.00491,-0.00234,0.0,0.931252,4,,,
nyc_tist,DeepFM,NDCG5,Steck-b,0.01171,0.0003336,0.01162,0.00069,0.01032,0.01303,,,,,,,,,,,,,,,,,,
nyc_tist,DeepFM,NDCG10,BASE,0.01936,0.0,0.01936,0.00084,0.01774,0.02099,,,,,,,,,,,,,,,,,,
nyc_tist,DeepFM,NDCG10,SIT,0.0149,0.002706,0.01026,0.00061,0.00914,0.01146,,-0.00446,-0.01051,-0.00769,0.0,0.021026,0,,,0.00036,-0.00529,-0.00274,0.0,0.78492,4,,,
nyc_tist,DeepFM,NDCG10,Steck-b,0.01454,0.0005174,0.01429,0.00072,0.01289,0.01573,,,,,,,,,,,,,,,,,,
nyc_tist,DeepFM,NDCG20,BASE,0.0237,0.0,0.0237,0.00086,0.02203,0.02542,,,,,,,,,,,,,,,,,,
nyc_tist,DeepFM,NDCG20,SIT,0.01817,0.003327,0.01255,0.00062,0.01133,0.01381,,-0.00553,-0.01259,-0.00965,0.0,0.020483,0,,,0.00024,-0.00651,-0.00388,0.0,0.883098,3,,,0
nyc_tist,DeepFM,NDCG20,Steck-b,0.01793,0.0007054,0.01769,0.00076,0.01627,0.01922,,,,,,,,,,,,,,,,,,
nyc_tist,DeepFM,MRR_u,BASE,0.02214,0.0,0.02214,0.00103,0.02022,0.02432,,,,,,,,,,,,,,,,,,
nyc_tist,DeepFM,MRR_u,SIT,0.01758,0.0030779,0.01226,0.00078,0.01082,0.01393,,-0.00456,-0.01164,-0.0083,0.0,0.029496,0,,,0.00046,-0.00638,-0.00302,0.0,0.755188,4,,,
nyc_tist,DeepFM,MRR_u,Steck-b,0.01711,0.000465,0.01693,0.00091,0.01519,0.01867,,,,,,,,,,,,,,,,,,
nyc_tist,DeepFM,HR5_u,BASE,0.03023,0.0,0.03023,0.00169,0.0269,0.03375,,,,,,,,,,,,,,,,,,
nyc_tist,DeepFM,HR5_u,SIT,0.02398,0.0042233,0.01658,0.00131,0.01405,0.01908,,-0.00625,-0.01662,-0.01078,0.0,0.029663,0,,,0.00094,-0.0094,-0.00374,0.0,0.665587,4,,,
nyc_tist,DeepFM,HR5_u,Steck-b,0.02304,0.0008009,0.02321,0.00155,0.02035,0.02622,,,,,,,,,,,,,,,,,,
nyc_tist,DeepFM,HR10_u,BASE,0.04731,0.0,0.04731,0.00215,0.04301,0.0514,,,,,,,,,,,,,,,,,,
nyc_tist,DeepFM,HR10_u,SIT,0.0359,0.006137,0.02527,0.00162,0.02223,0.02837,,-0.01141,-0.02591,-0.01821,0.0,0.014175,0,,,0.00206,-0.01126,-0.00423,0.0,0.494889,4,,,
nyc_tist,DeepFM,HR10_u,Steck-b,0.03384,0.0014144,0.03307,0.00185,0.02936,0.0366,,,,,,,,,,,,,,,,,,
nyc_tist,DeepFM,HR20_u,BASE,0.06895,0.0,0.06895,0.00271,0.06359,0.07429,,,,,,,,,,,,,,,,,,
nyc_tist,DeepFM,HR20_u,SIT,0.05224,0.0094428,0.03661,0.00193,0.033,0.04055,,-0.01671,-0.03698,-0.02784,0.0,0.016726,0,,,0.00208,-0.01688,-0.00841,0.0,0.662877,3,,,
nyc_tist,DeepFM,HR20_u,Steck-b,0.05017,0.0027076,0.0491,0.00221,0.04492,0.05384,,,,,,,,,,,,,,,,,,
nyc_tist,DeepFM,NDCG5_u,BASE,0.01928,0.0,0.01928,0.00114,0.01708,0.02146,,,,,,,,,,,,,,,,,,
nyc_tist,DeepFM,NDCG5_u,SIT,0.01526,0.0027827,0.0104,0.00087,0.00868,0.01213,,-0.00402,-0.01095,-0.0069,0.0,0.031926,0,,,0.00047,-0.00642,-0.00253,0.0,0.736758,4,,,
nyc_tist,DeepFM,NDCG5_u,Steck-b,0.01479,0.0004145,0.01482,0.00104,0.01279,0.01683,,,,,,,,,,,,,,,,,,
nyc_tist,DeepFM,NDCG10_u,BASE,0.02478,0.0,0.02478,0.00127,0.02237,0.02727,,,,,,,,,,,,,,,,,,
nyc_tist,DeepFM,NDCG10_u,SIT,0.01908,0.0033997,0.01318,0.00093,0.01141,0.01513,,-0.0057,-0.01366,-0.00954,0.0,0.019991,0,,,0.00083,-0.0069,-0.00283,0.0,0.617112,4,,,
nyc_tist,DeepFM,NDCG10_u,Steck-b,0.01826,0.0006012,0.01798,0.00112,0.01583,0.02024,,,,,,,,,,,,,,,,,,
nyc_tist,DeepFM,NDCG20_u,BASE,0.03025,0.0,0.03025,0.0013,0.02771,0.03302,,,,,,,,,,,,,,,,,,
nyc_tist,DeepFM,NDCG20_u,SIT,0.0232,0.004221,0.01604,0.00095,0.01426,0.01802,,-0.00705,-0.01634,-0.01218,0.0,0.020173,0,,,0.00082,-0.00795,-0.00398,0.0,0.694609,4,,,
nyc_tist,DeepFM,NDCG20_u,Steck-b,0.02238,0.000916,0.02204,0.00113,0.01983,0.02424,,,,,,,,,,,,,,,,,,
nyc_tist,DeepFM,Coverage,BASE,0.32455,0.0,0.32455,0.00226,0.29897,0.3075,,,,,,,,,,,,,,,,,,
nyc_tist,DeepFM,Coverage,SIT,0.46531,0.0796127,0.58891,0.00288,0.55029,0.56158,,0.14076,0.24567,0.25909,0.0,0.01677,5,,,-0.03451,0.07499,0.09029,0.0,0.395024,1,,,
nyc_tist,DeepFM,Coverage,Steck-b,0.49982,0.0101331,0.50539,0.00319,0.46727,0.47956,,,,,,,,,,,,,,,,,,
nyc_tist,DeepFM,Gini,BASE,0.96028,0.0,0.96028,0.00027,0.95988,0.96094,,,,,,,,,,,,,,,,,,
nyc_tist,DeepFM,Gini,SIT,0.92912,0.0241782,0.88813,0.00062,0.88741,0.8898,,-0.03116,-0.07289,-0.07073,0.0,0.044919,0,,,0.01032,-0.02923,-0.02696,0.0,0.391855,4,,,
nyc_tist,DeepFM,Gini,Steck-b,0.91879,0.0043838,0.91634,0.00052,0.91568,0.91768,,,,,,,,,,,,,,,,,,
nyc_tist,DeepFM,LT20,BASE,0.19616,0.0,0.19616000354290009,0.00205,0.1922,0.20015,,,,,,,,,,,,,,,,,,
nyc_tist,DeepFM,LT20,SIT,0.25411,0.0435297,0.32813000679016113,0.00235,0.32348,0.33266,,0.05795,0.12847,0.13565,0.0,0.040866,5,,,-0.04842,0.01492,0.02259,0.0,0.068212,1,,,
nyc_tist,DeepFM,LT20,Steck-b,0.30253,0.0121812,0.30935999751091003,0.00235,0.30497,0.31378,,,,,,,,,,,,,,,,,,
nyc_tist,DeepFM,JS,BASE,0.48572,0.0,0.48572,0.00155,0.4827,0.4888,,,,,,,,,,,,,,,,,,
nyc_tist,DeepFM,JS,SIT,0.5104,0.0157529,0.53798,0.00169,0.53471,0.54128,,0.02468,0.04847,0.05604,0.0,0.024815,5,,,0.12372,0.1482,0.15532,0.0,6.6e-05,5,,,
nyc_tist,DeepFM,JS,Steck-b,0.38668,0.0016392,0.38623,0.00131,0.38365,0.38863,,,,,,,,,,,,,,,,,,
nyc_tist,AFM,CatMRR,BASE,0.23394,0.0,0.23394,0.00275,0.22838,0.23905,,,,,,,,,,,,,,,,,,
nyc_tist,AFM,CatMRR,SIT,0.31204,0.0150916,0.32665,0.00327,0.32067,0.33339,,0.0781,0.08615,0.09982,0.0,0.000319,5,,,-0.01652,-0.00968,0.00413,0.4,0.061775,0,,,
nyc_tist,AFM,CatMRR,Steck-b,0.32856,0.0025899,0.32952,0.00319,0.32322,0.33547,,,,,,,,,,,,,,,,,,
nyc_tist,AFM,CatNDCG,BASE,0.30411,0.0,0.30411,0.00274,0.29885,0.30944,,,,,,,,,,,,,,,,,,
nyc_tist,AFM,CatNDCG,SIT,0.35142,0.0150361,0.36789,0.00318,0.36163,0.37395,,0.04731,0.05712,0.07038,0.0,0.002151,5,,,-0.02376,-0.01699,-0.00359,0.004,0.011005,0,,,
nyc_tist,AFM,CatNDCG,Steck-b,0.37519,0.0043257,0.37821,0.00309,0.3721,0.38417,,,,,,,,,,,,,,,,,,
nyc_tist,AFM,macroCatMRR,BASE,0.18013,0.0,0.18013,0.00104,0.17812,0.18215,,,,,,,,,,,,,,,,,,
nyc_tist,AFM,macroCatMRR,SIT,0.24854,0.0044269,0.25115,0.00282,0.24564,0.25653,ridondante,0.06841,0.06536,0.0766,0.0,4e-06,5,0.0,***,-0.0927,-0.10307,-0.08102,0.0,0.0,0,0.0,***,
nyc_tist,AFM,macroCatMRR,Steck-b,0.34124,0.0051956,0.34267,0.00544,0.33264,0.354,,,,,,,,,,,,,,,,,,
nyc_tist,AFM,MRR,BASE,0.02002,0.0,0.02002,0.00075,0.01856,0.02152,,,,,,,,,,,,,,,,,,
nyc_tist,AFM,MRR,SIT,0.01219,0.0006698,0.01204,0.00055,0.01097,0.01315,,-0.00783,-0.00914,-0.00682,0.0,1.3e-05,0,,,-0.00141,-0.00288,-0.00084,0.0,0.001896,0,,,
nyc_tist,AFM,MRR,Steck-b,0.0136,0.0005185,0.01392,0.00061,0.01277,0.01513,,,,,,,,,,,,,,,,,,
nyc_tist,AFM,HR5,BASE,0.03022,0.0,0.03022,0.00132,0.02785,0.03288,,,,,,,,,,,,,,,,,,
nyc_tist,AFM,HR5,SIT,0.01662,0.0011518,0.01666,0.00097,0.01491,0.0187,,-0.0136,-0.01576,-0.01124,0.0,1.2e-05,0,,,-0.00212,-0.00424,-0.00056,0.010667,0.001437,0,,,
nyc_tist,AFM,HR5,Steck-b,0.01874,0.0008819,0.01909,0.00101,0.01717,0.02107,,,,,,,,,,,,,,,,,,
nyc_tist,AFM,HR10,BASE,0.04101,0.0,0.04101,0.00144,0.03813,0.04385,,,,,,,,,,,,,,,,,,
nyc_tist,AFM,HR10,SIT,0.02532,0.0019528,0.02562,0.00119,0.02336,0.02809,,-0.01569,-0.01777,-0.01288,0.0,5.6e-05,0,,,-0.00136,-0.00367,0.00102,0.198667,0.079606,1,,,
nyc_tist,AFM,HR10,Steck-b,0.02669,0.0007575,0.027,0.00124,0.02463,0.02935,,,,,,,,,,,,,,,,,,
nyc_tist,AFM,HR20,BASE,0.05562,0.0,0.05562,0.00169,0.05237,0.05882,,,,,,,,,,,,,,,,,,
nyc_tist,AFM,HR20,SIT,0.03882,0.003049,0.04022,0.00146,0.03742,0.04299,,-0.01679,-0.01804,-0.01263,0.0,0.00025,0,,,-0.00061,-0.00266,0.00254,0.94,0.524467,1,,,0
nyc_tist,AFM,HR20,Steck-b,0.03943,0.0012863,0.04033,0.00146,0.0374,0.0431,,,,,,,,,,,,,,,,,,
nyc_tist,AFM,NDCG5,BASE,0.01898,0.0,0.01898,0.00087,0.01731,0.02072,,,,,,,,,,,,,,,,,,
nyc_tist,AFM,NDCG5,SIT,0.01013,0.0006107,0.00994,0.00061,0.00883,0.01114,,-0.00885,-0.01051,-0.00757,0.0,5e-06,0,,,-0.00166,-0.00327,-0.00099,0.0,0.000988,0,,,
nyc_tist,AFM,NDCG5,Steck-b,0.01179,0.0005582,0.01206,0.00067,0.01077,0.0134,,,,,,,,,,,,,,,,,,
nyc_tist,AFM,NDCG10,BASE,0.02244,0.0,0.02244,0.00088,0.02069,0.02417,,,,,,,,,,,,,,,,,,
nyc_tist,AFM,NDCG10,SIT,0.0129,0.0008263,0.0128,0.00064,0.01152,0.0141,,-0.00954,-0.01108,-0.00823,0.0,1.3e-05,0,,,-0.00143,-0.003,-0.00057,0.0,0.002403,0,,,
nyc_tist,AFM,NDCG10,Steck-b,0.01434,0.0005098,0.01459,0.00071,0.01322,0.01603,,,,,,,,,,,,,,,,,,
nyc_tist,AFM,NDCG20,BASE,0.0261,0.0,0.0261,0.00091,0.02438,0.02798,,,,,,,,,,,,,,,,,,
nyc_tist,AFM,NDCG20,SIT,0.01632,0.001052,0.01648,0.00069,0.01522,0.01789,,-0.00978,-0.01095,-0.00832,0.0,3.2e-05,0,,,-0.00123,-0.0027,-0.00024,0.021333,0.008596,0,,,0
nyc_tist,AFM,NDCG20,Steck-b,0.01754,0.0006418,0.01795,0.00077,0.01653,0.01952,,,,,,,,,,,,,,,,,,
nyc_tist,AFM,MRR_u,BASE,0.02676,0.0,0.02676,0.00121,0.02444,0.02912,,,,,,,,,,,,,,,,,,
nyc_tist,AFM,MRR_u,SIT,0.01613,0.0009941,0.01594,0.00085,0.0143,0.0176,,-0.01063,-0.01271,-0.00892,0.0,1.8e-05,0,,,-0.00167,-0.00412,-0.00064,0.012,0.003934,0,,,
nyc_tist,AFM,MRR_u,Steck-b,0.0178,0.0007231,0.01833,0.00103,0.01632,0.02031,,,,,,,,,,,,,,,,,,
nyc_tist,AFM,HR5_u,BASE,0.04226,0.0,0.04226,0.00218,0.0381,0.04675,,,,,,,,,,,,,,,,,,
nyc_tist,AFM,HR5_u,SIT,0.02254,0.0016783,0.02262,0.00158,0.01954,0.02585,,-0.01972,-0.0235,-0.0161,0.0,1.2e-05,0,,,-0.00246,-0.00598,0.00033,0.085333,0.002088,0,,,
nyc_tist,AFM,HR5_u,Steck-b,0.025,0.001219,0.02535,0.00159,0.02236,0.02863,,,,,,,,,,,,,,,,,,
nyc_tist,AFM,HR10_u,BASE,0.0569,0.0,0.0569,0.00245,0.05226,0.06171,,,,,,,,,,,,,,,,,,
nyc_tist,AFM,HR10_u,SIT,0.03419,0.0026726,0.03474,0.00201,0.03094,0.03887,,-0.02271,-0.02585,-0.01828,0.0,4.5e-05,0,,,-0.00085,-0.00456,0.00286,0.605333,0.365575,2,,,
nyc_tist,AFM,HR10_u,Steck-b,0.03504,0.0008976,0.03561,0.00191,0.03194,0.03935,,,,,,,,,,,,,,,,,,
nyc_tist,AFM,HR20_u,BASE,0.07497,0.0,0.07497,0.00275,0.06954,0.0802,,,,,,,,,,,,,,,,,,
nyc_tist,AFM,HR20_u,SIT,0.05171,0.0042767,0.05364,0.00234,0.0491,0.05816,,-0.02326,-0.02581,-0.01707,0.0,0.000262,0,,,0.00112,-0.00243,0.00598,0.421333,0.418489,4,,,
nyc_tist,AFM,HR20_u,Steck-b,0.05059,0.0018466,0.05195,0.00224,0.04754,0.05626,,,,,,,,,,,,,,,,,,
nyc_tist,AFM,NDCG5_u,BASE,0.02611,0.0,0.02611,0.00141,0.02341,0.02887,,,,,,,,,,,,,,,,,,
nyc_tist,AFM,NDCG5_u,SIT,0.01378,0.0009243,0.01351,0.00098,0.01155,0.01543,,-0.01233,-0.01501,-0.01037,0.0,8e-06,0,,,-0.00212,-0.00484,-0.00076,0.014667,0.001305,0,,,
nyc_tist,AFM,NDCG5_u,Steck-b,0.0159,0.0007755,0.01629,0.00112,0.01417,0.01852,,,,,,,,,,,,,,,,,,
nyc_tist,AFM,NDCG10_u,BASE,0.03085,0.0,0.03085,0.00145,0.02809,0.03375,,,,,,,,,,,,,,,,,,
nyc_tist,AFM,NDCG10_u,SIT,0.0175,0.0012016,0.01739,0.00105,0.01537,0.01941,,-0.01335,-0.01568,-0.01113,0.0,1.6e-05,0,,,-0.00161,-0.00413,-0.00011,0.034667,0.007846,0,,,
nyc_tist,AFM,NDCG10_u,Steck-b,0.0191,0.0006582,0.01954,0.00115,0.01733,0.02191,,,,,,,,,,,,,,,,,,
nyc_tist,AFM,NDCG20_u,BASE,0.03537,0.0,0.03537,0.00147,0.03255,0.03832,,,,,,,,,,,,,,,,,,
nyc_tist,AFM,NDCG20_u,SIT,0.02193,0.0015245,0.02218,0.00109,0.02005,0.02434,,-0.01344,-0.01527,-0.01101,0.0,3.9e-05,0,,,-0.00109,-0.00356,0.00055,0.141333,0.042858,1,,,
nyc_tist,AFM,NDCG20_u,Steck-b,0.02301,0.0009005,0.02367,0.0012,0.02139,0.02615,,,,,,,,,,,,,,,,,,
nyc_tist,AFM,Coverage,BASE,0.07725,0.0,0.07725,0.00082,0.07374,0.07675,,,,,,,,,,,,,,,,,,
nyc_tist,AFM,Coverage,SIT,0.16333,0.0102304,0.15952,0.00103,0.15412,0.15826,,0.08608,0.07851,0.08302,0.0,4.7e-05,5,,,-0.03005,-0.03461,-0.03022,0.0,0.001995,0,,,
nyc_tist,AFM,Coverage,Steck-b,0.19338,0.0022712,0.19238,0.00097,0.18661,0.19062,,,,,,,,,,,,,,,,,,
nyc_tist,AFM,Gini,BASE,0.98828,0.0,0.98828,7e-05,0.98814,0.98843,,,,,,,,,,,,,,,,,,
nyc_tist,AFM,Gini,SIT,0.95724,0.0046876,0.95862,0.00019,0.95826,0.95901,,-0.03104,-0.02996,-0.02934,0.0,0.000121,0,,,0.0101,0.00958,0.01038,0.0,0.005727,5,,,
nyc_tist,AFM,Gini,Steck-b,0.94713,0.0017444,0.94862,0.00025,0.9482,0.94918,,,,,,,,,,,,,,,,,,
nyc_tist,AFM,LT20,BASE,0.0324,0.0,0.03240000084042549,0.0006,0.03125,0.03362,,,,,,,,,,,,,,,,,,
nyc_tist,AFM,LT20,SIT,0.06725,0.0078696,0.06770999729633331,0.00082,0.06619,0.06938,,0.03485,0.03419,0.03648,0.0,0.000584,5,,,-0.04365,-0.04122,-0.03685,0.0,9.8e-05,0,,,
nyc_tist,AFM,LT20,Steck-b,0.1109,0.0056255,0.10673999786376953,0.00127,0.10435,0.10913,,,,,,,,,,,,,,,,,,
nyc_tist,AFM,JS,BASE,0.44504,0.0,0.44504,0.0013,0.44244,0.4476,,,,,,,,,,,,,,,,,,
nyc_tist,AFM,JS,SIT,0.47631,0.0177433,0.45285,0.00159,0.44978,0.45596,,0.03128,0.00443,0.01125,0.0,0.016936,5,,,0.19066,0.17013,0.17644,0.0,3e-06,5,,,
nyc_tist,AFM,JS,Steck-b,0.28565,0.0087755,0.27958,0.00097,0.27757,0.2814,,,,,,,,,,,,,,,,,,
nyc_tist,FPMC,CatMRR,BASE,0.39638,0.0,0.39638,0.00278,0.39099,0.40197,,,,,,,,,,,,,,,,,,
nyc_tist,FPMC,CatMRR,SIT,0.41383,0.0017988,0.41506,0.00299,0.4092,0.42128,,0.01745,0.01498,0.02257,0.0,2.7e-05,5,,,-0.01344,-0.01691,-0.00792,0.0,0.000193,0,,,
nyc_tist,FPMC,CatMRR,Steck-b,0.42727,0.0008746,0.42754,0.00306,0.42138,0.43329,,,,,,,,,,,,,,,,,,
nyc_tist,FPMC,CatNDCG,BASE,0.50608,0.0,0.50608,0.00244,0.50135,0.51105,,,,,,,,,,,,,,,,,,
nyc_tist,FPMC,CatNDCG,SIT,0.50872,0.0014269,0.50888,0.00266,0.50361,0.51415,,0.00264,-0.00036,0.00585,0.086667,0.014461,5,,,-0.00232,-0.00653,0.00138,0.222667,0.059964,0,,,
nyc_tist,FPMC,CatNDCG,Steck-b,0.51104,0.0019493,0.51146,0.00273,0.50599,0.51683,,,,,,,,,,,,,,,,,,
nyc_tist,FPMC,macroCatMRR,BASE,0.30233,0.0,0.30233,0.00284,0.29688,0.30803,,,,,,,,,,,,,,,,,,
nyc_tist,FPMC,macroCatMRR,SIT,0.31743,0.0015341,0.31625,0.00293,0.31084,0.32228,ridondante,0.0151,0.01037,0.01745,0.0,2.5e-05,5,0.0,***,-0.04562,-0.05634,-0.04132,0.0,1.6e-05,0,0.0,***,
nyc_tist,FPMC,macroCatMRR,Steck-b,0.36305,0.0031826,0.36506,0.00463,0.35623,0.37422,,,,,,,,,,,,,,,,,,
nyc_tist,FPMC,MRR,BASE,0.02229,0.0,0.02229,0.00087,0.02063,0.0241,,,,,,,,,,,,,,,,,,
nyc_tist,FPMC,MRR,SIT,0.02238,0.0001246,0.02247,0.00088,0.02087,0.02429,,9e-05,-0.00037,0.00077,0.482667,0.173275,4,,,0.00141,0.0007,0.00224,0.0,5e-06,5,,,
nyc_tist,FPMC,MRR,Steck-b,0.02097,0.0001783,0.021,0.00083,0.01945,0.02266,,,,,,,,,,,,,,,,,,
nyc_tist,FPMC,HR5,BASE,0.02856,0.0,0.02856,0.00126,0.02617,0.03123,,,,,,,,,,,,,,,,,,
nyc_tist,FPMC,HR5,SIT,0.02857,0.0002699,0.02844,0.00125,0.02606,0.03096,,1e-05,-0.00116,0.00088,0.841333,0.929922,2,,,0.00177,0.00025,0.00301,0.021333,9.5e-05,5,,,
nyc_tist,FPMC,HR5,Steck-b,0.02679,0.0001011,0.02686,0.00122,0.02453,0.02942,,,,,,,,,,,,,,,,,,
nyc_tist,FPMC,HR10,BASE,0.03904,0.0,0.03904,0.00142,0.03649,0.04186,,,,,,,,,,,,,,,,,,
nyc_tist,FPMC,HR10,SIT,0.03974,0.0004066,0.03915,0.00144,0.03646,0.042,,0.0007,-0.00119,0.00147,0.893333,0.018264,5,,,0.00053,-0.00139,0.00181,0.862667,0.04813,5,,,
nyc_tist,FPMC,HR10,Steck-b,0.0392,0.0003831,0.03898,0.00148,0.03621,0.042,,,,,,,,,,,,,,,,,,
nyc_tist,FPMC,HR20,BASE,0.05451,0.0,0.05451,0.00174,0.05127,0.05808,,,,,,,,,,,,,,,,,,
nyc_tist,FPMC,HR20,SIT,0.05462,0.0002117,0.0548,0.00177,0.05152,0.0585,,0.00011,-0.00138,0.002,0.728,0.320356,3,,,0.00158,8e-05,0.00395,0.042667,0.003797,5,,,1
nyc_tist,FPMC,HR20,Steck-b,0.05304,0.0006561,0.05288,0.00171,0.04954,0.05635,,,,,,,,,,,,,,,,,,
nyc_tist,FPMC,NDCG5,BASE,0.02031,0.0,0.02031,0.00095,0.01846,0.02229,,,,,,,,,,,,,,,,,,
nyc_tist,FPMC,NDCG5,SIT,0.02031,0.0001562,0.02037,0.00095,0.0185,0.0223,,-0.0,-0.00055,0.00066,0.836,0.978268,2,,,0.00162,0.00077,0.00247,0.0,1e-06,5,,,
nyc_tist,FPMC,NDCG5,Steck-b,0.01869,0.000138,0.01874,0.0009,0.01695,0.02047,,,,,,,,,,,,,,,,,,
nyc_tist,FPMC,NDCG10,BASE,0.02368,0.0,0.02368,0.00097,0.02191,0.02555,,,,,,,,,,,,,,,,,,
nyc_tist,FPMC,NDCG10,SIT,0.02388,0.0001401,0.0238,0.00099,0.02198,0.02575,,0.00021,-0.00045,0.00077,0.656,0.029454,5,,,0.00117,0.00026,0.00194,0.010667,7e-05,5,,,
nyc_tist,FPMC,NDCG10,Steck-b,0.02271,0.0002049,0.02268,0.00094,0.02084,0.02448,,,,,,,,,,,,,,,,,,
nyc_tist,FPMC,NDCG20,BASE,0.02756,0.0,0.02756,0.00099,0.02567,0.02955,,,,,,,,,,,,,,,,,,
nyc_tist,FPMC,NDCG20,SIT,0.02764,0.0001222,0.02775,0.00099,0.02584,0.02965,,7e-05,-0.00042,0.00079,0.573333,0.254109,3,,,0.00143,0.00079,0.00241,0.0,8.5e-05,5,,,1
nyc_tist,FPMC,NDCG20,Steck-b,0.02621,0.000278,0.02618,0.00098,0.02433,0.02822,,,,,,,,,,,,,,,,,,
nyc_tist,FPMC,MRR_u,BASE,0.02761,0.0,0.02761,0.00144,0.02485,0.03058,,,,,,,,,,,,,,,,,,
nyc_tist,FPMC,MRR_u,SIT,0.028,0.0002085,0.02816,0.00145,0.02548,0.03116,,0.00039,-0.00027,0.00142,0.173333,0.014253,5,,,0.00216,0.00114,0.00343,0.001333,1e-06,5,,,
nyc_tist,FPMC,MRR_u,Steck-b,0.02584,0.0001685,0.02589,0.00129,0.02338,0.02831,,,,,,,,,,,,,,,,,,
nyc_tist,FPMC,HR5_u,BASE,0.03529,0.0,0.03529,0.00191,0.03155,0.03908,,,,,,,,,,,,,,,,,,
nyc_tist,FPMC,HR5_u,SIT,0.03547,0.0004804,0.03544,0.00193,0.03188,0.03942,,0.00018,-0.00116,0.00139,0.845333,0.446487,3,,,0.00191,-0.00011,0.00368,0.064,0.000567,5,,,
nyc_tist,FPMC,HR5_u,Steck-b,0.03356,7.86e-05,0.03364,0.0019,0.03001,0.03777,,,,,,,,,,,,,,,,,,
nyc_tist,FPMC,HR10_u,BASE,0.04716,0.0,0.04716,0.00227,0.04301,0.05188,,,,,,,,,,,,,,,,,,
nyc_tist,FPMC,HR10_u,SIT,0.04847,0.0003714,0.04799,0.00229,0.04378,0.05268,,0.00131,-0.00099,0.00265,0.353333,0.001383,5,,,0.00068,-0.00193,0.00281,0.778667,0.039232,5,,,
nyc_tist,FPMC,HR10_u,Steck-b,0.04779,0.0004326,0.04764,0.00231,0.04326,0.05215,,,,,,,,,,,,,,,,,,
nyc_tist,FPMC,HR20_u,BASE,0.06654,0.0,0.06654,0.00262,0.06152,0.07173,,,,,,,,,,,,,,,,,,
nyc_tist,FPMC,HR20_u,SIT,0.06625,0.0002812,0.06642,0.00265,0.06137,0.07159,,-0.0003,-0.00232,0.00201,0.882667,0.075564,1,,,0.00252,0.00016,0.0055,0.036,0.001444,5,,,
nyc_tist,FPMC,HR20_u,Steck-b,0.06372,0.0007421,0.06359,0.00266,0.05867,0.06898,,,,,,,,,,,,,,,,,,
nyc_tist,FPMC,NDCG5_u,BASE,0.02542,0.0,0.02542,0.00149,0.02267,0.02842,,,,,,,,,,,,,,,,,,
nyc_tist,FPMC,NDCG5_u,SIT,0.02565,0.0002884,0.02579,0.00152,0.0229,0.02885,,0.00023,-0.00043,0.00125,0.386667,0.149603,4,,,0.00218,0.00103,0.00353,0.001333,1.5e-05,5,,,
nyc_tist,FPMC,NDCG5_u,Steck-b,0.02347,0.0001188,0.02352,0.0014,0.02089,0.02634,,,,,,,,,,,,,,,,,,
nyc_tist,FPMC,NDCG10_u,BASE,0.02923,0.0,0.02923,0.00158,0.02635,0.03253,,,,,,,,,,,,,,,,,,
nyc_tist,FPMC,NDCG10_u,SIT,0.02982,0.0002006,0.02982,0.0016,0.0267,0.03313,,0.00059,-0.00029,0.0015,0.18,0.002748,5,,,0.00174,0.00062,0.00299,0.005333,2.2e-05,5,,,
nyc_tist,FPMC,NDCG10_u,Steck-b,0.02808,0.0002156,0.02807,0.00147,0.02529,0.03088,,,,,,,,,,,,,,,,,,
nyc_tist,FPMC,NDCG20_u,BASE,0.03409,0.0,0.03409,0.00162,0.03088,0.03717,,,,,,,,,,,,,,,,,,
nyc_tist,FPMC,NDCG20_u,SIT,0.0343,0.000184,0.03446,0.00163,0.03136,0.03765,,0.00021,-0.00047,0.00122,0.389333,0.064045,5,,,0.00221,0.00116,0.0036,0.0,1e-05,5,,,
nyc_tist,FPMC,NDCG20_u,Steck-b,0.0321,0.0002936,0.0321,0.00148,0.02917,0.03496,,,,,,,,,,,,,,,,,,
nyc_tist,FPMC,Coverage,BASE,0.94658,0.0,0.94658,0.00168,0.92877,0.93529,,,,,,,,,,,,,,,,,,
nyc_tist,FPMC,Coverage,SIT,0.96654,0.0033255,0.9694,0.00162,0.9531,0.9595,,0.01996,0.02032,0.02809,0.0,0.000178,5,,,-0.00406,-0.00702,0.0005,0.128,0.021135,0,,,
nyc_tist,FPMC,Coverage,Steck-b,0.9706,0.0009451,0.97141,0.00148,0.95636,0.96238,,,,,,,,,,,,,,,,,,
nyc_tist,FPMC,Gini,BASE,0.65384,0.0,0.65384,0.00089,0.65386,0.65742,,,,,,,,,,,,,,,,,,
nyc_tist,FPMC,Gini,SIT,0.63259,0.0043584,0.62854,0.00093,0.62867,0.63231,,-0.02124,-0.0262,-0.024,0.0,0.000402,0,,,0.01763,0.01263,0.01555,0.0,0.0001,5,,,
nyc_tist,FPMC,Gini,Steck-b,0.61496,0.0021479,0.61441,0.00106,0.61433,0.61855,,,,,,,,,,,,,,,,,,
nyc_tist,FPMC,LT20,BASE,0.3808,0.0,0.3808000087738037,0.00134,0.37825,0.38341,,,,,,,,,,,,,,,,,,
nyc_tist,FPMC,LT20,SIT,0.40156,0.0039158,0.40518999099731445,0.00132,0.40266,0.40778,,0.02076,0.02317,0.02564,0.0,0.00029,5,,,-0.01699,-0.01521,-0.01213,0.0,5.2e-05,0,,,
nyc_tist,FPMC,LT20,Steck-b,0.41854,0.0024908,0.41881000995635986,0.00133,0.41611,0.42137,,,,,,,,,,,,,,,,,,
nyc_tist,FPMC,JS,BASE,0.21834,0.0,0.21834,0.00094,0.21645,0.22017,,,,,,,,,,,,,,,,,,
nyc_tist,FPMC,JS,SIT,0.24196,0.0034738,0.24137,0.0011,0.23926,0.24343,,0.02361,0.0213,0.02463,0.0,0.000109,5,,,0.09314,0.09053,0.09455,0.0,0.0,5,,,
nyc_tist,FPMC,JS,Steck-b,0.14881,0.000839,0.14883,0.00064,0.14751,0.1501,,,,,,,,,,,,,,,,,,
nyc_tist,SASRec,CatMRR,BASE,0.42035,0.0,0.42035,0.00281,0.41494,0.42605,,,,,,,,,,,,,,,,,,
nyc_tist,SASRec,CatMRR,SIT,0.43189,0.001428,0.43151,0.00293,0.42552,0.43733,,0.01153,0.00812,0.01416,0.0,5.5e-05,5,,,-0.01169,-0.01621,-0.00839,0.0,9e-06,0,,,
nyc_tist,SASRec,CatMRR,Steck-b,0.44357,0.0005934,0.44365,0.00306,0.43739,0.44953,,,,,,,,,,,,,,,,,,
nyc_tist,SASRec,CatNDCG,BASE,0.52384,0.0,0.52384,0.00244,0.51888,0.52849,,,,,,,,,,,,,,,,,,
nyc_tist,SASRec,CatNDCG,SIT,0.52557,0.0012511,0.52461,0.0026,0.51941,0.52968,,0.00174,-0.00184,0.00333,0.549333,0.036083,5,,,-0.00243,-0.00707,-0.00021,0.033333,0.010768,0,,,
nyc_tist,SASRec,CatNDCG,Steck-b,0.52801,0.000878,0.52826,0.00281,0.52281,0.534,,,,,,,,,,,,,,,,,,
nyc_tist,SASRec,macroCatMRR,BASE,0.31795,0.0,0.31795,0.00335,0.31148,0.3245,,,,,,,,,,,,,,,,,,
nyc_tist,SASRec,macroCatMRR,SIT,0.32833,0.0016981,0.32626,0.00328,0.31981,0.33254,ridondante,0.01038,0.00498,0.01146,0.0,0.000166,5,0.0,***,-0.0349,-0.0455,-0.03247,0.0,3.1e-05,0,0.0,***,
nyc_tist,SASRec,macroCatMRR,Steck-b,0.36323,0.0029937,0.36508,0.00431,0.35706,0.37371,,,,,,,,,,,,,,,,,,
nyc_tist,SASRec,MRR,BASE,0.02457,0.0,0.02457,0.00088,0.02288,0.02626,,,,,,,,,,,,,,,,,,
nyc_tist,SASRec,MRR,SIT,0.02464,0.0001403,0.02449,0.00088,0.0227,0.02616,,7e-05,-0.00068,0.00053,0.778667,0.353848,3,,,0.00103,0.00034,0.00186,0.005333,0.000702,5,,,
nyc_tist,SASRec,MRR,Steck-b,0.02361,0.0002462,0.02337,0.00083,0.02177,0.02505,,,,,,,,,,,,,,,,,,
nyc_tist,SASRec,HR5,BASE,0.03316,0.0,0.03316,0.00131,0.0307,0.03569,,,,,,,,,,,,,,,,,,
nyc_tist,SASRec,HR5,SIT,0.03317,0.0002392,0.03291,0.0013,0.03043,0.03541,,1e-05,-0.00147,0.00088,0.666667,0.960412,3,,,0.0015,-0.0002,0.0026,0.1,0.000343,5,,,
nyc_tist,SASRec,HR5,Steck-b,0.03166,0.000113,0.03178,0.00132,0.02909,0.03433,,,,,,,,,,,,,,,,,,
nyc_tist,SASRec,HR10,BASE,0.04742,0.0,0.04742,0.00158,0.04442,0.05045,,,,,,,,,,,,,,,,,,
nyc_tist,SASRec,HR10,SIT,0.04817,0.0003261,0.0479,0.00161,0.04484,0.05114,,0.00075,-0.00093,0.00186,0.536,0.00692,5,,,0.00215,0.00027,0.00362,0.018667,0.000509,5,,,
nyc_tist,SASRec,HR10,Steck-b,0.04602,0.0004062,0.04593,0.00152,0.04282,0.04884,,,,,,,,,,,,,,,,,,
nyc_tist,SASRec,HR20,BASE,0.06615,0.0,0.06615,0.00189,0.06253,0.06967,,,,,,,,,,,,,,,,,,
nyc_tist,SASRec,HR20,SIT,0.06717,0.0002027,0.06683,0.00189,0.06318,0.07056,,0.00102,-0.00071,0.00219,0.38,0.00036,5,,,0.00134,-0.00096,0.00288,0.326667,0.000704,5,,,1
nyc_tist,SASRec,HR20,Steck-b,0.06582,0.0003079,0.06587,0.00187,0.06237,0.06965,,,,,,,,,,,,,,,,,,
nyc_tist,SASRec,NDCG5,BASE,0.02227,0.0,0.02227,0.00098,0.0204,0.02416,,,,,,,,,,,,,,,,,,
nyc_tist,SASRec,NDCG5,SIT,0.02223,0.000147,0.02205,0.00097,0.02018,0.02391,,-4e-05,-0.00091,0.00051,0.529333,0.557771,2,,,0.00112,0.00019,0.00191,0.014667,0.000221,5,,,
nyc_tist,SASRec,NDCG5,Steck-b,0.0211,0.000184,0.02097,0.00089,0.01924,0.02273,,,,,,,,,,,,,,,,,,
nyc_tist,SASRec,NDCG10,BASE,0.02685,0.0,0.02685,0.00106,0.02477,0.02903,,,,,,,,,,,,,,,,,,
nyc_tist,SASRec,NDCG10,SIT,0.02704,0.0001587,0.02688,0.00104,0.02489,0.0291,,0.00019,-0.0006,0.00068,0.970667,0.051891,5,,,0.00132,0.00054,0.00216,0.0,0.00048,5,,,
nyc_tist,SASRec,NDCG10,Steck-b,0.02572,0.0002761,0.02551,0.00098,0.02366,0.02747,,,,,,,,,,,,,,,,,,
nyc_tist,SASRec,NDCG20,BASE,0.03156,0.0,0.03156,0.00101,0.02962,0.03363,,,,,,,,,,,,,,,,,,
nyc_tist,SASRec,NDCG20,SIT,0.03184,0.0001328,0.03165,0.00102,0.02973,0.03371,,0.00028,-0.0005,0.00069,0.724,0.008999,5,,,0.00113,0.00032,0.00191,0.008,0.000458,5,,,1
nyc_tist,SASRec,NDCG20,Steck-b,0.03071,0.0002387,0.03054,0.00099,0.02856,0.03253,,,,,,,,,,,,,,,,,,
nyc_tist,SASRec,MRR_u,BASE,0.03,0.0,0.03,0.0013,0.0274,0.03261,,,,,,,,,,,,,,,,,,
nyc_tist,SASRec,MRR_u,SIT,0.02988,0.0002411,0.02957,0.00127,0.02711,0.03211,,-0.00012,-0.00127,0.0004,0.32,0.336474,1,,,0.00099,-0.0002,0.00194,0.124,0.000991,5,,,
nyc_tist,SASRec,MRR_u,Steck-b,0.02889,0.000266,0.02871,0.00125,0.02638,0.03118,,,,,,,,,,,,,,,,,,
nyc_tist,SASRec,HR5_u,BASE,0.03994,0.0,0.03994,0.00202,0.03604,0.04397,,,,,,,,,,,,,,,,,,
nyc_tist,SASRec,HR5_u,SIT,0.04011,0.000347,0.03969,0.00203,0.03589,0.0437,,0.00017,-0.00182,0.00129,0.724,0.344864,3,,,0.00136,-0.00146,0.00247,0.586667,0.004408,5,,,
nyc_tist,SASRec,HR5_u,Steck-b,0.03875,0.0002507,0.03912,0.00207,0.03513,0.04325,,,,,,,,,,,,,,,,,,
nyc_tist,SASRec,HR10_u,BASE,0.05773,0.0,0.05773,0.00239,0.05277,0.06217,,,,,,,,,,,,,,,,,,
nyc_tist,SASRec,HR10_u,SIT,0.05849,0.0004671,0.05807,0.00237,0.05313,0.06249,,0.00077,-0.00149,0.00226,0.705333,0.021531,5,,,0.00218,-0.00039,0.00421,0.098667,0.001513,5,,,
nyc_tist,SASRec,HR10_u,Steck-b,0.05631,0.0004435,0.05612,0.00243,0.05156,0.06112,,,,,,,,,,,,,,,,,,
nyc_tist,SASRec,HR20_u,BASE,0.08073,0.0,0.08073,0.00287,0.07522,0.08626,,,,,,,,,,,,,,,,,,
nyc_tist,SASRec,HR20_u,SIT,0.08196,0.0004542,0.08128,0.00286,0.07572,0.08704,,0.00123,-0.00159,0.00276,0.604,0.003775,5,,,0.00021,-0.00357,0.00213,0.645333,0.579304,2,,,
nyc_tist,SASRec,HR20_u,Steck-b,0.08175,0.0004247,0.08197,0.00291,0.07624,0.08793,,,,,,,,,,,,,,,,,,
nyc_tist,SASRec,NDCG5_u,BASE,0.02709,0.0,0.02709,0.0014,0.02444,0.02989,,,,,,,,,,,,,,,,,,
nyc_tist,SASRec,NDCG5_u,SIT,0.02696,0.000235,0.02662,0.00139,0.02403,0.02945,,-0.00013,-0.00142,0.00042,0.318667,0.271629,1,,,0.00107,-0.00049,0.00191,0.233333,0.000682,5,,,
nyc_tist,SASRec,NDCG5_u,Steck-b,0.02589,0.0001885,0.02589,0.0014,0.02315,0.02862,,,,,,,,,,,,,,,,,,
nyc_tist,SASRec,NDCG10_u,BASE,0.0328,0.0,0.0328,0.00155,0.02982,0.03592,,,,,,,,,,,,,,,,,,
nyc_tist,SASRec,NDCG10_u,SIT,0.03285,0.0002426,0.03254,0.00152,0.02968,0.0356,,6e-05,-0.00124,0.00059,0.557333,0.633173,3,,,0.0013,4e-05,0.00228,0.042667,0.000927,5,,,
nyc_tist,SASRec,NDCG10_u,Steck-b,0.03155,0.0003024,0.03136,0.00149,0.02865,0.03443,,,,,,,,,,,,,,,,,,
nyc_tist,SASRec,NDCG20_u,BASE,0.03859,0.0,0.03859,0.00153,0.03545,0.04171,,,,,,,,,,,,,,,,,,
nyc_tist,SASRec,NDCG20_u,SIT,0.03879,0.0002753,0.03839,0.00151,0.03543,0.04134,,0.0002,-0.0011,0.00063,0.669333,0.177114,4,,,0.00082,-0.00062,0.00169,0.410667,0.007344,5,,,
nyc_tist,SASRec,NDCG20_u,Steck-b,0.03797,0.0002485,0.03788,0.00162,0.03483,0.04115,,,,,,,,,,,,,,,,,,
nyc_tist,SASRec,Coverage,BASE,0.99724,0.0,0.99724,0.00077,0.99248,0.99549,,,,,,,,,,,,,,,,,,
nyc_tist,SASRec,Coverage,SIT,0.99769,0.0002748,0.99799,0.00077,0.99323,0.99624,,0.00045,-0.00075,0.00226,0.410667,0.021312,5,,,-0.0002,-0.00201,0.00125,0.706667,0.099301,0,,,
nyc_tist,SASRec,Coverage,Steck-b,0.99789,0.000286,0.99824,0.00076,0.99373,0.99674,,,,,,,,,,,,,,,,,,
nyc_tist,SASRec,Gini,BASE,0.50735,0.0,0.50735,0.00133,0.50776,0.51283,,,,,,,,,,,,,,,,,,
nyc_tist,SASRec,Gini,SIT,0.50198,0.0028111,0.49897,0.00137,0.49935,0.50456,,-0.00537,-0.00937,-0.00728,0.0,0.012967,0,,,-0.0014,-0.0053,-0.00257,0.0,0.271399,1,,,
nyc_tist,SASRec,Gini,Steck-b,0.50338,0.000588,0.50291,0.00135,0.50323,0.50843,,,,,,,,,,,,,,,,,,
nyc_tist,SASRec,LT20,BASE,0.5977,0.0,0.5976999998092651,0.00129,0.59513,0.60019,,,,,,,,,,,,,,,,,,
nyc_tist,SASRec,LT20,SIT,0.59846,0.0024843,0.6014500260353088,0.00131,0.59879,0.60394,,0.00076,0.00283,0.00481,0.0,0.531913,3,,,0.00307,0.00434,0.00686,0.0,0.031095,5,,,
nyc_tist,SASRec,LT20,Steck-b,0.59538,0.0005841,0.5958300232887268,0.00135,0.59324,0.59837,,,,,,,,,,,,,,,,,,
nyc_tist,SASRec,JS,BASE,0.20418,0.0,0.20418,0.00088,0.20252,0.20589,,,,,,,,,,,,,,,,,,
nyc_tist,SASRec,JS,SIT,0.21822,0.0025094,0.2193,0.00093,0.21757,0.22108,,0.01404,0.01395,0.01636,0.0,0.000235,5,,,0.07482,0.07384,0.07711,0.0,1e-06,5,,,
nyc_tist,SASRec,JS,Steck-b,0.14341,0.0012513,0.14381,0.00062,0.14255,0.14498,,,,,,,,,,,,,,,,,,
saopaulo,B_blind,CatMRR,BASE,0.36483,0.0,0.36483,0.00254,0.35986,0.36978,,,,,,,,,,,,,,,,,,
saopaulo,B_blind,CatMRR,SIT,0.39429,0.0039231,0.40045,0.00265,0.39512,0.40546,,0.02946,0.0327,0.03848,0.0,7.4e-05,5,,,-0.0419,-0.04191,-0.03299,0.0,1.9e-05,0,,,
saopaulo,B_blind,CatMRR,Steck-b,0.43618,0.0019519,0.438,0.00285,0.43268,0.4438,,,,,,,,,,,,,,,,,,
saopaulo,B_blind,CatNDCG,BASE,0.44761,0.0,0.44761,0.00248,0.44278,0.45246,,,,,,,,,,,,,,,,,,
saopaulo,B_blind,CatNDCG,SIT,0.47049,0.0032238,0.47573,0.00258,0.47067,0.48069,,0.02288,0.02587,0.03047,0.0,9.2e-05,5,,,-0.03593,-0.03557,-0.02802,0.0,1.3e-05,0,,,
saopaulo,B_blind,CatNDCG,Steck-b,0.50643,0.0014382,0.50759,0.00257,0.50256,0.51271,,,,,,,,,,,,,,,,,,
saopaulo,B_blind,macroCatMRR,BASE,0.18271,0.0,0.18271,0.00091,0.18096,0.1846,,,,,,,,,,,,,,,,,,
saopaulo,B_blind,macroCatMRR,SIT,0.20142,0.0022824,0.20535,0.00108,0.20321,0.20744,ridondante,0.01871,0.0211,0.0241,0.0,5.2e-05,5,0.0,***,-0.0783,-0.08552,-0.07391,0.0,9e-06,0,0.0,***,
saopaulo,B_blind,macroCatMRR,Steck-b,0.27972,0.0068182,0.28511,0.00301,0.27933,0.29107,,,,,,,,,,,,,,,,,,
saopaulo,B_blind,MRR,BASE,0.02269,0.0,0.02269,0.00074,0.02121,0.0241,,,,,,,,,,,,,,,,,,
saopaulo,B_blind,MRR,SIT,0.02194,0.0003355,0.02252,0.00072,0.02112,0.02391,,-0.00076,-0.00076,0.00047,0.617333,0.007226,0,,,0.00239,0.00259,0.00423,0.0,0.000987,5,,,
saopaulo,B_blind,MRR,Steck-b,0.01955,0.0003757,0.01911,0.00063,0.01794,0.02039,,,,,,,,,,,,,,,,,,
saopaulo,B_blind,HR5,BASE,0.02955,0.0,0.02955,0.00109,0.02745,0.03174,,,,,,,,,,,,,,,,,,
saopaulo,B_blind,HR5,SIT,0.02882,0.000491,0.02968,0.00107,0.02766,0.03184,,-0.00073,-0.00109,0.00132,0.862667,0.0292,1,,,0.00384,0.00353,0.00672,0.0,0.000387,5,,,
saopaulo,B_blind,HR5,Steck-b,0.02499,0.0004631,0.02456,0.00101,0.02275,0.02666,,,,,,,,,,,,,,,,,,
saopaulo,B_blind,HR10,BASE,0.04391,0.0,0.04391,0.00134,0.04139,0.04651,,,,,,,,,,,,,,,,,,
saopaulo,B_blind,HR10,SIT,0.04395,0.0002501,0.04437,0.00134,0.04164,0.047,,4e-05,-0.00088,0.00164,0.481333,0.726495,2,,,0.00552,0.00428,0.00798,0.0,5e-06,5,,,
saopaulo,B_blind,HR10,Steck-b,0.03844,0.0002494,0.03824,0.00125,0.03585,0.04072,,,,,,,,,,,,,,,,,,
saopaulo,B_blind,HR20,BASE,0.06528,0.0,0.06528,0.00157,0.06207,0.06832,,,,,,,,,,,,,,,,,,
saopaulo,B_blind,HR20,SIT,0.0652,0.0004476,0.06574,0.0016,0.06251,0.06889,,-8e-05,-0.00092,0.00185,0.557333,0.725001,2,,,0.00565,0.00416,0.00863,0.0,0.000114,5,,,1
saopaulo,B_blind,HR20,Steck-b,0.05955,0.0004981,0.0594,0.00151,0.05655,0.06247,,,,,,,,,,,,,,,,,,
saopaulo,B_blind,NDCG5,BASE,0.01973,0.0,0.01973,0.00077,0.01823,0.02127,,,,,,,,,,,,,,,,,,
saopaulo,B_blind,NDCG5,SIT,0.01885,0.0003862,0.01952,0.00077,0.018,0.02102,,-0.00088,-0.00089,0.00044,0.574667,0.007059,0,,,0.00245,0.0026,0.00456,0.0,0.001305,5,,,
saopaulo,B_blind,NDCG5,Steck-b,0.0164,0.0004167,0.01595,0.00071,0.0146,0.01741,,,,,,,,,,,,,,,,,,
saopaulo,B_blind,NDCG10,BASE,0.02429,0.0,0.02429,0.0008,0.02265,0.02587,,,,,,,,,,,,,,,,,,
saopaulo,B_blind,NDCG10,SIT,0.0237,0.0003075,0.02423,0.00081,0.02262,0.02574,,-0.00059,-0.00071,0.00057,0.812,0.012534,0,,,0.00298,0.00287,0.00484,0.0,0.000266,5,,,
saopaulo,B_blind,NDCG10,Steck-b,0.02072,0.0003402,0.02034,0.00071,0.01893,0.02169,,,,,,,,,,,,,,,,,,
saopaulo,B_blind,NDCG20,BASE,0.02968,0.0,0.02968,0.00084,0.02803,0.03132,,,,,,,,,,,,,,,,,,
saopaulo,B_blind,NDCG20,SIT,0.02904,0.0003286,0.02961,0.00084,0.02803,0.0313,,-0.00063,-0.00064,0.00052,0.854667,0.012692,0,,,0.00304,0.00302,0.00488,0.0,0.000418,5,,,1
saopaulo,B_blind,NDCG20,Steck-b,0.02601,0.0003882,0.02564,0.00075,0.02415,0.0271,,,,,,,,,,,,,,,,,,
saopaulo,B_blind,MRR_u,BASE,0.02914,0.0,0.02914,0.00112,0.02699,0.03143,,,,,,,,,,,,,,,,,,
saopaulo,B_blind,MRR_u,SIT,0.02793,0.0005061,0.02882,0.00108,0.02675,0.03097,,-0.00121,-0.00124,0.00058,0.514667,0.005878,0,,,0.00361,0.0036,0.00655,0.0,0.000767,5,,,
saopaulo,B_blind,MRR_u,Steck-b,0.02431,0.0005039,0.02377,0.00093,0.02207,0.02565,,,,,,,,,,,,,,,,,,
saopaulo,B_blind,HR5_u,BASE,0.03904,0.0,0.03904,0.00173,0.03581,0.04249,,,,,,,,,,,,,,,,,,
saopaulo,B_blind,HR5_u,SIT,0.03805,0.0006252,0.03911,0.00173,0.03587,0.0426,,-0.001,-0.0017,0.00177,0.925333,0.023494,1,,,0.00609,0.00512,0.01043,0.0,0.000189,5,,,
saopaulo,B_blind,HR5_u,Steck-b,0.03195,0.0007323,0.03143,0.00149,0.02854,0.03465,,,,,,,,,,,,,,,,,,
saopaulo,B_blind,HR10_u,BASE,0.05736,0.0,0.05736,0.0022,0.05304,0.0616,,,,,,,,,,,,,,,,,,
saopaulo,B_blind,HR10_u,SIT,0.05693,0.000503,0.0577,0.00217,0.05344,0.06195,,-0.00043,-0.00159,0.00231,0.732,0.128385,1,,,0.00714,0.00523,0.01115,0.0,1e-05,5,,,
saopaulo,B_blind,HR10_u,Steck-b,0.0498,0.0003117,0.04955,0.00194,0.04585,0.05344,,,,,,,,,,,,,,,,,,
saopaulo,B_blind,HR20_u,BASE,0.08268,0.0,0.08268,0.00238,0.07804,0.08741,,,,,,,,,,,,,,,,,,
saopaulo,B_blind,HR20_u,SIT,0.08293,0.0004583,0.08325,0.00242,0.07837,0.088,,0.00025,-0.00149,0.00255,0.617333,0.290834,3,,,0.00729,0.00475,0.01119,0.0,0.00015,5,,,
saopaulo,B_blind,HR20_u,Steck-b,0.07564,0.0007302,0.07536,0.00235,0.07086,0.08006,,,,,,,,,,,,,,,,,,
saopaulo,B_blind,NDCG5_u,BASE,0.02594,0.0,0.02594,0.00123,0.02359,0.02838,,,,,,,,,,,,,,,,,,
saopaulo,B_blind,NDCG5_u,SIT,0.02461,0.0005474,0.02557,0.0012,0.0233,0.02786,,-0.00132,-0.00152,0.00075,0.52,0.005687,0,,,0.00395,0.00365,0.0072,0.0,0.000719,5,,,
saopaulo,B_blind,NDCG5_u,Steck-b,0.02067,0.0005913,0.0201,0.00101,0.01816,0.02218,,,,,,,,,,,,,,,,,,
saopaulo,B_blind,NDCG10_u,BASE,0.03176,0.0,0.03176,0.00131,0.02941,0.03445,,,,,,,,,,,,,,,,,,
saopaulo,B_blind,NDCG10_u,SIT,0.03068,0.0004993,0.03155,0.00128,0.02913,0.03423,,-0.00108,-0.00118,0.00073,0.653333,0.008477,0,,,0.00428,0.00405,0.00724,0.0,0.000264,5,,,
saopaulo,B_blind,NDCG10_u,Steck-b,0.0264,0.0004505,0.02592,0.00107,0.02388,0.02806,,,,,,,,,,,,,,,,,,
saopaulo,B_blind,NDCG20_u,BASE,0.03814,0.0,0.03814,0.00133,0.0356,0.04065,,,,,,,,,,,,,,,,,,
saopaulo,B_blind,NDCG20_u,SIT,0.03723,0.0004288,0.03798,0.0013,0.03545,0.04042,,-0.00091,-0.001,0.00074,0.748,0.009092,0,,,0.00436,0.00406,0.00717,0.0,0.000348,5,,,
saopaulo,B_blind,NDCG20_u,Steck-b,0.03287,0.0005405,0.03238,0.00112,0.03025,0.03459,,,,,,,,,,,,,,,,,,
saopaulo,B_blind,Coverage,BASE,0.18678,0.0,0.18678,7e-05,0.18647,0.18678,,,,,,,,,,,,,,,,,,
saopaulo,B_blind,Coverage,SIT,0.21484,0.0048907,0.22357,0.00071,0.22014,0.22295,,0.02806,0.03336,0.03617,0.0,0.000213,5,,,-0.10184,-0.09853,-0.09479,0.0,0.0,0,,,
saopaulo,B_blind,Coverage,Steck-b,0.31668,0.0018526,0.31993,0.00072,0.31681,0.31961,,,,,,,,,,,,,,,,,,
saopaulo,B_blind,Gini,BASE,0.96299,0.0,0.96299,0.00018,0.96267,0.96338,,,,,,,,,,,,,,,,,,
saopaulo,B_blind,Gini,SIT,0.95867,0.0003689,0.9581,0.0002,0.95774,0.95851,,-0.00432,-0.00501,-0.00476,0.0,1.3e-05,0,,,0.02478,0.02467,0.0254,0.0,1e-06,5,,,
saopaulo,B_blind,Gini,Steck-b,0.93389,0.0012637,0.93301,0.00028,0.93255,0.93366,,,,,,,,,,,,,,,,,,
saopaulo,B_blind,LT20,BASE,0.00884,0.0,0.008840000256896019,0.00026,0.00835,0.00935,,,,,,,,,,,,,,,,,,
saopaulo,B_blind,LT20,SIT,0.01181,0.0001551,0.011979999952018261,0.00028,0.01142,0.01253,,0.00297,0.0029,0.00339,0.0,2e-06,5,,,-0.01788,-0.01925,-0.01792,0.0,3e-06,0,,,
saopaulo,B_blind,LT20,Steck-b,0.02969,0.0012321,0.030559999868273735,0.00044,0.02972,0.03142,,,,,,,,,,,,,,,,,,
saopaulo,B_blind,JS,BASE,0.2772,0.0,0.2772,0.00106,0.27504,0.27917,,,,,,,,,,,,,,,,,,
saopaulo,B_blind,JS,SIT,0.27123,0.001085,0.27275,0.00104,0.27057,0.27476,,-0.00597,-0.00543,-0.00347,0.0,0.000251,0,,,0.11986,0.12139,0.12525,0.0,0.0,5,,,
saopaulo,B_blind,JS,Steck-b,0.15138,0.0032098,0.1494,0.00055,0.14836,0.15045,,,,,,,,,,,,,,,,,,
saopaulo,B_full,CatMRR,BASE,0.46891,0.0029317,0.47233,0.00276,0.46686,0.47765,,,,,,,,,,,,,,,,,,
saopaulo,B_full,CatMRR,SIT,0.47382,0.0016757,0.47554,0.00276,0.4701,0.48088,,0.00491,0.00197,0.00447,0.0,0.003004,5,,,-0.0035,-0.00667,-0.00305,0.0,0.001216,0,,,
saopaulo,B_full,CatMRR,Steck-b,0.47732,0.0023099,0.48043,0.0029,0.47469,0.48585,,,,,,,,,,,,,,,,,,
saopaulo,B_full,CatNDCG,BASE,0.52927,0.0033647,0.53218,0.00267,0.52685,0.53754,,,,,,,,,,,,,,,,,,
saopaulo,B_full,CatNDCG,SIT,0.53138,0.0023101,0.53354,0.00268,0.52825,0.53883,,0.00211,0.0004,0.00229,0.009333,0.032454,5,,,0.00036,-0.00423,-0.00098,0.0,0.69018,3,,,
saopaulo,B_full,CatNDCG,Steck-b,0.53102,0.0039927,0.53621,0.00275,0.53082,0.54138,,,,,,,,,,,,,,,,,,
saopaulo,B_full,macroCatMRR,BASE,0.36152,0.0110792,0.36667,0.00567,0.35575,0.37843,,,,,,,,,,,,,,,,,,
saopaulo,B_full,macroCatMRR,SIT,0.36906,0.009803,0.36981,0.0057,0.35882,0.3816,ridondante,0.00754,0.00185,0.00434,0.0,0.011589,5,0.0,***,-0.02555,-0.02907,-0.01703,0.0,0.003266,0,0.0,***,
saopaulo,B_full,macroCatMRR,Steck-b,0.39461,0.0066759,0.39246,0.00685,0.37928,0.40591,,,,,,,,,,,,,,,,,,
saopaulo,B_full,MRR,BASE,0.0175,0.0002542,0.01763,0.0006,0.0165,0.01882,,,,,,,,,,,,,,,,,,
saopaulo,B_full,MRR,SIT,0.01713,0.0003459,0.01753,0.00059,0.01639,0.01872,,-0.00037,-0.00031,9e-05,0.277333,0.00551,0,,,0.00075,0.00036,0.00096,0.0,0.01059,5,,,
saopaulo,B_full,MRR,Steck-b,0.01638,0.0003254,0.01686,0.00059,0.01574,0.01796,,,,,,,,,,,,,,,,,,
saopaulo,B_full,HR5,BASE,0.02227,0.0005248,0.02275,0.00098,0.02086,0.02464,,,,,,,,,,,,,,,,,,
saopaulo,B_full,HR5,SIT,0.02232,0.0004836,0.02259,0.00098,0.02061,0.02456,,6e-05,-0.00063,0.00029,0.528,0.767984,2,,,0.0013,8e-05,0.00147,0.037333,0.029334,5,,,
saopaulo,B_full,HR5,Steck-b,0.02102,0.0005858,0.02179,0.00093,0.01994,0.02363,,,,,,,,,,,,,,,,,,
saopaulo,B_full,HR10,BASE,0.03663,0.0008953,0.03719,0.00122,0.0348,0.03967,,,,,,,,,,,,,,,,,,
saopaulo,B_full,HR10,SIT,0.03606,0.0009987,0.03736,0.00122,0.03501,0.03984,,-0.00057,-0.00053,0.00084,0.708,0.054358,1,,,0.00168,0.00055,0.00235,0.002667,0.004004,5,,,
saopaulo,B_full,HR10,Steck-b,0.03438,0.0008485,0.03589,0.00121,0.03358,0.03833,,,,,,,,,,,,,,,,,,
saopaulo,B_full,HR20,BASE,0.05611,0.0008278,0.05751,0.00147,0.05462,0.06037,,,,,,,,,,,,,,,,,,
saopaulo,B_full,HR20,SIT,0.05486,0.0012876,0.0568,0.00147,0.05394,0.05968,,-0.00125,-0.00143,-4e-05,0.044,0.007685,0,,,0.00242,0.00122,0.00332,0.0,0.009905,5,,,1
saopaulo,B_full,HR20,Steck-b,0.05244,0.0012728,0.05453,0.00148,0.05168,0.05762,,,,,,,,,,,,,,,,,,
saopaulo,B_full,NDCG5,BASE,0.01428,0.0002605,0.01448,0.00066,0.01323,0.01582,,,,,,,,,,,,,,,,,,
saopaulo,B_full,NDCG5,SIT,0.01412,0.0003141,0.01437,0.00066,0.01311,0.01569,,-0.00016,-0.00036,0.00012,0.370667,0.108909,1,,,0.00076,0.00021,0.00096,0.005333,0.023883,5,,,
saopaulo,B_full,NDCG5,Steck-b,0.01336,0.0003313,0.0138,0.00063,0.01255,0.01499,,,,,,,,,,,,,,,,,,
saopaulo,B_full,NDCG10,BASE,0.0189,0.0003976,0.01913,0.00069,0.01779,0.02046,,,,,,,,,,,,,,,,,,
saopaulo,B_full,NDCG10,SIT,0.01853,0.0005,0.01912,0.00069,0.0178,0.02046,,-0.00036,-0.00026,0.00024,0.989333,0.01647,0,,,0.00088,0.00041,0.00116,0.0,0.007669,5,,,
saopaulo,B_full,NDCG10,Steck-b,0.01765,0.0003823,0.01831,0.00067,0.01697,0.0196,,,,,,,,,,,,,,,,,,
saopaulo,B_full,NDCG20,BASE,0.0238,0.0003479,0.02424,0.00073,0.02279,0.02568,,,,,,,,,,,,,,,,,,
saopaulo,B_full,NDCG20,SIT,0.02325,0.0005224,0.024,0.00072,0.02257,0.0254,,-0.00055,-0.00047,-3e-05,0.030667,0.005168,0,,,0.00106,0.00067,0.00134,0.0,0.008238,5,,,1
saopaulo,B_full,NDCG20,Steck-b,0.0222,0.0005033,0.023,0.00072,0.02163,0.02445,,,,,,,,,,,,,,,,,,
saopaulo,B_full,MRR_u,BASE,0.02179,0.000404,0.02199,0.00088,0.02035,0.02374,,,,,,,,,,,,,,,,,,
saopaulo,B_full,MRR_u,SIT,0.02132,0.0005225,0.02183,0.00088,0.02017,0.02358,,-0.00047,-0.00046,0.00013,0.281333,0.004823,0,,,0.00091,0.00027,0.00127,0.0,0.009101,5,,,
saopaulo,B_full,MRR_u,Steck-b,0.02041,0.0004372,0.02108,0.00089,0.01938,0.0228,,,,,,,,,,,,,,,,,,
saopaulo,B_full,HR5_u,BASE,0.02835,0.0007619,0.02927,0.0015,0.02652,0.03234,,,,,,,,,,,,,,,,,,
saopaulo,B_full,HR5_u,SIT,0.0281,0.0009783,0.02878,0.00148,0.02602,0.03185,,-0.00025,-0.00127,0.00021,0.192,0.246144,1,,,0.00135,-0.00011,0.00195,0.072,0.077937,4,,,
saopaulo,B_full,HR5_u,Steck-b,0.02675,0.0007124,0.02785,0.00147,0.02507,0.03083,,,,,,,,,,,,,,,,,,
saopaulo,B_full,HR10_u,BASE,0.04725,0.0011567,0.04758,0.0019,0.04377,0.0512,,,,,,,,,,,,,,,,,,
saopaulo,B_full,HR10_u,SIT,0.04613,0.0011783,0.04731,0.00189,0.04339,0.05089,,-0.00111,-0.00131,0.00075,0.616,0.019036,0,,,0.00192,-0.00015,0.00262,0.084,0.023065,5,,,
saopaulo,B_full,HR10_u,Steck-b,0.04422,0.0010636,0.04607,0.00186,0.04249,0.04984,,,,,,,,,,,,,,,,,,
saopaulo,B_full,HR20_u,BASE,0.07108,0.0008189,0.07213,0.00226,0.06799,0.07676,,,,,,,,,,,,,,,,,,
saopaulo,B_full,HR20_u,SIT,0.06926,0.0016124,0.07126,0.00225,0.06702,0.07581,,-0.00182,-0.00193,0.00015,0.098667,0.011175,0,,,0.00276,0.00037,0.00359,0.014667,0.029005,5,,,
saopaulo,B_full,HR20_u,Steck-b,0.0665,0.0016991,0.0693,0.00235,0.06457,0.07397,,,,,,,,,,,,,,,,,,
saopaulo,B_full,NDCG5_u,BASE,0.01796,0.0004625,0.01838,0.00099,0.01654,0.02042,,,,,,,,,,,,,,,,,,
saopaulo,B_full,NDCG5_u,SIT,0.01766,0.0006248,0.01815,0.00098,0.0163,0.02013,,-0.0003,-0.00067,0.00011,0.206667,0.016401,0,,,0.00085,0.00013,0.00126,0.022667,0.040066,4,,,
saopaulo,B_full,NDCG5_u,Steck-b,0.01681,0.0004338,0.01747,0.00093,0.01571,0.01936,,,,,,,,,,,,,,,,,,
saopaulo,B_full,NDCG10_u,BASE,0.02403,0.0005813,0.02425,0.00104,0.02229,0.0263,,,,,,,,,,,,,,,,,,
saopaulo,B_full,NDCG10_u,SIT,0.02345,0.0006934,0.0241,0.00104,0.02211,0.02619,,-0.00057,-0.00056,0.00022,0.44,0.010876,0,,,0.00105,0.00024,0.00141,0.008,0.014997,5,,,
saopaulo,B_full,NDCG10_u,Steck-b,0.0224,0.0005108,0.02327,0.00107,0.0212,0.02532,,,,,,,,,,,,,,,,,,
saopaulo,B_full,NDCG20_u,BASE,0.03003,0.0004806,0.03045,0.0011,0.02827,0.03268,,,,,,,,,,,,,,,,,,
saopaulo,B_full,NDCG20_u,SIT,0.02928,0.0007278,0.03013,0.00109,0.02799,0.03231,,-0.00075,-0.00063,2e-05,0.066667,0.00525,0,,,0.00125,0.00048,0.00156,0.0,0.014216,5,,,
saopaulo,B_full,NDCG20_u,Steck-b,0.02802,0.0006823,0.02913,0.00112,0.02682,0.03125,,,,,,,,,,,,,,,,,,
saopaulo,B_full,Coverage,BASE,0.29903,0.0553821,0.26848,0.00174,0.25288,0.25974,,,,,,,,,,,,,,,,,,
saopaulo,B_full,Coverage,SIT,0.30702,0.0553719,0.26816,0.0017,0.25351,0.26006,,0.00798,-0.00156,0.00235,0.788,0.0245,4,,,-0.04478,-0.03399,-0.02682,0.0,0.001872,0,,,
saopaulo,B_full,Coverage,Steck-b,0.35179,0.0481268,0.30184,0.00213,0.28297,0.29124,,,,,,,,,,,,,,,,,,
saopaulo,B_full,Gini,BASE,0.95539,0.0070119,0.95906,0.00018,0.95876,0.95945,,,,,,,,,,,,,,,,,,
saopaulo,B_full,Gini,SIT,0.95294,0.0075973,0.95836,0.00018,0.95804,0.95877,,-0.00245,-0.00076,-0.00064,0.0,0.006283,0,,,0.00829,0.00546,0.00578,0.0,0.0035,5,,,
saopaulo,B_full,Gini,Steck-b,0.94465,0.0063023,0.95273,0.00022,0.95237,0.95323,,,,,,,,,,,,,,,,,,
saopaulo,B_full,LT20,BASE,0.06846,0.0107241,0.05973999947309494,0.00076,0.05833,0.06121,,,,,,,,,,,,,,,,,,
saopaulo,B_full,LT20,SIT,0.07292,0.0121372,0.06046999990940094,0.00077,0.05902,0.06198,,0.00447,0.00048,0.00095,0.0,0.011617,5,,,-0.01458,-0.01114,-0.01011,0.0,0.004026,0,,,
saopaulo,B_full,LT20,Steck-b,0.0875,0.010507,0.07109999656677246,0.00087,0.06944,0.07285,,,,,,,,,,,,,,,,,,
saopaulo,B_full,JS,BASE,0.29646,0.0079315,0.29887,0.00107,0.29664,0.30092,,,,,,,,,,,,,,,,,,
saopaulo,B_full,JS,SIT,0.30322,0.00783,0.3035,0.00109,0.30124,0.30559,,0.00676,0.00423,0.00503,0.0,0.000297,5,,,0.03833,0.02814,0.02989,0.0,0.000611,5,,,
saopaulo,B_full,JS,Steck-b,0.26489,0.0055281,0.27446,0.00099,0.27253,0.27644,,,,,,,,,,,,,,,,,,
saopaulo,EASE,CatMRR,BASE,0.36876,0.0,0.36876,0.00255,0.3641,0.37402,,,,,,,,,,,,,,,,,,
saopaulo,EASE,CatMRR,SIT,0.39169,0.0039563,0.39856,0.00278,0.393,0.40382,,0.02294,0.02582,0.03366,0.0,0.000204,5,,,-0.02386,-0.02293,-0.01385,0.0,0.000119,0,,,
saopaulo,EASE,CatMRR,Steck-b,0.41556,0.0012336,0.41687,0.00271,0.41177,0.42226,,,,,,,,,,,,,,,,,,
saopaulo,EASE,CatNDCG,BASE,0.45037,0.0,0.45037,0.00245,0.44574,0.45498,,,,,,,,,,,,,,,,,,
saopaulo,EASE,CatNDCG,SIT,0.45392,0.0026849,0.45839,0.00272,0.45314,0.46375,,0.00355,0.00447,0.01181,0.0,0.041734,5,,,-0.02195,-0.0224,-0.01357,0.0,3.6e-05,0,,,
saopaulo,EASE,CatNDCG,Steck-b,0.47588,0.000328,0.47626,0.00269,0.47094,0.48133,,,,,,,,,,,,,,,,,,
saopaulo,EASE,macroCatMRR,BASE,0.18217,0.0,0.18217,0.00086,0.18047,0.18382,,,,,,,,,,,,,,,,,,
saopaulo,EASE,macroCatMRR,SIT,0.2092,0.0035547,0.21542,0.00147,0.21268,0.21834,ridondante,0.02703,0.0306,0.03601,0.0,7e-05,5,0.0,***,-0.07268,-0.08331,-0.06078,0.0,2.3e-05,0,0.0,***,
saopaulo,EASE,macroCatMRR,Steck-b,0.28188,0.0070709,0.28679,0.00572,0.27605,0.29932,,,,,,,,,,,,,,,,,,
saopaulo,EASE,MRR,BASE,0.02228,0.0,0.02228,0.00068,0.02098,0.0236,,,,,,,,,,,,,,,,,,
saopaulo,EASE,MRR,SIT,0.02042,0.0005076,0.02129,0.0007,0.01995,0.02265,,-0.00186,-0.00183,-0.00015,0.018667,0.001198,0,,,0.00247,0.00261,0.00456,0.0,0.001139,5,,,
saopaulo,EASE,MRR,Steck-b,0.01795,0.0001669,0.0177,0.0006,0.01658,0.01892,,,,,,,,,,,,,,,,,,
saopaulo,EASE,HR5,BASE,0.02939,0.0,0.02939,0.00111,0.02729,0.03165,,,,,,,,,,,,,,,,,,
saopaulo,EASE,HR5,SIT,0.02719,0.0006488,0.02808,0.00107,0.02607,0.03031,,-0.00219,-0.003,0.00029,0.121333,0.001647,0,,,0.00256,0.00212,0.00542,0.0,0.004156,5,,,
saopaulo,EASE,HR5,Steck-b,0.02463,0.0003244,0.02422,0.00098,0.02235,0.0262,,,,,,,,,,,,,,,,,,
saopaulo,EASE,HR10,BASE,0.04551,0.0,0.04551,0.00135,0.04293,0.04829,,,,,,,,,,,,,,,,,,
saopaulo,EASE,HR10,SIT,0.04153,0.0009025,0.04286,0.00133,0.0403,0.04559,,-0.00398,-0.00451,-0.00071,0.013333,0.000594,0,,,0.00509,0.00483,0.00886,0.0,0.001347,5,,,
saopaulo,EASE,HR10,Steck-b,0.03644,0.0005944,0.03602,0.0012,0.03371,0.0385,,,,,,,,,,,,,,,,,,
saopaulo,EASE,HR20,BASE,0.06801,0.0,0.06801,0.00159,0.06499,0.0712,,,,,,,,,,,,,,,,,,
saopaulo,EASE,HR20,SIT,0.0613,0.0010164,0.06255,0.00151,0.05957,0.06549,,-0.00671,-0.00778,-0.00312,0.0,0.000123,0,,,0.00866,0.00844,0.01339,0.0,0.000296,5,,,0
saopaulo,EASE,HR20,Steck-b,0.05264,0.000651,0.05172,0.00146,0.04884,0.05466,,,,,,,,,,,,,,,,,,
saopaulo,EASE,NDCG5,BASE,0.01909,0.0,0.01909,0.00074,0.01767,0.02049,,,,,,,,,,,,,,,,,,
saopaulo,EASE,NDCG5,SIT,0.01793,0.0004756,0.01873,0.00075,0.01729,0.0202,,-0.00116,-0.00133,0.0006,0.457333,0.005489,0,,,0.0019,0.0019,0.00405,0.0,0.002683,5,,,
saopaulo,EASE,NDCG5,Steck-b,0.01603,0.0001686,0.01577,0.0007,0.01448,0.01715,,,,,,,,,,,,,,,,,,
saopaulo,EASE,NDCG10,BASE,0.02428,0.0,0.02428,0.00079,0.02274,0.02582,,,,,,,,,,,,,,,,,,
saopaulo,EASE,NDCG10,SIT,0.02252,0.0005709,0.02348,0.0008,0.02192,0.0251,,-0.00176,-0.00174,0.00014,0.096,0.002321,0,,,0.00268,0.00284,0.00495,0.0,0.001494,5,,,
saopaulo,EASE,NDCG10,Steck-b,0.01984,0.0002357,0.01958,0.0007,0.01824,0.02093,,,,,,,,,,,,,,,,,,
saopaulo,EASE,NDCG20,BASE,0.02993,0.0,0.02993,0.00085,0.02838,0.03167,,,,,,,,,,,,,,,,,,
saopaulo,EASE,NDCG20,SIT,0.0275,0.0005889,0.02845,0.00081,0.0269,0.03005,,-0.00242,-0.00244,-0.00054,0.001333,0.000773,0,,,0.00361,0.00378,0.00604,0.0,0.000668,5,,,1
saopaulo,EASE,NDCG20,Steck-b,0.02389,0.0002635,0.0235,0.00075,0.02216,0.02502,,,,,,,,,,,,,,,,,,
saopaulo,EASE,MRR_u,BASE,0.02879,0.0,0.02879,0.0011,0.02671,0.03097,,,,,,,,,,,,,,,,,,
saopaulo,EASE,MRR_u,SIT,0.02594,0.000684,0.02713,0.00107,0.02507,0.0293,,-0.00285,-0.00316,-0.00019,0.024,0.000743,0,,,0.00432,0.00421,0.00748,0.0,0.000397,5,,,
saopaulo,EASE,MRR_u,Steck-b,0.02162,0.0002223,0.02133,0.00094,0.01948,0.02317,,,,,,,,,,,,,,,,,,
saopaulo,EASE,HR5_u,BASE,0.03877,0.0,0.03877,0.00173,0.03538,0.04216,,,,,,,,,,,,,,,,,,
saopaulo,EASE,HR5_u,SIT,0.03467,0.0007668,0.0357,0.00164,0.03257,0.03895,,-0.00411,-0.00571,-0.00042,0.029333,0.000279,0,,,0.00484,0.00369,0.00911,0.0,0.000884,5,,,
saopaulo,EASE,HR5_u,Steck-b,0.02983,0.0004552,0.02924,0.00146,0.0264,0.03213,,,,,,,,,,,,,,,,,,
saopaulo,EASE,HR10_u,BASE,0.05902,0.0,0.05902,0.00213,0.05486,0.06337,,,,,,,,,,,,,,,,,,
saopaulo,EASE,HR10_u,SIT,0.05197,0.0010451,0.05362,0.00197,0.04983,0.05752,,-0.00704,-0.00869,-0.00202,0.0,0.000113,0,,,0.00822,0.00745,0.0139,0.0,0.000602,5,,,
saopaulo,EASE,HR10_u,Steck-b,0.04375,0.0009427,0.043,0.0018,0.03955,0.04638,,,,,,,,,,,,,,,,,,
saopaulo,EASE,HR20_u,BASE,0.08684,0.0,0.08684,0.00254,0.08181,0.0917,,,,,,,,,,,,,,,,,,
saopaulo,EASE,HR20_u,SIT,0.07573,0.0010126,0.07685,0.00245,0.07218,0.08158,,-0.01111,-0.0137,-0.00631,0.0,1.6e-05,0,,,0.01346,0.01192,0.01994,0.0,9.2e-05,5,,,
saopaulo,EASE,HR20_u,Steck-b,0.06226,0.0009138,0.061,0.0021,0.05704,0.06505,,,,,,,,,,,,,,,,,,
saopaulo,EASE,NDCG5_u,BASE,0.02522,0.0,0.02522,0.00119,0.02294,0.0276,,,,,,,,,,,,,,,,,,
saopaulo,EASE,NDCG5_u,SIT,0.02324,0.0006123,0.02426,0.00118,0.02207,0.02668,,-0.00198,-0.00261,0.00073,0.250667,0.001927,0,,,0.00365,0.00318,0.00683,0.0,0.00059,5,,,
saopaulo,EASE,NDCG5_u,Steck-b,0.01958,0.0002231,0.01927,0.00106,0.01721,0.02139,,,,,,,,,,,,,,,,,,
saopaulo,EASE,NDCG10_u,BASE,0.03171,0.0,0.03171,0.00123,0.02932,0.03416,,,,,,,,,,,,,,,,,,
saopaulo,EASE,NDCG10_u,SIT,0.02878,0.0007269,0.03002,0.00123,0.02749,0.03242,,-0.00294,-0.00336,0.00012,0.064,0.000831,0,,,0.00472,0.0045,0.0082,0.0,0.000507,5,,,
saopaulo,EASE,NDCG10_u,Steck-b,0.02406,0.0003616,0.0237,0.00112,0.02155,0.02593,,,,,,,,,,,,,,,,,,
saopaulo,EASE,NDCG20_u,BASE,0.0387,0.0,0.0387,0.0013,0.03616,0.0413,,,,,,,,,,,,,,,,,,
saopaulo,EASE,NDCG20_u,SIT,0.03477,0.0007004,0.03591,0.00125,0.03343,0.03833,,-0.00393,-0.00445,-0.00124,0.0,0.000231,0,,,0.00608,0.00571,0.00958,0.0,0.000207,5,,,
saopaulo,EASE,NDCG20_u,Steck-b,0.02869,0.0003634,0.02821,0.00112,0.02611,0.03043,,,,,,,,,,,,,,,,,,
saopaulo,EASE,Coverage,BASE,0.23012,0.0,0.23012,0.00133,0.22295,0.22794,,,,,,,,,,,,,,,,,,
saopaulo,EASE,Coverage,SIT,0.42619,0.0316571,0.4802,0.00264,0.45619,0.46648,,0.19607,0.23075,0.24072,0.0,0.000158,5,,,-0.15229,-0.11304,-0.10009,0.0,0.000408,0,,,
saopaulo,EASE,Coverage,Steck-b,0.57848,0.0012932,0.57967,0.00245,0.56283,0.5725,,,,,,,,,,,,,,,,,,
saopaulo,EASE,Gini,BASE,0.9707,0.0,0.9707,0.00011,0.97051,0.97095,,,,,,,,,,,,,,,,,,
saopaulo,EASE,Gini,SIT,0.94229,0.0024611,0.93877,0.00032,0.93831,0.93957,,-0.02841,-0.03229,-0.03128,0.0,1.3e-05,0,,,0.03029,0.02709,0.02864,0.0,3.4e-05,5,,,
saopaulo,EASE,Gini,Steck-b,0.912,0.0017287,0.91079,0.00052,0.91011,0.91212,,,,,,,,,,,,,,,,,,
saopaulo,EASE,LT20,BASE,0.00736,0.0,0.007360000163316727,0.00021,0.00694,0.00778,,,,,,,,,,,,,,,,,,
saopaulo,EASE,LT20,SIT,0.04093,0.00732,0.03764000162482262,0.00059,0.03645,0.03881,,0.03357,0.02927,0.03125,0.0,0.00051,5,,,-0.05248,-0.06006,-0.05589,0.0,0.000391,0,,,
saopaulo,EASE,LT20,Steck-b,0.09341,0.0033863,0.09555000066757202,0.00114,0.09333,0.09775,,,,,,,,,,,,,,,,,,
saopaulo,EASE,JS,BASE,0.27035,0.0,0.27035,0.00096,0.26842,0.27219,,,,,,,,,,,,,,,,,,
saopaulo,EASE,JS,SIT,0.32635,0.0102303,0.34458,0.0014,0.34191,0.34735,,0.056,0.07179,0.07662,0.0,0.000256,5,,,0.13446,0.14929,0.15467,0.0,7e-06,5,,,
saopaulo,EASE,JS,Steck-b,0.19189,0.0010554,0.1926,0.00083,0.19106,0.19427,,,,,,,,,,,,,,,,,,
saopaulo,DeepFM,CatMRR,BASE,0.38252,0.0,0.38252,0.0031,0.37642,0.38873,,,,,,,,,,,,,,,,,,
saopaulo,DeepFM,CatMRR,SIT,0.38617,0.0009759,0.38763,0.00316,0.38131,0.39397,,0.00365,0.0028,0.00722,0.0,0.00112,5,,,-0.02994,-0.03293,-0.02406,0.0,2e-06,0,,,
saopaulo,DeepFM,CatMRR,Steck-b,0.41611,0.0011661,0.41617,0.00303,0.40997,0.42196,,,,,,,,,,,,,,,,,,
saopaulo,DeepFM,CatNDCG,BASE,0.4097,0.0,0.4097,0.00298,0.40403,0.41558,,,,,,,,,,,,,,,,,,
saopaulo,DeepFM,CatNDCG,SIT,0.41188,0.0007474,0.41216,0.003,0.40626,0.41794,,0.00218,0.00051,0.00436,0.013333,0.002856,5,,,-0.03279,-0.0367,-0.02824,0.0,1e-06,0,,,
saopaulo,DeepFM,CatNDCG,Steck-b,0.44467,0.0008968,0.44446,0.00297,0.4385,0.45032,,,,,,,,,,,,,,,,,,
saopaulo,DeepFM,macroCatMRR,BASE,0.19257,0.0,0.19257,0.00296,0.18746,0.19896,,,,,,,,,,,,,,,,,,
saopaulo,DeepFM,macroCatMRR,SIT,0.19874,0.0023742,0.20113,0.00296,0.19587,0.20773,ridondante,0.00618,0.0067,0.01049,0.0,0.004346,5,0.0,***,-0.10559,-0.11756,-0.09245,0.0,0.0,0,0.0,***,
saopaulo,DeepFM,macroCatMRR,Steck-b,0.30433,0.004247,0.30598,0.00628,0.29406,0.31908,,,,,,,,,,,,,,,,,,
saopaulo,DeepFM,MRR,BASE,0.01464,0.0,0.01464,0.00054,0.01357,0.01571,,,,,,,,,,,,,,,,,,
saopaulo,DeepFM,MRR,SIT,0.01423,0.0002191,0.01439,0.00052,0.01338,0.01541,,-0.00041,-0.00073,0.00022,0.308,0.01347,0,,,0.00175,0.00139,0.00269,0.0,7e-05,5,,,
saopaulo,DeepFM,MRR,Steck-b,0.01248,8.27e-05,0.01236,0.00049,0.01142,0.01333,,,,,,,,,,,,,,,,,,
saopaulo,DeepFM,HR5,BASE,0.01889,0.0,0.01889,0.00091,0.01715,0.02072,,,,,,,,,,,,,,,,,,
saopaulo,DeepFM,HR5,SIT,0.01828,0.0004409,0.0186,0.00089,0.01688,0.02032,,-0.00061,-0.00118,0.00057,0.537333,0.035924,0,,,0.00285,0.00207,0.00465,0.0,0.000109,5,,,
saopaulo,DeepFM,HR5,Steck-b,0.01543,0.0001705,0.01522,0.00078,0.01366,0.01673,,,,,,,,,,,,,,,,,,
saopaulo,DeepFM,HR10,BASE,0.02993,0.0,0.02993,0.00108,0.02787,0.03196,,,,,,,,,,,,,,,,,,
saopaulo,DeepFM,HR10,SIT,0.02905,0.00028,0.02934,0.00107,0.02737,0.03136,,-0.00088,-0.00159,0.00054,0.274667,0.002147,0,,,0.00406,0.00346,0.00625,0.0,4.8e-05,5,,,
saopaulo,DeepFM,HR10,Steck-b,0.02499,0.0002746,0.02452,0.00101,0.02263,0.02662,,,,,,,,,,,,,,,,,,
saopaulo,DeepFM,HR20,BASE,0.04689,0.0,0.04689,0.00135,0.0442,0.04954,,,,,,,,,,,,,,,,,,
saopaulo,DeepFM,HR20,SIT,0.04672,0.0004305,0.04649,0.00133,0.04388,0.04915,,-0.00017,-0.0016,0.00086,0.533333,0.421876,3,,,0.00609,0.00432,0.00797,0.0,3e-06,5,,,1
saopaulo,DeepFM,HR20,Steck-b,0.04063,0.0002112,0.04027,0.00127,0.03789,0.04281,,,,,,,,,,,,,,,,,,
saopaulo,DeepFM,NDCG5,BASE,0.01208,0.0,0.01208,0.00062,0.01088,0.01333,,,,,,,,,,,,,,,,,,
saopaulo,DeepFM,NDCG5,SIT,0.0116,0.0002952,0.01182,0.00062,0.01067,0.01309,,-0.00048,-0.00085,0.00027,0.328,0.021775,0,,,0.00173,0.00124,0.0029,0.0,0.000169,5,,,
saopaulo,DeepFM,NDCG5,Steck-b,0.00987,9.57e-05,0.00975,0.00053,0.00874,0.01077,,,,,,,,,,,,,,,,,,
saopaulo,DeepFM,NDCG10,BASE,0.01563,0.0,0.01563,0.00065,0.01446,0.01701,,,,,,,,,,,,,,,,,,
saopaulo,DeepFM,NDCG10,SIT,0.01506,0.0002383,0.01527,0.00064,0.01407,0.01655,,-0.00058,-0.00091,0.00017,0.165333,0.005615,0,,,0.0021,0.00173,0.00331,0.0,9.5e-05,5,,,
saopaulo,DeepFM,NDCG10,Steck-b,0.01295,0.0001171,0.01275,0.00057,0.01168,0.0139,,,,,,,,,,,,,,,,,,
saopaulo,DeepFM,NDCG20,BASE,0.01991,0.0,0.01991,0.00066,0.01872,0.02124,,,,,,,,,,,,,,,,,,
saopaulo,DeepFM,NDCG20,SIT,0.01952,0.0002686,0.01959,0.00066,0.01834,0.02093,,-0.00039,-0.00083,0.00019,0.196,0.030763,0,,,0.00265,0.00211,0.00367,0.0,2.3e-05,5,,,1
saopaulo,DeepFM,NDCG20,Steck-b,0.01687,0.0001062,0.0167,0.0006,0.01558,0.01786,,,,,,,,,,,,,,,,,,
saopaulo,DeepFM,MRR_u,BASE,0.01767,0.0,0.01767,0.00079,0.01617,0.01919,,,,,,,,,,,,,,,,,,
saopaulo,DeepFM,MRR_u,SIT,0.0171,0.0002981,0.01736,0.00077,0.01586,0.01885,,-0.00057,-0.00093,0.00034,0.372,0.012735,0,,,0.00197,0.0015,0.00337,0.0,0.000205,5,,,
saopaulo,DeepFM,MRR_u,Steck-b,0.01512,0.0001259,0.01493,0.00072,0.01355,0.01635,,,,,,,,,,,,,,,,,,
saopaulo,DeepFM,HR5_u,BASE,0.02343,0.0,0.02343,0.0013,0.02087,0.02603,,,,,,,,,,,,,,,,,,
saopaulo,DeepFM,HR5_u,SIT,0.02255,0.0006078,0.0233,0.00131,0.02075,0.02587,,-0.00088,-0.00137,0.00108,0.849333,0.031688,0,,,0.00367,0.00257,0.00653,0.0,0.000158,5,,,
saopaulo,DeepFM,HR5_u,Steck-b,0.01888,0.0002257,0.0187,0.00117,0.01651,0.02108,,,,,,,,,,,,,,,,,,
saopaulo,DeepFM,HR10_u,BASE,0.03739,0.0,0.03739,0.00166,0.03422,0.0406,,,,,,,,,,,,,,,,,,
saopaulo,DeepFM,HR10_u,SIT,0.03575,0.0004051,0.03616,0.00163,0.03306,0.03945,,-0.00165,-0.00292,0.00055,0.188,0.000815,0,,,0.00463,0.00354,0.00757,0.0,8.7e-05,5,,,
saopaulo,DeepFM,HR10_u,Steck-b,0.03112,0.0003336,0.03067,0.00152,0.02774,0.03381,,,,,,,,,,,,,,,,,,
saopaulo,DeepFM,HR20_u,BASE,0.05853,0.0,0.05853,0.00217,0.05435,0.06276,,,,,,,,,,,,,,,,,,
saopaulo,DeepFM,HR20_u,SIT,0.05803,0.0008797,0.05729,0.00215,0.05336,0.06154,,-0.00049,-0.00327,0.00075,0.224,0.27689,3,,,0.00794,0.00503,0.01034,0.0,1.7e-05,5,,,
saopaulo,DeepFM,HR20_u,Steck-b,0.05009,0.0002949,0.0496,0.00187,0.0458,0.0531,,,,,,,,,,,,,,,,,,
saopaulo,DeepFM,NDCG5_u,BASE,0.01465,0.0,0.01465,0.00086,0.01296,0.01631,,,,,,,,,,,,,,,,,,
saopaulo,DeepFM,NDCG5_u,SIT,0.01402,0.0003997,0.01448,0.00085,0.01283,0.01617,,-0.00063,-0.00103,0.00061,0.72,0.024411,0,,,0.00205,0.00147,0.00383,0.0,0.000389,5,,,
saopaulo,DeepFM,NDCG5_u,Steck-b,0.01197,0.0001483,0.01181,0.00079,0.01028,0.01332,,,,,,,,,,,,,,,,,,
saopaulo,DeepFM,NDCG10_u,BASE,0.01918,0.0,0.01918,0.00091,0.01749,0.021,,,,,,,,,,,,,,,,,,
saopaulo,DeepFM,NDCG10_u,SIT,0.01825,0.0003277,0.01861,0.00088,0.01698,0.02038,,-0.00092,-0.00134,0.00019,0.14,0.003274,0,,,0.00233,0.00186,0.00413,0.0,0.000258,5,,,
saopaulo,DeepFM,NDCG10_u,Steck-b,0.01592,0.0001384,0.01568,0.00085,0.01398,0.01733,,,,,,,,,,,,,,,,,,
saopaulo,DeepFM,NDCG20_u,BASE,0.02451,0.0,0.02451,0.00099,0.02262,0.02645,,,,,,,,,,,,,,,,,,
saopaulo,DeepFM,NDCG20_u,SIT,0.02388,0.0003962,0.02392,0.00099,0.02205,0.02587,,-0.00062,-0.0013,0.00015,0.125333,0.024419,0,,,0.0032,0.00231,0.00463,0.0,5.4e-05,5,,,
saopaulo,DeepFM,NDCG20_u,Steck-b,0.02069,0.0001497,0.02043,0.00091,0.01866,0.02215,,,,,,,,,,,,,,,,,,
saopaulo,DeepFM,Coverage,BASE,0.17337,0.0,0.17337,0.00262,0.15435,0.16495,,,,,,,,,,,,,,,,,,
saopaulo,DeepFM,Coverage,SIT,0.18547,0.0058227,0.19052,0.0026,0.1715,0.18148,,0.0121,0.01278,0.02089,0.0,0.00969,5,,,-0.11013,-0.10539,-0.09199,0.0,1e-06,0,,,
saopaulo,DeepFM,Coverage,Steck-b,0.2956,0.002302,0.29592,0.00303,0.26941,0.28095,,,,,,,,,,,,,,,,,,
saopaulo,DeepFM,Gini,BASE,0.98462,0.0,0.98462,7e-05,0.98448,0.98478,,,,,,,,,,,,,,,,,,
saopaulo,DeepFM,Gini,SIT,0.98342,0.0008557,0.98218,9e-05,0.98201,0.98238,,-0.0012,-0.00253,-0.00236,0.0,0.035003,0,,,0.0165,0.01538,0.01606,0.0,1e-06,5,,,
saopaulo,DeepFM,Gini,Steck-b,0.96692,0.0008283,0.9664,0.00021,0.96606,0.96688,,,,,,,,,,,,,,,,,,
saopaulo,DeepFM,LT20,BASE,0.00935,0.0,0.009349999949336052,0.00034,0.00868,0.01002,,,,,,,,,,,,,,,,,,
saopaulo,DeepFM,LT20,SIT,0.01147,0.0015053,0.013489999808371067,0.00043,0.01267,0.01437,,0.00212,0.00376,0.00457,0.0,0.034645,5,,,-0.04127,-0.04232,-0.03952,0.0,1e-06,0,,,
saopaulo,DeepFM,LT20,Steck-b,0.05274,0.0023616,0.05446000024676323,0.00088,0.05273,0.05618,,,,,,,,,,,,,,,,,,
saopaulo,DeepFM,JS,BASE,0.40014,0.0,0.40014,0.0013,0.39769,0.40277,,,,,,,,,,,,,,,,,,
saopaulo,DeepFM,JS,SIT,0.40632,0.0064189,0.4155,0.00138,0.41289,0.41831,,0.00618,0.01423,0.01645,0.0,0.097618,5,,,0.09822,0.10671,0.11118,0.0,1.1e-05,5,,,
saopaulo,DeepFM,JS,Steck-b,0.30811,0.0025863,0.30653,0.00098,0.3045,0.30832,,,,,,,,,,,,,,,,,,
saopaulo,AFM,CatMRR,BASE,0.35122,0.0,0.35122,0.00259,0.34636,0.35621,,,,,,,,,,,,,,,,,,
saopaulo,AFM,CatMRR,SIT,0.40179,0.0038755,0.40686,0.00282,0.40145,0.41224,,0.05057,0.05178,0.05924,0.0,8e-06,5,,,-0.03784,-0.03794,-0.028,0.0,8e-06,0,,,
saopaulo,AFM,CatMRR,Steck-b,0.43963,0.0017208,0.43989,0.00285,0.43439,0.44527,,,,,,,,,,,,,,,,,,
saopaulo,AFM,CatNDCG,BASE,0.43112,0.0,0.43112,0.00254,0.42597,0.43607,,,,,,,,,,,,,,,,,,
saopaulo,AFM,CatNDCG,SIT,0.47022,0.0033721,0.47366,0.0027,0.4686,0.47921,,0.03911,0.03921,0.04565,0.0,1.3e-05,5,,,-0.02552,-0.02646,-0.01709,0.0,4.5e-05,0,,,
saopaulo,AFM,CatNDCG,Steck-b,0.49574,0.0007852,0.49535,0.00271,0.48989,0.50079,,,,,,,,,,,,,,,,,,
saopaulo,AFM,macroCatMRR,BASE,0.18632,0.0,0.18632,0.00114,0.1842,0.18864,,,,,,,,,,,,,,,,,,
saopaulo,AFM,macroCatMRR,SIT,0.23582,0.0038598,0.23857,0.00179,0.23508,0.24189,ridondante,0.0495,0.04965,0.05481,0.0,9e-06,5,0.0,***,-0.09706,-0.11116,-0.08881,0.0,1e-06,0,0.0,***,
saopaulo,AFM,macroCatMRR,Steck-b,0.33288,0.0080442,0.33786,0.00566,0.32708,0.34955,,,,,,,,,,,,,,,,,,
saopaulo,AFM,MRR,BASE,0.01537,0.0,0.01537,0.00057,0.01433,0.01654,,,,,,,,,,,,,,,,,,
saopaulo,AFM,MRR,SIT,0.01425,0.0003123,0.01481,0.00056,0.01377,0.01596,,-0.00113,-0.00123,9e-05,0.097333,0.001286,0,,,0.00147,0.00142,0.0029,0.0,0.00168,5,,,
saopaulo,AFM,MRR,Steck-b,0.01278,0.000207,0.01264,0.0005,0.01168,0.01357,,,,,,,,,,,,,,,,,,
saopaulo,AFM,HR5,BASE,0.01981,0.0,0.01981,0.00089,0.01815,0.0216,,,,,,,,,,,,,,,,,,
saopaulo,AFM,HR5,SIT,0.01724,0.0005774,0.01826,0.00088,0.01662,0.01998,,-0.00258,-0.00283,-0.0003,0.016,0.000566,0,,,0.00148,0.0014,0.00441,0.0,0.016443,5,,,
saopaulo,AFM,HR5,Steck-b,0.01576,0.0003563,0.01539,0.0008,0.01386,0.01696,,,,,,,,,,,,,,,,,,
saopaulo,AFM,HR10,BASE,0.03012,0.0,0.03012,0.00113,0.02797,0.03238,,,,,,,,,,,,,,,,,,
saopaulo,AFM,HR10,SIT,0.02878,0.0005859,0.02976,0.00111,0.02766,0.03197,,-0.00134,-0.0017,0.00102,0.624,0.006931,0,,,0.00316,0.00308,0.00646,0.0,0.002558,5,,,
saopaulo,AFM,HR10,Steck-b,0.02562,0.0005078,0.02502,0.00102,0.02307,0.02695,,,,,,,,,,,,,,,,,,
saopaulo,AFM,HR20,BASE,0.04821,0.0,0.04821,0.00141,0.04543,0.05105,,,,,,,,,,,,,,,,,,
saopaulo,AFM,HR20,SIT,0.04709,0.0004397,0.04765,0.0014,0.04504,0.05033,,-0.00112,-0.00216,0.00103,0.478667,0.004681,0,,,0.00634,0.00525,0.00911,0.0,2.7e-05,5,,,1
saopaulo,AFM,HR20,Steck-b,0.04075,0.0002364,0.04038,0.00128,0.03793,0.04282,,,,,,,,,,,,,,,,,,
saopaulo,AFM,NDCG5,BASE,0.01272,0.0,0.01272,0.00061,0.01158,0.01389,,,,,,,,,,,,,,,,,,
saopaulo,AFM,NDCG5,SIT,0.0111,0.0003842,0.01178,0.0006,0.01064,0.01295,,-0.00163,-0.00178,-0.00014,0.016,0.000696,0,,,0.00103,0.00102,0.00281,0.0,0.012556,5,,,
saopaulo,AFM,NDCG5,Steck-b,0.01007,0.000238,0.00987,0.00053,0.00888,0.01098,,,,,,,,,,,,,,,,,,
saopaulo,AFM,NDCG10,BASE,0.01603,0.0,0.01603,0.00066,0.01477,0.01739,,,,,,,,,,,,,,,,,,
saopaulo,AFM,NDCG10,SIT,0.01481,0.0003825,0.01549,0.00063,0.0143,0.01674,,-0.00122,-0.00136,0.00018,0.136,0.002015,0,,,0.00159,0.00164,0.00342,0.0,0.004037,5,,,
saopaulo,AFM,NDCG10,Steck-b,0.01322,0.0002795,0.01296,0.00058,0.0119,0.01412,,,,,,,,,,,,,,,,,,
saopaulo,AFM,NDCG20,BASE,0.02055,0.0,0.02055,0.00069,0.01925,0.02192,,,,,,,,,,,,,,,,,,
saopaulo,AFM,NDCG20,SIT,0.01942,0.0003254,0.01998,0.00068,0.0187,0.02131,,-0.00114,-0.00127,0.00014,0.110667,0.001454,0,,,0.0024,0.00235,0.00399,0.0,0.000402,5,,,1
saopaulo,AFM,NDCG20,Steck-b,0.01702,0.0002039,0.01682,0.00061,0.01567,0.01798,,,,,,,,,,,,,,,,,,
saopaulo,AFM,MRR_u,BASE,0.02004,0.0,0.02004,0.00091,0.0183,0.02184,,,,,,,,,,,,,,,,,,
saopaulo,AFM,MRR_u,SIT,0.01822,0.0004676,0.01906,0.00086,0.01742,0.02079,,-0.00182,-0.002,5e-05,0.06,0.00096,0,,,0.00224,0.00219,0.0044,0.0,0.001416,5,,,
saopaulo,AFM,MRR_u,Steck-b,0.01599,0.0002666,0.01579,0.00076,0.01428,0.01732,,,,,,,,,,,,,,,,,,
saopaulo,AFM,HR5_u,BASE,0.02669,0.0,0.02669,0.00151,0.02362,0.02948,,,,,,,,,,,,,,,,,,
saopaulo,AFM,HR5_u,SIT,0.02279,0.0010194,0.02459,0.0014,0.02178,0.02711,,-0.0039,-0.00414,-8e-05,0.038667,0.001028,0,,,0.00274,0.00272,0.00717,0.0,0.008736,5,,,
saopaulo,AFM,HR5_u,Steck-b,0.02006,0.0003021,0.01966,0.00125,0.01722,0.02216,,,,,,,,,,,,,,,,,,
saopaulo,AFM,HR10_u,BASE,0.03905,0.0,0.03905,0.00174,0.03568,0.04247,,,,,,,,,,,,,,,,,,
saopaulo,AFM,HR10_u,SIT,0.03773,0.0007587,0.03905,0.00171,0.0358,0.04242,,-0.00132,-0.00201,0.00205,0.98,0.017874,1,,,0.00519,0.00442,0.01013,0.0,0.000817,5,,,
saopaulo,AFM,HR10_u,Steck-b,0.03254,0.0006171,0.03188,0.00159,0.02882,0.03508,,,,,,,,,,,,,,,,,,
saopaulo,AFM,HR20_u,BASE,0.06102,0.0,0.06102,0.00216,0.05706,0.06538,,,,,,,,,,,,,,,,,,
saopaulo,AFM,HR20_u,SIT,0.05955,0.0004831,0.06031,0.00211,0.05642,0.06471,,-0.00147,-0.00301,0.00144,0.544,0.00241,0,,,0.00843,0.00664,0.01268,0.0,1.6e-05,5,,,
saopaulo,AFM,HR20_u,Steck-b,0.05112,0.0003144,0.05067,0.00202,0.04686,0.05464,,,,,,,,,,,,,,,,,,
saopaulo,AFM,NDCG5_u,BASE,0.01721,0.0,0.01721,0.00104,0.01519,0.0193,,,,,,,,,,,,,,,,,,
saopaulo,AFM,NDCG5_u,SIT,0.01463,0.0006483,0.01578,0.00096,0.01394,0.01776,,-0.00259,-0.00269,-0.00017,0.022667,0.000871,0,,,0.00182,0.00184,0.00469,0.0,0.008071,5,,,
saopaulo,AFM,NDCG5_u,Steck-b,0.0128,0.0002547,0.01256,0.00084,0.01092,0.01431,,,,,,,,,,,,,,,,,,
saopaulo,AFM,NDCG10_u,BASE,0.02118,0.0,0.02118,0.0011,0.01903,0.02335,,,,,,,,,,,,,,,,,,
saopaulo,AFM,NDCG10_u,SIT,0.01943,0.0005593,0.02042,0.00102,0.01846,0.02241,,-0.00175,-0.00194,0.00053,0.234667,0.002191,0,,,0.00264,0.0025,0.00537,0.0,0.001956,5,,,
saopaulo,AFM,NDCG10_u,Steck-b,0.01678,0.0003496,0.01647,0.00091,0.01467,0.0182,,,,,,,,,,,,,,,,,,
saopaulo,AFM,NDCG20_u,BASE,0.02669,0.0,0.02669,0.00114,0.0246,0.02903,,,,,,,,,,,,,,,,,,
saopaulo,AFM,NDCG20_u,SIT,0.02491,0.0004731,0.02574,0.00109,0.02366,0.02799,,-0.00178,-0.00201,6e-05,0.076,0.00109,0,,,0.00346,0.00325,0.00586,0.0,0.000322,5,,,
saopaulo,AFM,NDCG20_u,Steck-b,0.02144,0.0002526,0.02119,0.00095,0.01941,0.02305,,,,,,,,,,,,,,,,,,
saopaulo,AFM,Coverage,BASE,0.13782,0.0,0.13782,0.00231,0.12722,0.13564,,,,,,,,,,,,,,,,,,
saopaulo,AFM,Coverage,SIT,0.16246,0.0030947,0.16745,0.00121,0.16027,0.16495,,0.02463,0.02682,0.03555,0.0,5.9e-05,5,,,-0.09298,-0.09074,-0.08481,0.0,0.0,0,,,
saopaulo,AFM,Coverage,Steck-b,0.25544,0.0010666,0.256,0.00121,0.2479,0.25288,,,,,,,,,,,,,,,,,,
saopaulo,AFM,Gini,BASE,0.97618,0.0,0.97618,0.00011,0.97598,0.9764,,,,,,,,,,,,,,,,,,
saopaulo,AFM,Gini,SIT,0.96978,0.0005846,0.96886,0.00014,0.96861,0.96916,,-0.0064,-0.00746,-0.00716,0.0,1.7e-05,0,,,0.02264,0.02206,0.02296,0.0,1e-06,5,,,
saopaulo,AFM,Gini,Steck-b,0.94714,0.0012437,0.94632,0.00027,0.94584,0.9469,,,,,,,,,,,,,,,,,,
saopaulo,AFM,LT20,BASE,0.04345,0.0,0.0434500016272068,0.00076,0.04201,0.04491,,,,,,,,,,,,,,,,,,
saopaulo,AFM,LT20,SIT,0.05441,0.002518,0.05483999848365784,0.00086,0.05311,0.05645,,0.01096,0.01047,0.0123,0.0,0.000625,5,,,-0.04203,-0.04534,-0.04195,0.0,0.0,0,,,
saopaulo,AFM,LT20,Steck-b,0.09644,0.0029224,0.09845999628305435,0.00122,0.09619,0.10101,,,,,,,,,,,,,,,,,,
saopaulo,AFM,JS,BASE,0.32514,0.0,0.32514,0.00114,0.32288,0.32739,,,,,,,,,,,,,,,,,,
saopaulo,AFM,JS,SIT,0.33296,0.0036788,0.33934,0.00114,0.33702,0.34158,,0.00782,0.01271,0.0158,0.0,0.008936,5,,,0.1215,0.1263,0.13089,0.0,0.0,5,,,
saopaulo,AFM,JS,Steck-b,0.21147,0.0011126,0.21072,0.00072,0.20925,0.2122,,,,,,,,,,,,,,,,,,
saopaulo,FPMC,CatMRR,BASE,0.41109,0.0,0.41109,0.00245,0.40632,0.41611,,,,,,,,,,,,,,,,,,
saopaulo,FPMC,CatMRR,SIT,0.42122,0.0035257,0.42609,0.00254,0.42112,0.43114,,0.01013,0.01261,0.01736,0.0,0.003014,5,,,-0.0364,-0.03553,-0.02789,0.0,1.9e-05,0,,,
saopaulo,FPMC,CatMRR,Steck-b,0.45761,0.0002414,0.45781,0.00264,0.45279,0.46317,,,,,,,,,,,,,,,,,,
saopaulo,FPMC,CatNDCG,BASE,0.5118,0.0,0.5118,0.00221,0.5074,0.51598,,,,,,,,,,,,,,,,,,
saopaulo,FPMC,CatNDCG,SIT,0.51412,0.0030496,0.51832,0.00233,0.51372,0.52273,,0.00231,0.00434,0.00856,0.0,0.165243,4,,,-0.02665,-0.02559,-0.01887,0.0,3.6e-05,0,,,
saopaulo,FPMC,CatNDCG,Steck-b,0.54077,0.0003907,0.54053,0.00233,0.53588,0.54517,,,,,,,,,,,,,,,,,,
saopaulo,FPMC,macroCatMRR,BASE,0.26745,0.0,0.26745,0.00195,0.26354,0.2712,,,,,,,,,,,,,,,,,,
saopaulo,FPMC,macroCatMRR,SIT,0.27606,0.0019613,0.27915,0.00202,0.27501,0.28305,ridondante,0.00862,0.00974,0.01383,0.0,0.000602,5,0.0,***,-0.05706,-0.05989,-0.04986,0.0,4e-06,0,0.0,***,
saopaulo,FPMC,macroCatMRR,Steck-b,0.33313,0.0025325,0.33384,0.00298,0.32811,0.33962,,,,,,,,,,,,,,,,,,
saopaulo,FPMC,MRR,BASE,0.0239,0.0,0.0239,0.00072,0.02253,0.02529,,,,,,,,,,,,,,,,,,
saopaulo,FPMC,MRR,SIT,0.02369,0.0001559,0.02393,0.00072,0.02254,0.02529,,-0.0002,-0.00037,0.0004,0.866667,0.044217,1,,,0.00101,0.00077,0.00211,0.0,0.00128,5,,,
saopaulo,FPMC,MRR,Steck-b,0.02268,0.0001512,0.02246,0.00069,0.02113,0.02382,,,,,,,,,,,,,,,,,,
saopaulo,FPMC,HR5,BASE,0.03203,0.0,0.03203,0.00114,0.02977,0.0342,,,,,,,,,,,,,,,,,,
saopaulo,FPMC,HR5,SIT,0.03207,0.00012,0.03218,0.00114,0.03006,0.03433,,4e-05,-0.00076,0.00105,0.792,0.520337,2,,,0.0,-0.00076,0.00175,0.438667,0.976446,2,,,
saopaulo,FPMC,HR5,Steck-b,0.03206,0.0002695,0.03169,0.00111,0.02949,0.03396,,,,,,,,,,,,,,,,,,
saopaulo,FPMC,HR10,BASE,0.04725,0.0,0.04725,0.00138,0.0446,0.04986,,,,,,,,,,,,,,,,,,
saopaulo,FPMC,HR10,SIT,0.04709,0.0002437,0.0474,0.00137,0.04475,0.04994,,-0.00016,-0.00088,0.00117,0.794667,0.217116,1,,,0.00187,0.00071,0.00374,0.004,7.4e-05,5,,,
saopaulo,FPMC,HR10,Steck-b,0.04522,5.47e-05,0.04517,0.00134,0.04253,0.04784,,,,,,,,,,,,,,,,,,
saopaulo,FPMC,HR20,BASE,0.06468,0.0,0.06468,0.00161,0.06171,0.06793,,,,,,,,,,,,,,,,,,
saopaulo,FPMC,HR20,SIT,0.06502,0.000581,0.06587,0.00158,0.06276,0.06897,,0.00034,-5e-05,0.00239,0.070667,0.262434,4,,,0.00277,0.00205,0.00542,0.0,0.000495,5,,,1
saopaulo,FPMC,HR20,Steck-b,0.06226,0.0002972,0.06205,0.00152,0.05897,0.06498,,,,,,,,,,,,,,,,,,
saopaulo,FPMC,NDCG5,BASE,0.02168,0.0,0.02168,0.00082,0.02006,0.02335,,,,,,,,,,,,,,,,,,
saopaulo,FPMC,NDCG5,SIT,0.02155,0.000129,0.02173,0.00081,0.02014,0.02332,,-0.00013,-0.00046,0.00056,0.865333,0.082456,1,,,0.00055,0.00024,0.00177,0.005333,0.011551,5,,,
saopaulo,FPMC,NDCG5,Steck-b,0.021,0.0001849,0.02072,0.00076,0.01926,0.02221,,,,,,,,,,,,,,,,,,
saopaulo,FPMC,NDCG10,BASE,0.02661,0.0,0.02661,0.00086,0.02485,0.02833,,,,,,,,,,,,,,,,,,
saopaulo,FPMC,NDCG10,SIT,0.02639,0.0001524,0.02663,0.00087,0.02493,0.02834,,-0.00022,-0.00042,0.00048,0.924,0.033433,1,,,0.00116,0.00084,0.00234,0.0,0.000395,5,,,
saopaulo,FPMC,NDCG10,Steck-b,0.02523,0.0001135,0.02506,0.00083,0.02341,0.02671,,,,,,,,,,,,,,,,,,
saopaulo,FPMC,NDCG20,BASE,0.03103,0.0,0.03103,0.00088,0.02939,0.03278,,,,,,,,,,,,,,,,,,
saopaulo,FPMC,NDCG20,SIT,0.03092,0.0002212,0.03128,0.00087,0.02963,0.03306,,-0.0001,-0.00018,0.00068,0.277333,0.357698,1,,,0.00139,0.00125,0.00263,0.0,0.000667,5,,,1
saopaulo,FPMC,NDCG20,Steck-b,0.02953,0.0001662,0.02933,0.00085,0.0277,0.03102,,,,,,,,,,,,,,,,,,
saopaulo,FPMC,MRR_u,BASE,0.02847,0.0,0.02847,0.00109,0.02644,0.03062,,,,,,,,,,,,,,,,,,
saopaulo,FPMC,MRR_u,SIT,0.02823,0.0002294,0.02861,0.00108,0.02658,0.03072,,-0.00024,-0.00044,0.00071,0.624,0.079857,1,,,0.00109,0.00067,0.00271,0.001333,0.002056,5,,,
saopaulo,FPMC,MRR_u,Steck-b,0.02714,0.0001678,0.02695,0.00105,0.02502,0.02916,,,,,,,,,,,,,,,,,,
saopaulo,FPMC,HR5_u,BASE,0.0384,0.0,0.0384,0.00172,0.03497,0.04167,,,,,,,,,,,,,,,,,,
saopaulo,FPMC,HR5_u,SIT,0.03879,0.0001817,0.03906,0.00172,0.03575,0.04245,,0.00039,-0.00055,0.00196,0.322667,0.008312,5,,,0.00092,-0.00033,0.00345,0.109333,0.006064,5,,,
saopaulo,FPMC,HR5_u,Steck-b,0.03787,0.000328,0.03754,0.00167,0.03426,0.04076,,,,,,,,,,,,,,,,,,
saopaulo,FPMC,HR10_u,BASE,0.05619,0.0,0.05619,0.00205,0.05224,0.06016,,,,,,,,,,,,,,,,,,
saopaulo,FPMC,HR10_u,SIT,0.05601,0.0004711,0.05672,0.00207,0.05272,0.06068,,-0.00018,-0.0009,0.00195,0.453333,0.452232,1,,,0.00305,0.00137,0.00585,0.001333,0.000123,5,,,
saopaulo,FPMC,HR10_u,Steck-b,0.05296,9.92e-05,0.05307,0.00198,0.04923,0.05703,,,,,,,,,,,,,,,,,,
saopaulo,FPMC,HR20_u,BASE,0.07747,0.0,0.07747,0.00237,0.07307,0.08231,,,,,,,,,,,,,,,,,,
saopaulo,FPMC,HR20_u,SIT,0.07719,0.000806,0.07825,0.00241,0.07371,0.08316,,-0.00027,-0.00105,0.00254,0.394667,0.490246,2,,,0.00388,0.00269,0.00784,0.0,0.000442,5,,,
saopaulo,FPMC,HR20_u,Steck-b,0.07331,0.0002635,0.07305,0.00224,0.06852,0.07745,,,,,,,,,,,,,,,,,,
saopaulo,FPMC,NDCG5_u,BASE,0.02593,0.0,0.02593,0.00121,0.02367,0.02839,,,,,,,,,,,,,,,,,,
saopaulo,FPMC,NDCG5_u,SIT,0.02591,0.0001975,0.02623,0.00122,0.02398,0.02873,,-1e-05,-0.00037,0.00101,0.418667,0.875754,2,,,0.00081,0.00027,0.00254,0.016,0.00624,5,,,
saopaulo,FPMC,NDCG5_u,Steck-b,0.0251,0.000214,0.02486,0.00118,0.02251,0.02721,,,,,,,,,,,,,,,,,,
saopaulo,FPMC,NDCG10_u,BASE,0.03167,0.0,0.03167,0.00123,0.02931,0.03402,,,,,,,,,,,,,,,,,,
saopaulo,FPMC,NDCG10_u,SIT,0.03146,0.0002742,0.03191,0.00123,0.02957,0.03431,,-0.00021,-0.00045,0.00087,0.533333,0.157966,1,,,0.00151,0.00093,0.00322,0.0,0.000456,5,,,
saopaulo,FPMC,NDCG10_u,Steck-b,0.02995,8.92e-05,0.02985,0.00124,0.02747,0.03228,,,,,,,,,,,,,,,,,,
saopaulo,FPMC,NDCG20_u,BASE,0.03706,0.0,0.03706,0.00127,0.03463,0.03954,,,,,,,,,,,,,,,,,,
saopaulo,FPMC,NDCG20_u,SIT,0.03682,0.0003249,0.03733,0.00128,0.03487,0.03987,,-0.00024,-0.00036,0.00089,0.4,0.168747,1,,,0.00174,0.00128,0.00355,0.0,0.000581,5,,,
saopaulo,FPMC,NDCG20_u,Steck-b,0.03507,0.0001768,0.03489,0.00123,0.03241,0.03728,,,,,,,,,,,,,,,,,,
saopaulo,FPMC,Coverage,BASE,0.96757,0.0,0.96757,0.00159,0.95229,0.95853,,,,,,,,,,,,,,,,,,
saopaulo,FPMC,Coverage,SIT,0.97275,0.0005218,0.97194,0.00148,0.95884,0.96445,,0.00518,0.00281,0.00935,0.0,2.4e-05,5,,,-0.01185,-0.01981,-0.01278,0.0,1e-06,0,,,
saopaulo,FPMC,Coverage,Steck-b,0.9846,0.0001708,0.98441,0.00117,0.97568,0.98004,,,,,,,,,,,,,,,,,,
saopaulo,FPMC,Gini,BASE,0.60119,0.0,0.60119,0.00092,0.60061,0.60418,,,,,,,,,,,,,,,,,,
saopaulo,FPMC,Gini,SIT,0.59497,0.0014152,0.59526,0.001,0.59451,0.59839,,-0.00622,-0.00673,-0.00503,0.0,0.000601,0,,,0.02608,0.0258,0.02822,0.0,0.0,5,,,
saopaulo,FPMC,Gini,Steck-b,0.56889,0.0019724,0.56811,0.00113,0.56728,0.57171,,,,,,,,,,,,,,,,,,
saopaulo,FPMC,LT20,BASE,0.43927,0.0,0.4392699897289276,0.0013,0.43676,0.44192,,,,,,,,,,,,,,,,,,
saopaulo,FPMC,LT20,SIT,0.44401,0.001187,0.4433499872684479,0.00131,0.44074,0.44593,,0.00473,0.00318,0.00493,0.0,0.000875,5,,,-0.01609,-0.01874,-0.01623,0.0,3e-06,0,,,
saopaulo,FPMC,LT20,Steck-b,0.4601,0.0016176,0.4608300030231476,0.00125,0.45842,0.46335,,,,,,,,,,,,,,,,,,
saopaulo,FPMC,JS,BASE,0.25283,0.0,0.25283,0.00093,0.25099,0.2546,,,,,,,,,,,,,,,,,,
saopaulo,FPMC,JS,SIT,0.26225,0.0026252,0.26412,0.00099,0.26218,0.26597,,0.00942,0.01013,0.01244,0.0,0.001312,5,,,0.1079,0.10978,0.11323,0.0,1e-06,5,,,
saopaulo,FPMC,JS,Steck-b,0.15435,0.0016041,0.1527,0.00065,0.15142,0.15394,,,,,,,,,,,,,,,,,,
saopaulo,SASRec,CatMRR,BASE,0.41929,0.0,0.41929,0.00251,0.41444,0.42398,,,,,,,,,,,,,,,,,,
saopaulo,SASRec,CatMRR,SIT,0.42743,0.0031799,0.43208,0.00265,0.427,0.43735,,0.00814,0.01065,0.01502,0.0,0.004604,5,,,-0.02965,-0.0301,-0.02284,0.0,4e-06,0,,,
saopaulo,SASRec,CatMRR,Steck-b,0.45708,0.0015051,0.45852,0.00266,0.45335,0.46392,,,,,,,,,,,,,,,,,,
saopaulo,SASRec,CatNDCG,BASE,0.5189,0.0,0.5189,0.00219,0.51466,0.52338,,,,,,,,,,,,,,,,,,
saopaulo,SASRec,CatNDCG,SIT,0.51961,0.0028311,0.52395,0.00226,0.51968,0.52856,,0.00071,0.00322,0.00706,0.0,0.606196,3,,,-0.01825,-0.02154,-0.01544,0.0,0.000977,0,,,
saopaulo,SASRec,CatNDCG,Steck-b,0.53786,0.0066657,0.54255,0.00238,0.53819,0.5475,,,,,,,,,,,,,,,,,,
saopaulo,SASRec,macroCatMRR,BASE,0.28289,0.0,0.28289,0.00262,0.27801,0.28802,,,,,,,,,,,,,,,,,,
saopaulo,SASRec,macroCatMRR,SIT,0.28729,0.001629,0.29006,0.00239,0.28563,0.29504,ridondante,0.0044,0.00494,0.00912,0.0,0.003794,5,0.0,***,-0.05612,-0.04993,-0.041,0.0,0.000911,0,0.0,***,
saopaulo,SASRec,macroCatMRR,Steck-b,0.34341,0.0133518,0.33538,0.00311,0.3294,0.34167,,,,,,,,,,,,,,,,,,
saopaulo,SASRec,MRR,BASE,0.02576,0.0,0.02576,0.00079,0.02425,0.02736,,,,,,,,,,,,,,,,,,
saopaulo,SASRec,MRR,SIT,0.02579,9.45e-05,0.02593,0.0008,0.02443,0.02751,,2e-05,-0.00025,0.00057,0.422667,0.588786,3,,,0.00241,0.00145,0.00279,0.0,0.001351,5,,,
saopaulo,SASRec,MRR,Steck-b,0.02337,0.0007456,0.02381,0.00073,0.02234,0.02513,,,,,,,,,,,,,,,,,,
saopaulo,SASRec,HR5,BASE,0.034,0.0,0.034,0.00117,0.03176,0.03635,,,,,,,,,,,,,,,,,,
saopaulo,SASRec,HR5,SIT,0.03401,0.0003517,0.03367,0.00117,0.03142,0.03598,,1e-05,-0.00126,0.00055,0.484,0.959992,2,,,0.00368,0.00143,0.00407,0.0,0.004164,5,,,
saopaulo,SASRec,HR5,Steck-b,0.03033,0.0010681,0.0309,0.00116,0.02859,0.03312,,,,,,,,,,,,,,,,,,
saopaulo,SASRec,HR10,BASE,0.05092,0.0,0.05092,0.00145,0.04813,0.05373,,,,,,,,,,,,,,,,,,
saopaulo,SASRec,HR10,SIT,0.05164,0.0004356,0.05224,0.00146,0.04941,0.05508,,0.00072,0.00015,0.00247,0.024,0.021113,5,,,0.00503,0.0031,0.00625,0.0,0.001462,5,,,
saopaulo,SASRec,HR10,Steck-b,0.04661,0.0017868,0.04758,0.00138,0.04489,0.05041,,,,,,,,,,,,,,,,,,
saopaulo,SASRec,HR20,BASE,0.07508,0.0,0.07508,0.00169,0.0717,0.07848,,,,,,,,,,,,,,,,,,
saopaulo,SASRec,HR20,SIT,0.0748,0.0004673,0.07525,0.0017,0.07202,0.07864,,-0.00028,-0.00106,0.00147,0.8,0.255577,2,,,0.00636,0.00352,0.00713,0.0,0.001579,5,,,1
saopaulo,SASRec,HR20,Steck-b,0.06844,0.0022956,0.06996,0.00168,0.06648,0.07323,,,,,,,,,,,,,,,,,,
saopaulo,SASRec,NDCG5,BASE,0.02284,0.0,0.02284,0.00085,0.02113,0.02453,,,,,,,,,,,,,,,,,,
saopaulo,SASRec,NDCG5,SIT,0.02284,0.0001008,0.02278,0.00085,0.02115,0.02448,,-1e-05,-0.00058,0.00041,0.805333,0.868999,2,,,0.00257,0.00136,0.00296,0.0,0.00189,5,,,
saopaulo,SASRec,NDCG5,Steck-b,0.02026,0.0006991,0.02065,0.00079,0.01903,0.02216,,,,,,,,,,,,,,,,,,
saopaulo,SASRec,NDCG10,BASE,0.02826,0.0,0.02826,0.00087,0.02658,0.03001,,,,,,,,,,,,,,,,,,
saopaulo,SASRec,NDCG10,SIT,0.02849,0.0001698,0.02874,0.00088,0.02705,0.0305,,0.00024,2e-05,0.00098,0.034667,0.034711,5,,,0.00299,0.00202,0.00349,0.0,0.001135,5,,,
saopaulo,SASRec,NDCG10,Steck-b,0.0255,0.0009307,0.02602,0.00084,0.02438,0.02761,,,,,,,,,,,,,,,,,,
saopaulo,SASRec,NDCG20,BASE,0.03433,0.0,0.03433,0.00089,0.03258,0.03615,,,,,,,,,,,,,,,,,,
saopaulo,SASRec,NDCG20,SIT,0.03431,0.0001657,0.0345,0.00089,0.03285,0.03638,,-2e-05,-0.00027,0.00065,0.425333,0.831905,3,,,0.0033,0.00209,0.00354,0.0,0.001309,5,,,1
saopaulo,SASRec,NDCG20,Steck-b,0.03101,0.0010688,0.03165,0.00088,0.02991,0.03334,,,,,,,,,,,,,,,,,,
saopaulo,SASRec,MRR_u,BASE,0.03076,0.0,0.03076,0.00113,0.02849,0.03308,,,,,,,,,,,,,,,,,,
saopaulo,SASRec,MRR_u,SIT,0.03084,0.0001543,0.03102,0.00114,0.0288,0.03333,,8e-05,-0.00026,0.00079,0.32,0.305166,3,,,0.00313,0.00156,0.00366,0.0,0.001352,5,,,
saopaulo,SASRec,MRR_u,Steck-b,0.02771,0.0010214,0.02836,0.00108,0.02623,0.03048,,,,,,,,,,,,,,,,,,
saopaulo,SASRec,HR5_u,BASE,0.04065,0.0,0.04065,0.00171,0.03733,0.04404,,,,,,,,,,,,,,,,,,
saopaulo,SASRec,HR5_u,SIT,0.04108,0.0002087,0.04093,0.00175,0.03743,0.04435,,0.00042,-0.00089,0.00143,0.668,0.010525,5,,,0.00489,0.0019,0.00552,0.0,0.003482,5,,,
saopaulo,SASRec,HR5_u,Steck-b,0.03618,0.0015661,0.03717,0.00166,0.03391,0.0404,,,,,,,,,,,,,,,,,,
saopaulo,SASRec,HR10_u,BASE,0.06098,0.0,0.06098,0.00201,0.05707,0.06473,,,,,,,,,,,,,,,,,,
saopaulo,SASRec,HR10_u,SIT,0.06208,0.0005089,0.06275,0.00206,0.05874,0.06668,,0.00109,0.00038,0.00316,0.014667,0.008633,5,,,0.00648,0.00368,0.00804,0.0,0.00123,5,,,
saopaulo,SASRec,HR10_u,Steck-b,0.0556,0.0022037,0.05691,0.00203,0.05298,0.06097,,,,,,,,,,,,,,,,,,
saopaulo,SASRec,HR20_u,BASE,0.0901,0.0,0.0901,0.00253,0.08521,0.09499,,,,,,,,,,,,,,,,,,
saopaulo,SASRec,HR20_u,SIT,0.08959,0.0005799,0.08998,0.00251,0.08511,0.09468,,-0.00052,-0.00208,0.00176,0.906667,0.116382,1,,,0.00775,0.00355,0.00882,0.0,0.000728,5,,,
saopaulo,SASRec,HR20_u,Steck-b,0.08183,0.0024077,0.08371,0.00244,0.07941,0.0887,,,,,,,,,,,,,,,,,,
saopaulo,SASRec,NDCG5_u,BASE,0.02724,0.0,0.02724,0.00131,0.02474,0.02988,,,,,,,,,,,,,,,,,,
saopaulo,SASRec,NDCG5_u,SIT,0.02744,3.07e-05,0.02746,0.00131,0.02499,0.03019,,0.0002,-0.0005,0.00088,0.524,0.000123,5,,,0.00341,0.00167,0.00393,0.0,0.001786,5,,,
saopaulo,SASRec,NDCG5_u,Steck-b,0.02404,0.0010252,0.02468,0.00119,0.02227,0.027,,,,,,,,,,,,,,,,,,
saopaulo,SASRec,NDCG10_u,BASE,0.03376,0.0,0.03376,0.00134,0.03119,0.03633,,,,,,,,,,,,,,,,,,
saopaulo,SASRec,NDCG10_u,SIT,0.03418,0.0002304,0.03447,0.00135,0.03187,0.03708,,0.00042,0.00011,0.00132,0.016,0.015416,5,,,0.00388,0.0023,0.00458,0.0,0.001093,5,,,
saopaulo,SASRec,NDCG10_u,Steck-b,0.03029,0.0012342,0.03104,0.00125,0.02861,0.03342,,,,,,,,,,,,,,,,,,
saopaulo,SASRec,NDCG20_u,BASE,0.04107,0.0,0.04107,0.00134,0.03852,0.04359,,,,,,,,,,,,,,,,,,
saopaulo,SASRec,NDCG20_u,SIT,0.04106,0.0002364,0.04127,0.00135,0.03861,0.04388,,-1e-05,-0.00043,0.00084,0.570667,0.959188,3,,,0.00416,0.00239,0.00454,0.0,0.000958,5,,,
saopaulo,SASRec,NDCG20_u,Steck-b,0.03691,0.0012967,0.03781,0.00129,0.03522,0.04033,,,,,,,,,,,,,,,,,,
saopaulo,SASRec,Coverage,BASE,0.98846,0.0,0.98846,0.00107,0.9816,0.98582,,,,,,,,,,,,,,,,,,
saopaulo,SASRec,Coverage,SIT,0.99065,0.0003118,0.99033,0.00105,0.9841,0.98815,,0.00218,0.00062,0.00437,0.013333,9.7e-05,5,,,-0.00168,-0.00312,0.00156,0.62,0.001348,0,,,
saopaulo,SASRec,Coverage,Steck-b,0.99233,0.000751,0.99158,0.00099,0.98503,0.98909,,,,,,,,,,,,,,,,,,
saopaulo,SASRec,Gini,BASE,0.54596,0.0,0.54596,0.00109,0.54526,0.54959,,,,,,,,,,,,,,,,,,
saopaulo,SASRec,Gini,SIT,0.54489,0.0013228,0.5461,0.00117,0.54521,0.54987,,-0.00107,-0.00066,0.00094,0.724,0.143594,1,,,0.01361,0.00974,0.01191,0.0,0.005008,5,,,
saopaulo,SASRec,Gini,Steck-b,0.53128,0.0067098,0.53525,0.00122,0.53451,0.53924,,,,,,,,,,,,,,,,,,
saopaulo,SASRec,LT20,BASE,0.5262,0.0,0.526199996471405,0.00132,0.52355,0.52877,,,,,,,,,,,,,,,,,,
saopaulo,SASRec,LT20,SIT,0.52365,0.0016083,0.5217999815940857,0.00137,0.51909,0.52451,,-0.00255,-0.00529,-0.00359,0.0,0.023779,0,,,-0.00289,-0.00413,-0.00177,0.0,0.00662,0,,,
saopaulo,SASRec,LT20,Steck-b,0.52654,0.0026336,0.5247399806976318,0.00133,0.52212,0.52741,,,,,,,,,,,,,,,,,,
saopaulo,SASRec,JS,BASE,0.23664,0.0,0.23664,0.00082,0.23501,0.2383,,,,,,,,,,,,,,,,,,
saopaulo,SASRec,JS,SIT,0.24678,0.0020027,0.24723,0.00088,0.24552,0.24888,,0.01014,0.00961,0.01159,0.0,0.000346,5,,,0.09141,0.09207,0.09514,0.0,1e-06,5,,,
saopaulo,SASRec,JS,Steck-b,0.15537,0.002021,0.15362,0.00061,0.15241,0.15478,,,,,,,,,,,,,,,,,,
yelp,B_blind,CatMRR,BASE,0.74785,0.0,0.74785,0.00222,0.74366,0.75238,,,,,,,,,,,,,,,,,,
yelp,B_blind,CatMRR,SIT,0.74964,0.0032514,0.75422,0.00222,0.74999,0.75864,,0.00178,0.0053,0.00749,0.0,0.287076,2,,,0.00198,0.00542,0.00768,0.0,0.240056,2,,,
yelp,B_blind,CatMRR,Steck-b,0.74765,3.98e-05,0.74769,0.00219,0.74342,0.75199,,,,,,,,,,,,,,,,,,
yelp,B_blind,CatNDCG,BASE,0.76544,0.0,0.76544,0.00208,0.76128,0.76933,,,,,,,,,,,,,,,,,,
yelp,B_blind,CatNDCG,SIT,0.76622,0.0011993,0.76744,0.00213,0.76315,0.77143,,0.00078,0.00109,0.00287,0.0,0.221602,2,,,0.00069,0.00101,0.00284,0.0,0.268395,2,,,
yelp,B_blind,CatNDCG,Steck-b,0.76553,9.4e-06,0.76551,0.00208,0.76146,0.76956,,,,,,,,,,,,,,,,,,
yelp,B_blind,macroCatMRR,BASE,0.09049,0.0,0.09049,0.0018,0.0882,0.0965,,,,,,,,,,,,,,,,,,
yelp,B_blind,macroCatMRR,SIT,0.09046,0.00245,0.08641,0.00178,0.08409,0.09221,nullo,-3e-05,-0.00587,-0.00225,0.0,0.978878,3,0.0,***,-0.00223,-0.009,-0.00447,0.0,0.13787,0,0.0,***,
yelp,B_blind,macroCatMRR,Steck-b,0.0927,0.0002931,0.09299,0.00194,0.09015,0.09877,,,,,,,,,,,,,,,,,,
yelp,B_blind,MRR,BASE,0.01556,0.0,0.01556,0.0004,0.01475,0.01633,,,,,,,,,,,,,,,,,,
yelp,B_blind,MRR,SIT,0.01559,4.57e-05,0.01564,0.00041,0.01483,0.01644,,3e-05,-8e-05,0.00024,0.273333,0.223628,2,,,3e-05,-9e-05,0.00022,0.362667,0.176927,5,,,
yelp,B_blind,MRR,Steck-b,0.01556,1.05e-05,0.01557,0.0004,0.01478,0.01634,,,,,,,,,,,,,,,,,,
yelp,B_blind,HR5,BASE,0.01751,0.0,0.01751,0.00071,0.01617,0.0189,,,,,,,,,,,,,,,,,,
yelp,B_blind,HR5,SIT,0.01759,3.85e-05,0.01765,0.00071,0.01629,0.01906,,8e-05,-0.00027,0.00054,0.518667,0.009014,5,,,4e-05,-0.0003,0.00046,0.728,0.077742,4,,,
yelp,B_blind,HR5,Steck-b,0.01755,1.49e-05,0.01757,0.0007,0.01625,0.01895,,,,,,,,,,,,,,,,,,
yelp,B_blind,HR10,BASE,0.03138,0.0,0.03138,0.00092,0.02961,0.03312,,,,,,,,,,,,,,,,,,
yelp,B_blind,HR10,SIT,0.0314,3.55e-05,0.03141,0.00092,0.02964,0.0332,,2e-05,-0.00049,0.00054,0.96,0.241982,2,,,3e-05,-0.00046,0.00052,1.0,0.034109,4,,,
yelp,B_blind,HR10,Steck-b,0.03138,2.98e-05,0.03141,0.00091,0.02964,0.03319,,,,,,,,,,,,,,,,,,
yelp,B_blind,HR20,BASE,0.052,0.0,0.052,0.00114,0.04979,0.05419,,,,,,,,,,,,,,,,,,
yelp,B_blind,HR20,SIT,0.0522,0.0001354,0.05238,0.00115,0.05008,0.05465,,0.00021,-0.00022,0.00101,0.226667,0.026965,5,,,0.00024,-0.00014,0.00106,0.169333,0.040874,5,,,1
yelp,B_blind,HR20,Steck-b,0.05196,4.47e-05,0.05191,0.00116,0.04972,0.05425,,,,,,,,,,,,,,,,,,
yelp,B_blind,NDCG5,BASE,0.01072,0.0,0.01072,0.00044,0.00989,0.01158,,,,,,,,,,,,,,,,,,
yelp,B_blind,NDCG5,SIT,0.01076,3.54e-05,0.01082,0.00044,0.00998,0.01166,,4e-05,-0.0001,0.0003,0.318667,0.062007,5,,,4e-05,-0.00011,0.00028,0.378667,0.034104,5,,,
yelp,B_blind,NDCG5,Steck-b,0.01072,1.25e-05,0.01073,0.00045,0.00989,0.01162,,,,,,,,,,,,,,,,,,
yelp,B_blind,NDCG10,BASE,0.01517,0.0,0.01517,0.00049,0.01423,0.01616,,,,,,,,,,,,,,,,,,
yelp,B_blind,NDCG10,SIT,0.01519,3.56e-05,0.01523,0.00049,0.01426,0.01622,,2e-05,-0.00016,0.00026,0.624,0.322832,2,,,2e-05,-0.00014,0.00024,0.625333,0.055461,5,,,
yelp,B_blind,NDCG10,Steck-b,0.01516,1.48e-05,0.01518,0.00048,0.01426,0.01611,,,,,,,,,,,,,,,,,,
yelp,B_blind,NDCG20,BASE,0.02034,0.0,0.02034,0.00051,0.01931,0.02136,,,,,,,,,,,,,,,,,,
yelp,B_blind,NDCG20,SIT,0.0204,5.55e-05,0.02047,0.00052,0.01946,0.0215,,6e-05,-5e-05,0.00033,0.198667,0.074195,5,,,7e-05,-5e-05,0.00034,0.142667,0.058962,5,,,1
yelp,B_blind,NDCG20,Steck-b,0.02033,3.6e-06,0.02033,0.00051,0.01937,0.02139,,,,,,,,,,,,,,,,,,
yelp,B_blind,MRR_u,BASE,0.01967,0.0,0.01967,0.00065,0.01835,0.02095,,,,,,,,,,,,,,,,,,
yelp,B_blind,MRR_u,SIT,0.01972,8.56e-05,0.01983,0.00066,0.01848,0.02108,,5e-05,-9e-05,0.0004,0.228,0.27229,2,,,4e-05,-8e-05,0.00037,0.230667,0.283372,2,,,
yelp,B_blind,MRR_u,Steck-b,0.01968,1.16e-05,0.01969,0.00068,0.01841,0.02105,,,,,,,,,,,,,,,,,,
yelp,B_blind,HR5_u,BASE,0.02336,0.0,0.02336,0.00113,0.02125,0.02558,,,,,,,,,,,,,,,,,,
yelp,B_blind,HR5_u,SIT,0.02342,0.0001103,0.02362,0.00114,0.02144,0.02586,,6e-05,-0.00041,0.00092,0.468,0.282471,5,,,0.00012,-0.00033,0.00097,0.332,0.076127,5,,,
yelp,B_blind,HR5_u,Steck-b,0.0233,0.0,0.0233,0.00108,0.02116,0.02541,,,,,,,,,,,,,,,,,,
yelp,B_blind,HR10_u,BASE,0.03981,0.0,0.03981,0.00143,0.03704,0.04258,,,,,,,,,,,,,,,,,,
yelp,B_blind,HR10_u,SIT,0.03974,1.81e-05,0.03976,0.00144,0.03696,0.0426,,-7e-05,-0.00083,0.00079,0.922667,0.001181,0,,,-1e-05,-0.00078,0.00074,0.998667,0.119817,0,,,
yelp,B_blind,HR10_u,Steck-b,0.03975,3.41e-05,0.03979,0.00145,0.03702,0.04261,,,,,,,,,,,,,,,,,,
yelp,B_blind,HR20_u,BASE,0.06554,0.0,0.06554,0.00184,0.06185,0.06909,,,,,,,,,,,,,,,,,,
yelp,B_blind,HR20_u,SIT,0.06551,2.08e-05,0.06548,0.00184,0.06177,0.06898,,-2e-05,-0.00087,0.00074,0.882667,0.066591,0,,,-1e-05,-0.0008,0.0007,0.865333,0.722174,3,,,
yelp,B_blind,HR20_u,Steck-b,0.06552,2.76e-05,0.06555,0.00176,0.06215,0.06888,,,,,,,,,,,,,,,,,,
yelp,B_blind,NDCG5_u,BASE,0.01454,0.0,0.01454,0.00073,0.01323,0.01598,,,,,,,,,,,,,,,,,,
yelp,B_blind,NDCG5_u,SIT,0.01459,0.0001046,0.01476,0.00074,0.01337,0.01628,,5e-05,-0.00011,0.00056,0.178667,0.343239,2,,,9e-05,-7e-05,0.00055,0.116,0.109764,5,,,
yelp,B_blind,NDCG5_u,Steck-b,0.0145,8e-06,0.01451,0.00076,0.01307,0.01607,,,,,,,,,,,,,,,,,,
yelp,B_blind,NDCG10_u,BASE,0.01981,0.0,0.01981,0.00077,0.01836,0.02129,,,,,,,,,,,,,,,,,,
yelp,B_blind,NDCG10_u,SIT,0.01982,7.45e-05,0.01992,0.00078,0.01839,0.02142,,1e-05,-0.00021,0.00045,0.512,0.763606,2,,,3e-05,-0.00018,0.00041,0.442667,0.287432,2,,,
yelp,B_blind,NDCG10_u,Steck-b,0.01979,1.57e-05,0.0198,0.0008,0.01827,0.02145,,,,,,,,,,,,,,,,,,
yelp,B_blind,NDCG20_u,BASE,0.02627,0.0,0.02627,0.00085,0.02462,0.02793,,,,,,,,,,,,,,,,,,
yelp,B_blind,NDCG20_u,SIT,0.0263,5.77e-05,0.02637,0.00085,0.02468,0.02809,,2e-05,-0.00019,0.00039,0.508,0.399449,2,,,3e-05,-0.00017,0.00036,0.534667,0.204808,2,,,
yelp,B_blind,NDCG20_u,Steck-b,0.02627,1.23e-05,0.02628,0.00082,0.02469,0.02795,,,,,,,,,,,,,,,,,,
yelp,B_blind,Coverage,BASE,0.2921,0.0,0.2921,0.00026,0.29117,0.2921,,,,,,,,,,,,,,,,,,
yelp,B_blind,Coverage,SIT,0.30196,0.0072168,0.30849,0.00047,0.30586,0.30756,,0.00987,0.01407,0.01593,0.0,0.037779,5,,,0.00792,0.01206,0.01407,0.0,0.072384,5,,,
yelp,B_blind,Coverage,Steck-b,0.29405,8.47e-05,0.29395,0.00025,0.29303,0.29395,,,,,,,,,,,,,,,,,,
yelp,B_blind,Gini,BASE,0.92861,0.0,0.92861,0.00029,0.92815,0.92932,,,,,,,,,,,,,,,,,,
yelp,B_blind,Gini,SIT,0.92855,0.0002579,0.929,0.00029,0.92855,0.92971,,-7e-05,0.00028,0.0005,0.0,0.602969,1,,,7e-05,0.00044,0.00065,0.0,0.595927,2,,,
yelp,B_blind,Gini,Steck-b,0.92848,1.23e-05,0.92847,0.00029,0.92803,0.92916,,,,,,,,,,,,,,,,,,
yelp,B_blind,LT20,BASE,0.03995,0.0,0.03994999825954437,0.0005,0.03902,0.04098,,,,,,,,,,,,,,,,,,
yelp,B_blind,LT20,SIT,0.0395,0.0008318,0.03822999820113182,0.00049,0.0373,0.03923,,-0.00044,-0.00194,-0.00148,0.0,0.299563,3,,,-0.00055,-0.00207,-0.0016,0.0,0.230506,3,,,
yelp,B_blind,LT20,Steck-b,0.04005,3.4e-05,0.0400799997150898,0.00051,0.0391,0.04109,,,,,,,,,,,,,,,,,,
yelp,B_blind,JS,BASE,0.09845,0.0,0.09845,0.00042,0.09762,0.09931,,,,,,,,,,,,,,,,,,
yelp,B_blind,JS,SIT,0.09941,0.0016698,0.10212,0.00043,0.10126,0.10296,,0.00096,0.0034,0.00394,0.0,0.267589,2,,,0.00356,0.00648,0.00703,0.0,0.019014,5,,,
yelp,B_blind,JS,Steck-b,0.09585,0.0004683,0.09536,0.00044,0.09449,0.09621,,,,,,,,,,,,,,,,,,
yelp,B_full,CatMRR,BASE,0.74966,0.0028613,0.75198,0.00208,0.74781,0.75584,,,,,,,,,,,,,,,,,,
yelp,B_full,CatMRR,SIT,0.7477,0.0035965,0.75136,0.00208,0.74721,0.75528,,-0.00196,-0.0009,-0.00036,0.0,0.011957,0,,,-0.00147,-0.00062,1e-05,0.06,0.022887,0,,,
yelp,B_full,CatMRR,Steck-b,0.74917,0.0029445,0.75167,0.00217,0.74725,0.75583,,,,,,,,,,,,,,,,,,
yelp,B_full,CatNDCG,BASE,0.76394,0.0020579,0.76502,0.00213,0.76084,0.76931,,,,,,,,,,,,,,,,,,
yelp,B_full,CatNDCG,SIT,0.76251,0.00231,0.76423,0.00213,0.76003,0.76849,,-0.00143,-0.00101,-0.00055,0.0,0.002419,0,,,-0.00118,-0.00103,-0.00044,0.0,0.001774,0,,,
yelp,B_full,CatNDCG,Steck-b,0.76369,0.0021422,0.76496,0.00204,0.76091,0.76896,,,,,,,,,,,,,,,,,,
yelp,B_full,macroCatMRR,BASE,0.0922,0.001087,0.09117,0.00199,0.08833,0.09749,,,,,,,,,,,,,,,,,,
yelp,B_full,macroCatMRR,SIT,0.09423,0.0022952,0.09152,0.00202,0.08858,0.09798,ridondante,0.00203,0.0,0.00075,0.046667,0.022507,5,0.093334,,0.00034,-0.00134,-0.00044,0.0,0.431815,3,0.0,***,
yelp,B_full,macroCatMRR,Steck-b,0.09389,0.001472,0.09242,0.00206,0.08962,0.09877,,,,,,,,,,,,,,,,,,
yelp,B_full,MRR,BASE,0.01199,5.22e-05,0.01193,0.00036,0.01122,0.01264,,,,,,,,,,,,,,,,,,
yelp,B_full,MRR,SIT,0.01199,5.55e-05,0.01193,0.00036,0.01123,0.01264,,-0.0,-1e-05,1e-05,0.669333,0.680039,3,,,-2e-05,-6e-05,-0.0,0.048,0.178362,1,,,
yelp,B_full,MRR,Steck-b,0.01201,5.79e-05,0.01196,0.00036,0.0113,0.01267,,,,,,,,,,,,,,,,,,
yelp,B_full,HR5,BASE,0.01408,0.0003261,0.01379,0.0006,0.01259,0.01493,,,,,,,,,,,,,,,,,,
yelp,B_full,HR5,SIT,0.01403,0.0003353,0.01373,0.0006,0.01252,0.01488,,-4e-05,-0.00016,5e-05,0.469333,0.195138,1,,,-0.0001,-0.00019,0.0,0.109333,0.021312,0,,,
yelp,B_full,HR5,Steck-b,0.01413,0.0003116,0.01381,0.00059,0.01265,0.01498,,,,,,,,,,,,,,,,,,
yelp,B_full,HR10,BASE,0.02444,0.0001602,0.02448,0.00082,0.0229,0.02608,,,,,,,,,,,,,,,,,,
yelp,B_full,HR10,SIT,0.02444,0.0001713,0.02448,0.00082,0.0229,0.02608,,-0.0,-8e-05,8e-05,1.0,1.0,1,,,-2e-05,-8e-05,0.00016,0.832,0.576933,3,,,
yelp,B_full,HR10,Steck-b,0.02446,0.0001748,0.02445,0.00079,0.02293,0.02611,,,,,,,,,,,,,,,,,,
yelp,B_full,HR20,BASE,0.03822,0.0003839,0.03777,0.00097,0.03592,0.0397,,,,,,,,,,,,,,,,,,
yelp,B_full,HR20,SIT,0.03826,0.0003447,0.0378,0.00097,0.03595,0.03975,,4e-05,-0.00015,0.00022,0.858667,0.468358,4,,,0.0001,-0.00011,0.0003,0.494667,0.091902,4,,,1
yelp,B_full,HR20,Steck-b,0.03816,0.0003404,0.03772,0.00099,0.03576,0.0397,,,,,,,,,,,,,,,,,,
yelp,B_full,NDCG5,BASE,0.00851,0.0001401,0.00836,0.00039,0.00758,0.00916,,,,,,,,,,,,,,,,,,
yelp,B_full,NDCG5,SIT,0.00849,0.000146,0.00834,0.00039,0.00757,0.00914,,-2e-05,-6e-05,2e-05,0.476,0.244303,1,,,-5e-05,-0.0001,-0.0,0.026667,0.020663,0,,,
yelp,B_full,NDCG5,Steck-b,0.00854,0.0001449,0.00839,0.00038,0.00764,0.00912,,,,,,,,,,,,,,,,,,
yelp,B_full,NDCG10,BASE,0.01185,7.86e-05,0.01182,0.00044,0.01095,0.01265,,,,,,,,,,,,,,,,,,
yelp,B_full,NDCG10,SIT,0.01184,8.31e-05,0.01182,0.00044,0.01096,0.01265,,-0.0,-2e-05,2e-05,0.961333,0.609589,1,,,-2e-05,-5e-05,3e-05,0.685333,0.165232,1,,,
yelp,B_full,NDCG10,Steck-b,0.01187,9.17e-05,0.01183,0.00043,0.01096,0.01269,,,,,,,,,,,,,,,,,,
yelp,B_full,NDCG20,BASE,0.0153,0.000115,0.01517,0.00045,0.01432,0.01611,,,,,,,,,,,,,,,,,,
yelp,B_full,NDCG20,SIT,0.0153,0.0001089,0.01517,0.00045,0.01434,0.01611,,0.0,-3e-05,5e-05,0.713333,0.708107,4,,,1e-05,-4e-05,5e-05,0.885333,0.701706,3,,,1
yelp,B_full,NDCG20,Steck-b,0.0153,0.0001128,0.01517,0.00044,0.0143,0.01608,,,,,,,,,,,,,,,,,,
yelp,B_full,MRR_u,BASE,0.01393,3.91e-05,0.01396,0.00057,0.01287,0.01505,,,,,,,,,,,,,,,,,,
yelp,B_full,MRR_u,SIT,0.01395,3.22e-05,0.01397,0.00057,0.01288,0.01506,,2e-05,-1e-05,2e-05,0.349333,0.032318,5,,,-2e-05,-0.00012,1e-05,0.308,0.177581,1,,,
yelp,B_full,MRR_u,Steck-b,0.01397,5.29e-05,0.014,0.0006,0.01294,0.01519,,,,,,,,,,,,,,,,,,
yelp,B_full,HR5_u,BASE,0.01662,0.0003943,0.01655,0.00093,0.01482,0.01834,,,,,,,,,,,,,,,,,,
yelp,B_full,HR5_u,SIT,0.01657,0.0002544,0.01656,0.00093,0.01483,0.01834,,-5e-05,-0.00013,0.00018,0.973333,0.552557,3,,,-0.00011,-0.00015,0.0,0.096,0.17559,1,,,
yelp,B_full,HR5_u,Steck-b,0.01668,0.0003309,0.01662,0.00095,0.01482,0.01853,,,,,,,,,,,,,,,,,,
yelp,B_full,HR10_u,BASE,0.02908,0.0001817,0.02881,0.00125,0.02651,0.03117,,,,,,,,,,,,,,,,,,
yelp,B_full,HR10_u,SIT,0.02908,0.0002187,0.02875,0.00125,0.02644,0.03111,,0.0,-0.00021,3e-05,0.733333,0.890183,2,,,-2e-05,-0.00027,0.00029,0.956,0.731296,2,,,
yelp,B_full,HR10_u,Steck-b,0.0291,0.0002948,0.02874,0.00123,0.02638,0.03107,,,,,,,,,,,,,,,,,,
yelp,B_full,HR20_u,BASE,0.04491,0.0002271,0.04484,0.00155,0.0419,0.04791,,,,,,,,,,,,,,,,,,
yelp,B_full,HR20_u,SIT,0.04498,0.000327,0.04489,0.00155,0.04196,0.04792,,7e-05,-0.00017,0.00031,0.641333,0.264117,4,,,0.00023,-1e-05,0.00068,0.056,0.032963,5,,,
yelp,B_full,HR20_u,Steck-b,0.04474,0.000194,0.04458,0.0015,0.04168,0.04755,,,,,,,,,,,,,,,,,,
yelp,B_full,NDCG5_u,BASE,0.01025,0.0001451,0.01026,0.00062,0.00905,0.0115,,,,,,,,,,,,,,,,,,
yelp,B_full,NDCG5_u,SIT,0.01024,9.37e-05,0.01027,0.00062,0.00906,0.01152,,-1e-05,-5e-05,9e-05,0.897333,0.745841,3,,,-6e-05,-0.00012,-0.0,0.030667,0.063935,1,,,
yelp,B_full,NDCG5_u,Steck-b,0.0103,0.0001301,0.01032,0.0006,0.00919,0.01154,,,,,,,,,,,,,,,,,,
yelp,B_full,NDCG10_u,BASE,0.01427,5.42e-05,0.01424,0.00068,0.01297,0.0156,,,,,,,,,,,,,,,,,,
yelp,B_full,NDCG10_u,SIT,0.01428,5.66e-05,0.01423,0.00068,0.01295,0.0156,,1e-05,-6e-05,2e-05,0.702667,0.236173,4,,,-3e-05,-0.00012,7e-05,0.624,0.27336,1,,,
yelp,B_full,NDCG10_u,Steck-b,0.0143,9.45e-05,0.01425,0.00066,0.01297,0.01562,,,,,,,,,,,,,,,,,,
yelp,B_full,NDCG20_u,BASE,0.01825,6.44e-05,0.01828,0.00071,0.01692,0.01964,,,,,,,,,,,,,,,,,,
yelp,B_full,NDCG20_u,SIT,0.01827,8.17e-05,0.01829,0.00071,0.01694,0.01967,,2e-05,-4e-05,8e-05,0.565333,0.118191,4,,,3e-05,-4e-05,0.00016,0.322667,0.149007,3,,,
yelp,B_full,NDCG20_u,Steck-b,0.01824,5.55e-05,0.01824,0.00072,0.0168,0.01958,,,,,,,,,,,,,,,,,,
yelp,B_full,Coverage,BASE,0.05697,0.0019486,0.05737,0.00067,0.0535,0.05613,,,,,,,,,,,,,,,,,,
yelp,B_full,Coverage,SIT,0.05774,0.0016819,0.05783,0.00065,0.05397,0.05644,,0.00077,0.00015,0.00077,0.016,0.00621,5,,,-0.00077,-0.00085,-0.00015,0.036,0.055654,1,,,
yelp,B_full,Coverage,Steck-b,0.05851,0.0016277,0.0583,0.00065,0.05443,0.05706,,,,,,,,,,,,,,,,,,
yelp,B_full,Gini,BASE,0.99475,8.52e-05,0.99476,2e-05,0.99472,0.9948,,,,,,,,,,,,,,,,,,
yelp,B_full,Gini,SIT,0.99463,0.0001281,0.99472,2e-05,0.99468,0.99477,,-0.00012,-4e-05,-3e-05,0.0,0.010074,0,,,-6e-05,0.0,1e-05,0.0,0.039797,1,,,
yelp,B_full,Gini,Steck-b,0.99468,9.83e-05,0.99471,2e-05,0.99467,0.99476,,,,,,,,,,,,,,,,,,
yelp,B_full,LT20,BASE,0.00487,0.0003287,0.0048699998296797276,0.00021,0.00447,0.00529,,,,,,,,,,,,,,,,,,
yelp,B_full,LT20,SIT,0.00572,0.00059,0.005140000022947788,0.00021,0.00472,0.00558,,0.00085,0.00023,0.00032,0.0,0.010411,5,,,0.00039,-7e-05,4e-05,0.616,0.036746,4,,,
yelp,B_full,LT20,Steck-b,0.00533,0.0003752,0.005160000175237656,0.00021,0.00477,0.00556,,,,,,,,,,,,,,,,,,
yelp,B_full,JS,BASE,0.11141,0.0014049,0.11314,0.00048,0.11221,0.11411,,,,,,,,,,,,,,,,,,
yelp,B_full,JS,SIT,0.11363,0.001285,0.11443,0.00048,0.11349,0.1154,,0.00222,0.0012,0.00139,0.0,0.001242,5,,,0.00415,0.00334,0.0036,0.0,1.8e-05,5,,,
yelp,B_full,JS,Steck-b,0.10948,0.0014397,0.11096,0.00049,0.11003,0.1119,,,,,,,,,,,,,,,,,,
yelp,EASE,CatMRR,BASE,0.7622,0.0,0.7622,0.00215,0.75821,0.76649,,,,,,,,,,,,,,,,,,
yelp,EASE,CatMRR,SIT,0.71489,0.0284351,0.7566,0.00218,0.75252,0.76111,,-0.04732,-0.00671,-0.00449,0.0,0.020461,0,,,0.07623,0.14524,0.15336,0.0,0.041221,5,,,
yelp,EASE,CatMRR,Steck-b,0.63865,0.0297945,0.60727,0.00239,0.60247,0.61189,,,,,,,,,,,,,,,,,,
yelp,EASE,CatNDCG,BASE,0.77402,0.0,0.77402,0.00213,0.76987,0.77814,,,,,,,,,,,,,,,,,,
yelp,EASE,CatNDCG,SIT,0.72663,0.0271757,0.76666,0.00214,0.7624,0.77067,,-0.04739,-0.00837,-0.00633,0.0,0.017546,0,,,0.07004,0.13711,0.14478,0.0,0.048145,5,,,
yelp,EASE,CatNDCG,Steck-b,0.65659,0.0292954,0.62578,0.00231,0.62129,0.63031,,,,,,,,,,,,,,,,,,
yelp,EASE,macroCatMRR,BASE,0.08212,0.0,0.08212,0.00184,0.07973,0.08776,,,,,,,,,,,,,,,,,,
yelp,EASE,macroCatMRR,SIT,0.08611,0.0026007,0.08255,0.00191,0.07975,0.08725,nullo,0.00399,-0.00238,0.00359,0.745333,0.026573,5,1.0,,-0.03813,-0.04685,-0.03415,0.0,0.0,0,0.0,***,
yelp,EASE,macroCatMRR,Steck-b,0.12424,0.0011875,0.12249,0.00368,0.11685,0.13162,,,,,,,,,,,,,,,,,,
yelp,EASE,MRR,BASE,0.01772,0.0,0.01772,0.00044,0.0169,0.01863,,,,,,,,,,,,,,,,,,
yelp,EASE,MRR,SIT,0.01658,0.0006771,0.01758,0.00045,0.01675,0.01849,,-0.00114,-0.00027,-1e-05,0.036,0.019628,0,,,0.00165,0.00275,0.00387,0.0,0.049118,5,,,
yelp,EASE,MRR,Steck-b,0.01493,0.0006705,0.01426,0.00042,0.0135,0.01515,,,,,,,,,,,,,,,,,,
yelp,EASE,HR5,BASE,0.0207,0.0,0.0207,0.00074,0.01927,0.02211,,,,,,,,,,,,,,,,,,
yelp,EASE,HR5,SIT,0.01937,0.0008826,0.0207,0.00073,0.01923,0.02214,,-0.00132,-0.00041,0.00041,1.0,0.02861,0,,,0.00167,0.00301,0.00499,0.0,0.102068,5,,,
yelp,EASE,HR5,Steck-b,0.0177,0.0009165,0.01674,0.00069,0.01538,0.01811,,,,,,,,,,,,,,,,,,
yelp,EASE,HR10,BASE,0.0344,0.0,0.0344,0.00095,0.03261,0.03636,,,,,,,,,,,,,,,,,,
yelp,EASE,HR10,SIT,0.03199,0.0013341,0.03399,0.00093,0.03219,0.03591,,-0.00241,-0.001,0.00015,0.150667,0.015565,0,,,0.00304,0.0053,0.0078,0.0,0.07135,5,,,
yelp,EASE,HR10,Steck-b,0.02895,0.0015155,0.02744,0.00085,0.02573,0.02907,,,,,,,,,,,,,,,,,,
yelp,EASE,HR20,BASE,0.058,0.0,0.058,0.00121,0.05567,0.06031,,,,,,,,,,,,,,,,,,
yelp,EASE,HR20,SIT,0.05351,0.0022884,0.05703,0.00121,0.05472,0.05941,,-0.00449,-0.00177,-0.00017,0.021333,0.011841,0,,,0.00636,0.01133,0.01464,0.0,0.051265,5,,,1
yelp,EASE,HR20,Steck-b,0.04716,0.0029803,0.04401,0.00103,0.04202,0.04612,,,,,,,,,,,,,,,,,,
yelp,EASE,NDCG5,BASE,0.01293,0.0,0.01293,0.0005,0.01193,0.01388,,,,,,,,,,,,,,,,,,
yelp,EASE,NDCG5,SIT,0.01219,0.0005579,0.01301,0.00051,0.01198,0.014,,-0.00073,-0.0001,0.00029,0.418667,0.042183,1,,,0.00102,0.00173,0.00301,0.0,0.100503,5,,,
yelp,EASE,NDCG5,Steck-b,0.01117,0.0005298,0.01064,0.00047,0.00971,0.01158,,,,,,,,,,,,,,,,,,
yelp,EASE,NDCG10,BASE,0.01734,0.0,0.01734,0.00052,0.01635,0.01839,,,,,,,,,,,,,,,,,,
yelp,EASE,NDCG10,SIT,0.01625,0.000705,0.01729,0.00052,0.01631,0.01828,,-0.00109,-0.00027,0.00016,0.572,0.026106,0,,,0.00146,0.00256,0.00391,0.0,0.079281,5,,,
yelp,EASE,NDCG10,Steck-b,0.01479,0.0007181,0.01409,0.00049,0.01311,0.01505,,,,,,,,,,,,,,,,,,
yelp,EASE,NDCG20,BASE,0.02326,0.0,0.02326,0.00055,0.02219,0.02432,,,,,,,,,,,,,,,,,,
yelp,EASE,NDCG20,SIT,0.02165,0.0009481,0.02307,0.00055,0.022,0.02415,,-0.00162,-0.00043,5e-05,0.122667,0.018948,0,,,0.00229,0.0041,0.00548,0.0,0.061721,5,,,1
yelp,EASE,NDCG20,Steck-b,0.01936,0.0010794,0.01825,0.00051,0.01721,0.01919,,,,,,,,,,,,,,,,,,
yelp,EASE,MRR_u,BASE,0.02159,0.0,0.02159,0.00071,0.02025,0.02304,,,,,,,,,,,,,,,,,,
yelp,EASE,MRR_u,SIT,0.01949,0.0010432,0.02114,0.00072,0.01976,0.0226,,-0.00209,-0.00074,-0.00016,0.001333,0.01095,0,,,0.00359,0.0051,0.00743,0.0,0.015502,5,,,
yelp,EASE,MRR_u,Steck-b,0.0159,0.001012,0.01494,0.00061,0.01374,0.01611,,,,,,,,,,,,,,,,,,
yelp,EASE,HR5_u,BASE,0.02679,0.0,0.02679,0.00118,0.02447,0.02908,,,,,,,,,,,,,,,,,,
yelp,EASE,HR5_u,SIT,0.0242,0.0014099,0.02646,0.00119,0.02416,0.02874,,-0.00259,-0.00113,0.00047,0.402667,0.014815,0,,,0.00413,0.00598,0.00991,0.0,0.032909,5,,,
yelp,EASE,HR5_u,Steck-b,0.02008,0.0015668,0.01847,0.00096,0.01659,0.02029,,,,,,,,,,,,,,,,,,
yelp,EASE,HR10_u,BASE,0.04282,0.0,0.04282,0.00144,0.04,0.04572,,,,,,,,,,,,,,,,,,
yelp,EASE,HR10_u,SIT,0.03848,0.0021192,0.04192,0.00143,0.03916,0.04481,,-0.00434,-0.00197,0.00014,0.110667,0.010177,0,,,0.00728,0.01066,0.01561,0.0,0.021138,5,,,
yelp,EASE,HR10_u,Steck-b,0.03119,0.0024731,0.02873,0.00119,0.02641,0.03103,,,,,,,,,,,,,,,,,,
yelp,EASE,HR20_u,BASE,0.06974,0.0,0.06974,0.00185,0.06609,0.07327,,,,,,,,,,,,,,,,,,
yelp,EASE,HR20_u,SIT,0.06186,0.0038482,0.06803,0.00187,0.06436,0.07156,,-0.00789,-0.00332,-0.00013,0.036,0.010169,0,,,0.01399,0.02144,0.02788,0.0,0.016021,5,,,
yelp,EASE,HR20_u,Steck-b,0.04787,0.0042024,0.04352,0.00149,0.04068,0.0464,,,,,,,,,,,,,,,,,,
yelp,EASE,NDCG5_u,BASE,0.01675,0.0,0.01675,0.00078,0.01531,0.01827,,,,,,,,,,,,,,,,,,
yelp,EASE,NDCG5_u,SIT,0.01526,0.0009178,0.0167,0.00078,0.01526,0.01824,,-0.00149,-0.00046,0.00034,0.748,0.022099,0,,,0.00241,0.00331,0.00604,0.0,0.038377,5,,,
yelp,EASE,NDCG5_u,Steck-b,0.01286,0.0009106,0.01198,0.00068,0.01071,0.01336,,,,,,,,,,,,,,,,,,
yelp,EASE,NDCG10_u,BASE,0.02192,0.0,0.02192,0.00083,0.02042,0.02359,,,,,,,,,,,,,,,,,,
yelp,EASE,NDCG10_u,SIT,0.01987,0.0011514,0.02169,0.00083,0.02016,0.02333,,-0.00205,-0.00067,0.00023,0.342667,0.016339,0,,,0.00343,0.00507,0.00786,0.0,0.027901,5,,,
yelp,EASE,NDCG10_u,Steck-b,0.01644,0.0011995,0.01529,0.00072,0.01386,0.01666,,,,,,,,,,,,,,,,,,
yelp,EASE,NDCG20_u,BASE,0.02868,0.0,0.02868,0.00087,0.02692,0.03041,,,,,,,,,,,,,,,,,,
yelp,EASE,NDCG20_u,SIT,0.02572,0.0015868,0.02823,0.00088,0.02646,0.0299,,-0.00296,-0.00095,5e-05,0.082667,0.014019,0,,,0.0051,0.00784,0.01058,0.0,0.021409,5,,,
yelp,EASE,NDCG20_u,Steck-b,0.02062,0.0016224,0.01901,0.00074,0.01759,0.02046,,,,,,,,,,,,,,,,,,
yelp,EASE,Coverage,BASE,0.25561,0.0,0.25561,0.00185,0.23179,0.23891,,,,,,,,,,,,,,,,,,
yelp,EASE,Coverage,SIT,0.25462,0.0225718,0.27911,0.00183,0.25375,0.26079,,-0.00099,0.0184,0.02536,0.0,0.926618,2,,,-0.24673,-0.22514,-0.21594,0.0,1.2e-05,0,,,
yelp,EASE,Coverage,Steck-b,0.50135,0.0019511,0.50332,0.00207,0.47386,0.48183,,,,,,,,,,,,,,,,,,
yelp,EASE,Gini,BASE,0.97326,0.0,0.97326,0.00011,0.97311,0.97353,,,,,,,,,,,,,,,,,,
yelp,EASE,Gini,SIT,0.97201,0.0007654,0.97138,0.00012,0.97124,0.97169,,-0.00124,-0.00194,-0.00178,0.0,0.022123,0,,,0.04486,0.04787,0.04912,0.0,9e-06,5,,,
yelp,EASE,Gini,Steck-b,0.92715,0.0042631,0.9227,0.00039,0.9222,0.92374,,,,,,,,,,,,,,,,,,
yelp,EASE,LT20,BASE,0.00668,0.0,0.006680000107735395,0.00019,0.0063,0.00705,,,,,,,,,,,,,,,,,,
yelp,EASE,LT20,SIT,0.10405,0.0480039,0.03133000060915947,0.00068,0.03008,0.03273,,0.09737,0.02347,0.02597,0.0,0.010532,5,,,-0.07507,-0.17366,-0.16736,0.0,0.070739,0,,,
yelp,EASE,LT20,Steck-b,0.17911,0.021752,0.20170000195503235,0.00172,0.19844,0.20516,,,,,,,,,,,,,,,,,,
yelp,EASE,JS,BASE,0.10006,0.0,0.10006,0.00041,0.09923,0.10081,,,,,,,,,,,,,,,,,,
yelp,EASE,JS,SIT,0.18261,0.0393864,0.12236,0.00066,0.1211,0.12364,,0.08255,0.02138,0.02327,0.0,0.009402,5,,,-0.03483,-0.12641,-0.12131,0.0,0.301112,3,,,
yelp,EASE,JS,Steck-b,0.21744,0.0275595,0.24622,0.00139,0.24348,0.24893,,,,,,,,,,,,,,,,,,
yelp,DeepFM,CatMRR,BASE,0.73323,0.0,0.73323,0.00213,0.72923,0.73719,,,,,,,,,,,,,,,,,,
yelp,DeepFM,CatMRR,SIT,0.73246,0.0038779,0.73855,0.00218,0.7345,0.74263,,-0.00077,0.00416,0.00643,0.0,0.678364,2,,,-0.00016,0.00472,0.00711,0.0,0.930834,2,,,
yelp,DeepFM,CatMRR,Steck-b,0.73261,4.56e-05,0.73267,0.00215,0.72831,0.7368,,,,,,,,,,,,,,,,,,
yelp,DeepFM,CatNDCG,BASE,0.75299,0.0,0.75299,0.00204,0.74919,0.75697,,,,,,,,,,,,,,,,,,
yelp,DeepFM,CatNDCG,SIT,0.75196,0.0022148,0.75541,0.00207,0.75149,0.75953,,-0.00103,0.00148,0.00334,0.0,0.356607,1,,,-0.00057,0.00195,0.00382,0.0,0.593046,2,,,
yelp,DeepFM,CatNDCG,Steck-b,0.75252,2.98e-05,0.75256,0.00197,0.74875,0.75641,,,,,,,,,,,,,,,,,,
yelp,DeepFM,macroCatMRR,BASE,0.09208,0.0,0.09208,0.00223,0.08928,0.09881,,,,,,,,,,,,,,,,,,
yelp,DeepFM,macroCatMRR,SIT,0.09407,0.0009592,0.09267,0.00248,0.08927,0.09943,nullo,0.00199,-0.00076,0.00226,0.457333,0.0098,5,1.0,,0.00045,-0.00182,0.00093,0.464,0.171981,4,1.0,,
yelp,DeepFM,macroCatMRR,Steck-b,0.09362,0.0003639,0.09316,0.0021,0.09043,0.09963,,,,,,,,,,,,,,,,,,
yelp,DeepFM,MRR,BASE,0.01293,0.0,0.01293,0.00037,0.01222,0.01364,,,,,,,,,,,,,,,,,,
yelp,DeepFM,MRR,SIT,0.01291,6.04e-05,0.01281,0.00036,0.0121,0.01351,,-3e-05,-0.00025,-1e-05,0.029333,0.400006,3,,,-1e-05,-0.00026,-1e-05,0.026667,0.71447,3,,,
yelp,DeepFM,MRR,Steck-b,0.01292,1.3e-05,0.01293,0.00035,0.01227,0.01365,,,,,,,,,,,,,,,,,,
yelp,DeepFM,HR5,BASE,0.0146,0.0,0.0146,0.00061,0.01337,0.01572,,,,,,,,,,,,,,,,,,
yelp,DeepFM,HR5,SIT,0.0144,4.86e-05,0.01443,0.00062,0.01312,0.01557,,-0.0002,-0.00048,0.00011,0.266667,0.0008,0,,,-0.00021,-0.00049,3e-05,0.101333,0.002862,0,,,
yelp,DeepFM,HR5,Steck-b,0.01461,2.98e-05,0.01464,0.00064,0.01343,0.01594,,,,,,,,,,,,,,,,,,
yelp,DeepFM,HR10,BASE,0.02626,0.0,0.02626,0.00084,0.02464,0.0279,,,,,,,,,,,,,,,,,,
yelp,DeepFM,HR10,SIT,0.02625,2.98e-05,0.02622,0.00084,0.02464,0.02782,,-1e-05,-0.00034,0.00024,0.846667,0.573392,1,,,-6e-05,-0.00046,0.00015,0.345333,0.04524,0,,,
yelp,DeepFM,HR10,Steck-b,0.02631,3.85e-05,0.02637,0.00083,0.02479,0.028,,,,,,,,,,,,,,,,,,
yelp,DeepFM,HR20,BASE,0.04377,0.0,0.04377,0.00107,0.0417,0.04579,,,,,,,,,,,,,,,,,,
yelp,DeepFM,HR20,SIT,0.04369,7.78e-05,0.04355,0.00106,0.0415,0.04557,,-8e-05,-0.00049,7e-05,0.148,0.085919,0,,,-0.0001,-0.0005,5e-05,0.129333,0.026585,0,,,1
yelp,DeepFM,HR20,Steck-b,0.04379,1.22e-05,0.04377,0.00106,0.04179,0.04592,,,,,,,,,,,,,,,,,,
yelp,DeepFM,NDCG5,BASE,0.00876,0.0,0.00876,0.00039,0.008,0.00954,,,,,,,,,,,,,,,,,,
yelp,DeepFM,NDCG5,SIT,0.00867,4.84e-05,0.0086,0.00039,0.00785,0.00938,,-9e-05,-0.00032,-1e-05,0.042667,0.012569,0,,,-8e-05,-0.00031,-3e-05,0.016,0.055483,0,,,
yelp,DeepFM,NDCG5,Steck-b,0.00875,1.93e-05,0.00877,0.0004,0.008,0.00954,,,,,,,,,,,,,,,,,,
yelp,DeepFM,NDCG10,BASE,0.01251,0.0,0.01251,0.00042,0.01172,0.01338,,,,,,,,,,,,,,,,,,
yelp,DeepFM,NDCG10,SIT,0.01249,4.51e-05,0.01241,0.00042,0.01163,0.01327,,-2e-05,-0.00024,3e-05,0.113333,0.35045,3,,,-2e-05,-0.00025,-1e-05,0.034667,0.506732,3,,,
yelp,DeepFM,NDCG10,Steck-b,0.01251,2.11e-05,0.01254,0.00043,0.01168,0.01341,,,,,,,,,,,,,,,,,,
yelp,DeepFM,NDCG20,BASE,0.01691,0.0,0.01691,0.00047,0.01598,0.01781,,,,,,,,,,,,,,,,,,
yelp,DeepFM,NDCG20,SIT,0.01687,6.23e-05,0.01677,0.00046,0.01585,0.01767,,-4e-05,-0.00027,-3e-05,0.010667,0.231234,0,,,-3e-05,-0.00026,-3e-05,0.013333,0.386033,3,,,1
yelp,DeepFM,NDCG20,Steck-b,0.0169,9.3e-06,0.01691,0.00047,0.01597,0.01784,,,,,,,,,,,,,,,,,,
yelp,DeepFM,MRR_u,BASE,0.01466,0.0,0.01466,0.00055,0.01361,0.01578,,,,,,,,,,,,,,,,,,
yelp,DeepFM,MRR_u,SIT,0.01461,6.42e-05,0.01449,0.00055,0.01348,0.01561,,-5e-05,-0.00038,4e-05,0.106667,0.134388,0,,,1e-05,-0.00032,7e-05,0.236,0.80775,3,,,
yelp,DeepFM,MRR_u,Steck-b,0.0146,1.65e-05,0.01461,0.00056,0.01356,0.01575,,,,,,,,,,,,,,,,,,
yelp,DeepFM,HR5_u,BASE,0.01753,0.0,0.01753,0.00099,0.01565,0.01953,,,,,,,,,,,,,,,,,,
yelp,DeepFM,HR5_u,SIT,0.01728,6.21e-05,0.01731,0.00098,0.01544,0.01927,,-0.00024,-0.00066,0.00023,0.346667,0.00092,0,,,-0.00014,-0.00048,0.00026,0.550667,0.005021,0,,,
yelp,DeepFM,HR5_u,Steck-b,0.01743,9.6e-06,0.01742,0.001,0.01547,0.01936,,,,,,,,,,,,,,,,,,
yelp,DeepFM,HR10_u,BASE,0.02999,0.0,0.02999,0.00119,0.02759,0.03222,,,,,,,,,,,,,,,,,,
yelp,DeepFM,HR10_u,SIT,0.02992,4.5e-05,0.02985,0.00119,0.0275,0.03209,,-7e-05,-0.00056,0.00025,0.453333,0.025232,0,,,-0.00015,-0.0007,9e-05,0.14,0.012663,0,,,
yelp,DeepFM,HR10_u,Steck-b,0.03007,3.72e-05,0.03014,0.00127,0.02776,0.03265,,,,,,,,,,,,,,,,,,
yelp,DeepFM,HR20_u,BASE,0.04844,0.0,0.04844,0.00159,0.04555,0.05158,,,,,,,,,,,,,,,,,,
yelp,DeepFM,HR20_u,SIT,0.04851,8.4e-05,0.04836,0.00159,0.04542,0.05154,,7e-05,-0.00047,0.00029,0.649333,0.149039,4,,,-6e-05,-0.00043,0.00021,0.497333,0.109985,1,,,
yelp,DeepFM,HR20_u,Steck-b,0.04857,8.95e-05,0.04847,0.00163,0.04515,0.05164,,,,,,,,,,,,,,,,,,
yelp,DeepFM,NDCG5_u,BASE,0.01061,0.0,0.01061,0.00063,0.00943,0.01182,,,,,,,,,,,,,,,,,,
yelp,DeepFM,NDCG5_u,SIT,0.01048,5.38e-05,0.01041,0.00062,0.00923,0.01162,,-0.00013,-0.00045,4e-05,0.112,0.005592,0,,,-4e-05,-0.00036,9e-05,0.304,0.245869,3,,,
yelp,DeepFM,NDCG5_u,Steck-b,0.01052,8.5e-06,0.01053,0.00063,0.00934,0.01177,,,,,,,,,,,,,,,,,,
yelp,DeepFM,NDCG10_u,BASE,0.01461,0.0,0.01461,0.00068,0.01326,0.01593,,,,,,,,,,,,,,,,,,
yelp,DeepFM,NDCG10_u,SIT,0.01454,5.61e-05,0.01444,0.00068,0.01308,0.01575,,-7e-05,-0.00037,3e-05,0.118667,0.060521,0,,,-3e-05,-0.00035,2e-05,0.076,0.478778,3,,,
yelp,DeepFM,NDCG10_u,Steck-b,0.01457,2.42e-05,0.0146,0.00066,0.01339,0.01591,,,,,,,,,,,,,,,,,,
yelp,DeepFM,NDCG20_u,BASE,0.01927,0.0,0.01927,0.0007,0.01792,0.02065,,,,,,,,,,,,,,,,,,
yelp,DeepFM,NDCG20_u,SIT,0.01924,6.6e-05,0.01912,0.00069,0.01778,0.0205,,-3e-05,-0.00034,3e-05,0.122667,0.338636,3,,,-0.0,-0.00029,6e-05,0.202667,0.922755,4,,,
yelp,DeepFM,NDCG20_u,Steck-b,0.01924,6.4e-06,0.01923,0.00072,0.01778,0.02062,,,,,,,,,,,,,,,,,,
yelp,DeepFM,Coverage,BASE,0.24803,0.0,0.24803,0.00283,0.21432,0.22561,,,,,,,,,,,,,,,,,,
yelp,DeepFM,Coverage,SIT,0.25242,0.0018957,0.2553,0.00277,0.22236,0.23311,,0.00439,0.0051,0.01036,0.0,0.006607,5,,,0.0009,0.00247,0.00773,0.0,0.427575,2,,,
yelp,DeepFM,Coverage,Steck-b,0.25152,0.0004032,0.25081,0.00278,0.21695,0.22762,,,,,,,,,,,,,,,,,,
yelp,DeepFM,Gini,BASE,0.9895,0.0,0.9895,8e-05,0.98943,0.98974,,,,,,,,,,,,,,,,,,
yelp,DeepFM,Gini,SIT,0.98905,5.75e-05,0.98895,9e-05,0.98887,0.9892,,-0.00045,-0.00058,-0.00052,0.0,6.1e-05,0,,,-0.00026,-0.00044,-0.00038,0.0,0.0025,0,,,
yelp,DeepFM,Gini,Steck-b,0.98931,3.27e-05,0.98936,8e-05,0.98926,0.9896,,,,,,,,,,,,,,,,,,
yelp,DeepFM,LT20,BASE,0.01227,0.0,0.012269999831914902,0.0004,0.0115,0.01304,,,,,,,,,,,,,,,,,,
yelp,DeepFM,LT20,SIT,0.01475,0.0001802,0.015069999732077122,0.00045,0.01419,0.01594,,0.00248,0.00257,0.00302,0.0,7e-06,5,,,0.00181,0.00209,0.00253,0.0,0.000147,5,,,
yelp,DeepFM,LT20,Steck-b,0.01294,0.0001337,0.012769999913871288,0.00042,0.01199,0.01361,,,,,,,,,,,,,,,,,,
yelp,DeepFM,JS,BASE,0.10965,0.0,0.10965,0.00052,0.10866,0.11073,,,,,,,,,,,,,,,,,,
yelp,DeepFM,JS,SIT,0.11273,0.0012013,0.11469,0.00057,0.11357,0.11583,,0.00309,0.00478,0.0053,0.0,0.004549,5,,,0.00458,0.00661,0.00715,0.0,0.002363,5,,,
yelp,DeepFM,JS,Steck-b,0.10815,0.0003254,0.10781,0.00054,0.10676,0.10881,,,,,,,,,,,,,,,,,,
yelp,AFM,CatMRR,BASE,0.75234,0.0,0.75234,0.00217,0.74803,0.75657,,,,,,,,,,,,,,,,,,
yelp,AFM,CatMRR,SIT,0.75343,0.0024523,0.75721,0.00217,0.75289,0.76149,,0.00109,0.00409,0.00566,0.0,0.375052,2,,,-0.00034,0.00239,0.00402,0.0,0.760195,2,,,
yelp,AFM,CatMRR,Steck-b,0.75377,0.0001576,0.75403,0.00213,0.74977,0.75815,,,,,,,,,,,,,,,,,,
yelp,AFM,CatNDCG,BASE,0.76733,0.0,0.76733,0.00205,0.76342,0.77152,,,,,,,,,,,,,,,,,,
yelp,AFM,CatNDCG,SIT,0.76804,0.001372,0.77017,0.00207,0.7663,0.77441,,0.00072,0.00222,0.00353,0.0,0.307257,2,,,-0.00033,0.00107,0.00244,0.0,0.611474,2,,,
yelp,AFM,CatNDCG,Steck-b,0.76837,3.11e-05,0.76842,0.00205,0.76419,0.77225,,,,,,,,,,,,,,,,,,
yelp,AFM,macroCatMRR,BASE,0.07934,0.0,0.07934,0.00138,0.07822,0.08453,,,,,,,,,,,,,,,,,,
yelp,AFM,macroCatMRR,SIT,0.07939,0.0012092,0.07737,0.00132,0.07637,0.08252,nullo,5e-05,-0.00253,-0.00142,0.0,0.932807,3,0.0,***,-0.0008,-0.00375,-0.00243,0.0,0.226439,0,0.0,***,
yelp,AFM,macroCatMRR,Steck-b,0.0802,0.0003032,0.08041,0.00136,0.07922,0.08557,,,,,,,,,,,,,,,,,,
yelp,AFM,MRR,BASE,0.01157,0.0,0.01157,0.00034,0.01087,0.01221,,,,,,,,,,,,,,,,,,
yelp,AFM,MRR,SIT,0.01157,1.77e-05,0.0116,0.00034,0.01092,0.01224,,0.0,-7e-05,0.00013,0.625333,0.802458,2,,,-1e-05,-0.00011,9e-05,0.872,0.075509,1,,,
yelp,AFM,MRR,Steck-b,0.01159,8.5e-06,0.0116,0.00034,0.01092,0.01227,,,,,,,,,,,,,,,,,,
yelp,AFM,HR5,BASE,0.01259,0.0,0.01259,0.00058,0.01146,0.01371,,,,,,,,,,,,,,,,,,
yelp,AFM,HR5,SIT,0.01252,5.96e-05,0.01254,0.00058,0.01138,0.01366,,-7e-05,-0.00031,0.00022,0.824,0.056767,1,,,-5e-05,-0.00041,0.00011,0.296,0.201555,1,,,
yelp,AFM,HR5,Steck-b,0.01257,7.09e-05,0.01269,0.00058,0.01158,0.01388,,,,,,,,,,,,,,,,,,
yelp,AFM,HR10,BASE,0.02336,0.0,0.02336,0.00079,0.02182,0.02496,,,,,,,,,,,,,,,,,,
yelp,AFM,HR10,SIT,0.02338,2.23e-05,0.0234,0.00079,0.02186,0.02501,,2e-05,-0.00024,0.00031,0.842667,0.177808,2,,,6e-05,-0.00019,0.00035,0.594667,0.011092,5,,,
yelp,AFM,HR10,Steck-b,0.02331,1.22e-05,0.02332,0.00076,0.02188,0.02482,,,,,,,,,,,,,,,,,,
yelp,AFM,HR20,BASE,0.03844,0.0,0.03844,0.001,0.03646,0.04041,,,,,,,,,,,,,,,,,,
yelp,AFM,HR20,SIT,0.03853,4.86e-05,0.03847,0.001,0.03652,0.04044,,9e-05,-0.00016,0.00024,0.894667,0.01613,5,,,-3e-05,-0.00035,8e-05,0.237333,0.473427,1,,,1
yelp,AFM,HR20,Steck-b,0.03856,2.98e-05,0.03861,0.00099,0.03669,0.0405,,,,,,,,,,,,,,,,,,
yelp,AFM,NDCG5,BASE,0.00773,0.0,0.00773,0.00039,0.00701,0.00854,,,,,,,,,,,,,,,,,,
yelp,AFM,NDCG5,SIT,0.00769,3.11e-05,0.00772,0.00039,0.007,0.00851,,-3e-05,-0.00015,0.00012,0.884,0.06626,1,,,-2e-05,-0.00018,8e-05,0.437333,0.122717,1,,,
yelp,AFM,NDCG5,Steck-b,0.00771,3.18e-05,0.00777,0.00038,0.00701,0.00852,,,,,,,,,,,,,,,,,,
yelp,AFM,NDCG10,BASE,0.01121,0.0,0.01121,0.00042,0.01041,0.01204,,,,,,,,,,,,,,,,,,
yelp,AFM,NDCG10,SIT,0.01121,1.42e-05,0.01123,0.00042,0.01043,0.01205,,-0.0,-0.0001,0.00013,0.758667,0.646008,2,,,1e-05,-0.0001,0.00013,0.721333,0.103484,5,,,
yelp,AFM,NDCG10,Steck-b,0.0112,6.1e-06,0.01121,0.00041,0.01043,0.01204,,,,,,,,,,,,,,,,,,
yelp,AFM,NDCG20,BASE,0.01498,0.0,0.01498,0.00045,0.01409,0.01585,,,,,,,,,,,,,,,,,,
yelp,AFM,NDCG20,SIT,0.015,1.33e-05,0.015,0.00045,0.01409,0.01588,,2e-05,-8e-05,0.00011,0.76,0.058803,5,,,-1e-05,-0.00013,6e-05,0.502667,0.181846,1,,,1
yelp,AFM,NDCG20,Steck-b,0.01501,1.1e-05,0.01503,0.00046,0.01412,0.01592,,,,,,,,,,,,,,,,,,
yelp,AFM,MRR_u,BASE,0.01368,0.0,0.01368,0.00058,0.01257,0.01483,,,,,,,,,,,,,,,,,,
yelp,AFM,MRR_u,SIT,0.01364,2.19e-05,0.01366,0.00058,0.01257,0.01485,,-3e-05,-0.00018,0.00014,0.864,0.031867,0,,,-6e-05,-0.0002,0.0001,0.516,0.004438,0,,,
yelp,AFM,MRR_u,Steck-b,0.01371,3e-06,0.01371,0.00058,0.01259,0.01481,,,,,,,,,,,,,,,,,,
yelp,AFM,HR5_u,BASE,0.01527,0.0,0.01527,0.0009,0.01355,0.01705,,,,,,,,,,,,,,,,,,
yelp,AFM,HR5_u,SIT,0.01509,3.05e-05,0.01508,0.0009,0.01334,0.01684,,-0.00018,-0.00059,0.00022,0.365333,0.00021,0,,,-0.00012,-0.00072,5e-05,0.097333,0.079587,0,,,
yelp,AFM,HR5_u,Steck-b,0.01521,0.0001041,0.0154,0.00093,0.01358,0.01726,,,,,,,,,,,,,,,,,,
yelp,AFM,HR10_u,BASE,0.02757,0.0,0.02757,0.00117,0.02536,0.02991,,,,,,,,,,,,,,,,,,
yelp,AFM,HR10_u,SIT,0.02752,4.09e-05,0.02758,0.00118,0.02529,0.02999,,-4e-05,-0.00043,0.00048,0.916,0.076361,1,,,7e-05,-0.00021,0.00065,0.334667,0.114355,5,,,
yelp,AFM,HR10_u,Steck-b,0.02745,4.22e-05,0.02738,0.00118,0.02504,0.02969,,,,,,,,,,,,,,,,,,
yelp,AFM,HR20_u,BASE,0.04395,0.0,0.04395,0.00153,0.04097,0.04692,,,,,,,,,,,,,,,,,,
yelp,AFM,HR20_u,SIT,0.04405,3.79e-05,0.044,0.00153,0.04103,0.04698,,0.0001,-0.00027,0.00041,0.746667,0.004243,5,,,8e-05,-0.00035,0.00044,0.886667,0.011648,5,,,
yelp,AFM,HR20_u,Steck-b,0.04397,4e-06,0.04397,0.0015,0.04113,0.04701,,,,,,,,,,,,,,,,,,
yelp,AFM,NDCG5_u,BASE,0.00963,0.0,0.00963,0.0006,0.00852,0.01082,,,,,,,,,,,,,,,,,,
yelp,AFM,NDCG5_u,SIT,0.00953,2.89e-05,0.00954,0.00059,0.00844,0.01073,,-0.0001,-0.00032,0.00013,0.432,0.001502,0,,,-8e-05,-0.00034,4e-05,0.142667,0.020128,0,,,
yelp,AFM,NDCG5_u,Steck-b,0.00961,4.02e-05,0.00968,0.00062,0.00849,0.01092,,,,,,,,,,,,,,,,,,
yelp,AFM,NDCG10_u,BASE,0.01361,0.0,0.01361,0.00067,0.01232,0.01492,,,,,,,,,,,,,,,,,,
yelp,AFM,NDCG10_u,SIT,0.01356,2.1e-05,0.01359,0.00066,0.01229,0.01491,,-5e-05,-0.0002,0.00017,0.889333,0.007816,0,,,-2e-05,-0.00015,0.00021,0.744,0.19303,1,,,
yelp,AFM,NDCG10_u,Steck-b,0.01358,1.08e-05,0.01356,0.00068,0.01225,0.0149,,,,,,,,,,,,,,,,,,
yelp,AFM,NDCG20_u,BASE,0.01769,0.0,0.01769,0.00071,0.01637,0.01915,,,,,,,,,,,,,,,,,,
yelp,AFM,NDCG20_u,SIT,0.01769,1.25e-05,0.01769,0.00071,0.01635,0.01913,,-1e-05,-0.00016,0.00015,0.924,0.245708,0,,,-2e-05,-0.00018,0.00012,0.772,0.027136,0,,,
yelp,AFM,NDCG20_u,Steck-b,0.01771,2.9e-06,0.01771,0.00071,0.01634,0.01916,,,,,,,,,,,,,,,,,,
yelp,AFM,Coverage,BASE,0.04855,0.0,0.04855,0.00048,0.04608,0.04794,,,,,,,,,,,,,,,,,,
yelp,AFM,Coverage,SIT,0.05094,0.0021275,0.0501,0.00053,0.04763,0.04964,,0.00238,0.00069,0.00247,0.0,0.066565,5,,,0.00049,-0.00108,0.00124,0.850667,0.733882,1,,,
yelp,AFM,Coverage,Steck-b,0.05044,0.0009431,0.05026,0.00057,0.04732,0.04964,,,,,,,,,,,,,,,,,,
yelp,AFM,Gini,BASE,0.99297,0.0,0.99297,3e-05,0.99292,0.99302,,,,,,,,,,,,,,,,,,
yelp,AFM,Gini,SIT,0.99288,9.08e-05,0.99289,3e-05,0.99284,0.99295,,-9e-05,-9e-05,-6e-05,0.0,0.085305,0,,,-3e-05,-1e-05,2e-05,0.708,0.613477,4,,,
yelp,AFM,Gini,Steck-b,0.9929,1.84e-05,0.99289,3e-05,0.99284,0.99295,,,,,,,,,,,,,,,,,,
yelp,AFM,LT20,BASE,0.00572,0.0,0.00571999978274107,0.00024,0.00526,0.0062,,,,,,,,,,,,,,,,,,
yelp,AFM,LT20,SIT,0.00621,0.0004333,0.005830000154674053,0.00024,0.00538,0.00631,,0.0005,-4e-05,0.00027,0.161333,0.062208,5,,,-0.00014,-0.00079,-0.00036,0.0,0.607297,1,,,
yelp,AFM,LT20,Steck-b,0.00636,0.000148,0.006409999914467335,0.00026,0.00591,0.00693,,,,,,,,,,,,,,,,,,
yelp,AFM,JS,BASE,0.11375,0.0,0.11375,0.00046,0.11281,0.11459,,,,,,,,,,,,,,,,,,
yelp,AFM,JS,SIT,0.11373,0.0003895,0.11303,0.00046,0.11208,0.11388,,-2e-05,-0.00089,-0.00055,0.0,0.916182,4,,,0.00248,0.00256,0.00292,0.0,6.1e-05,5,,,
yelp,AFM,JS,Steck-b,0.11125,0.0006089,0.1103,0.00045,0.10943,0.11116,,,,,,,,,,,,,,,,,,
yelp,FPMC,CatMRR,BASE,0.733,0.0,0.733,0.00212,0.72887,0.73697,,,,,,,,,,,,,,,,,,
yelp,FPMC,CatMRR,SIT,0.73329,0.004138,0.73959,0.00215,0.73541,0.74365,,0.00029,0.00552,0.0077,0.0,0.8841,2,,,8e-05,0.00513,0.00738,0.0,0.968273,2,,,
yelp,FPMC,CatMRR,Steck-b,0.73321,0.0001328,0.73335,0.00205,0.72947,0.73735,,,,,,,,,,,,,,,,,,
yelp,FPMC,CatNDCG,BASE,0.76237,0.0,0.76237,0.00203,0.75848,0.76642,,,,,,,,,,,,,,,,,,
yelp,FPMC,CatNDCG,SIT,0.76202,0.0015971,0.76428,0.00207,0.76032,0.76815,,-0.00035,0.001,0.00284,0.0,0.650698,2,,,-0.00077,0.0004,0.00246,0.008,0.327749,2,,,
yelp,FPMC,CatNDCG,Steck-b,0.76279,5.89e-05,0.76286,0.00192,0.75908,0.76655,,,,,,,,,,,,,,,,,,
yelp,FPMC,macroCatMRR,BASE,0.11846,0.0,0.11846,0.00332,0.1123,0.12556,,,,,,,,,,,,,,,,,,
yelp,FPMC,macroCatMRR,SIT,0.11904,0.0034003,0.1137,0.00327,0.10769,0.12079,nullo,0.00058,-0.00611,-0.00343,0.0,0.721082,3,0.0,***,-0.00179,-0.00847,-0.0057,0.0,0.298986,3,0.0,***,
yelp,FPMC,macroCatMRR,Steck-b,0.12083,4.62e-05,0.12075,0.00339,0.11457,0.12777,,,,,,,,,,,,,,,,,,
yelp,FPMC,MRR,BASE,0.01301,0.0,0.01301,0.00038,0.0123,0.01379,,,,,,,,,,,,,,,,,,
yelp,FPMC,MRR,SIT,0.01307,7.35e-05,0.0132,0.00038,0.01249,0.01398,,6e-05,9e-05,0.00028,0.0,0.13275,5,,,-4e-05,-5e-05,0.00017,0.286667,0.180211,1,,,
yelp,FPMC,MRR,Steck-b,0.01311,2.28e-05,0.01314,0.00038,0.01239,0.01387,,,,,,,,,,,,,,,,,,
yelp,FPMC,HR5,BASE,0.01436,0.0,0.01436,0.00062,0.0132,0.01557,,,,,,,,,,,,,,,,,,
yelp,FPMC,HR5,SIT,0.01439,0.0001121,0.01458,0.00063,0.01339,0.01587,,3e-05,-8e-05,0.00052,0.174667,0.616395,2,,,-4e-05,-0.00027,0.00033,0.821333,0.281031,1,,,
yelp,FPMC,HR5,Steck-b,0.01442,0.0001043,0.01454,0.00063,0.01332,0.01584,,,,,,,,,,,,,,,,,,
yelp,FPMC,HR10,BASE,0.02479,0.0,0.02479,0.00081,0.02321,0.0264,,,,,,,,,,,,,,,,,,
yelp,FPMC,HR10,SIT,0.02479,0.0001178,0.02499,0.00082,0.0235,0.0266,,-0.0,-0.00018,0.00062,0.317333,0.93555,1,,,-7e-05,-0.00012,0.00072,0.202667,0.536984,2,,,
yelp,FPMC,HR10,Steck-b,0.02486,0.000127,0.02471,0.0008,0.0232,0.02626,,,,,,,,,,,,,,,,,,
yelp,FPMC,HR20,BASE,0.04249,0.0,0.04249,0.00103,0.0403,0.04441,,,,,,,,,,,,,,,,,,
yelp,FPMC,HR20,SIT,0.04285,0.0001807,0.04316,0.00105,0.04098,0.04506,,0.00037,0.00011,0.00131,0.013333,0.010646,5,,,0.0002,-7e-05,0.00115,0.082667,0.093173,5,,,1
yelp,FPMC,HR20,Steck-b,0.04265,2.48e-05,0.04263,0.00111,0.04053,0.0448,,,,,,,,,,,,,,,,,,
yelp,FPMC,NDCG5,BASE,0.00894,0.0,0.00894,0.0004,0.00821,0.00976,,,,,,,,,,,,,,,,,,
yelp,FPMC,NDCG5,SIT,0.00897,6.62e-05,0.00908,0.00041,0.00837,0.00993,,3e-05,1e-05,0.0003,0.038667,0.315752,2,,,-4e-05,-0.00013,0.00018,0.736,0.094567,1,,,
yelp,FPMC,NDCG5,Steck-b,0.00901,4.91e-05,0.00906,0.00041,0.00828,0.00987,,,,,,,,,,,,,,,,,,
yelp,FPMC,NDCG10,BASE,0.01226,0.0,0.01226,0.00044,0.0114,0.0131,,,,,,,,,,,,,,,,,,
yelp,FPMC,NDCG10,SIT,0.01229,6.45e-05,0.0124,0.00044,0.01152,0.01327,,3e-05,-1e-05,0.00028,0.064,0.427338,2,,,-5e-05,-6e-05,0.00025,0.288,0.234959,1,,,
yelp,FPMC,NDCG10,Steck-b,0.01234,2.19e-05,0.01231,0.00044,0.01144,0.0132,,,,,,,,,,,,,,,,,,
yelp,FPMC,NDCG20,BASE,0.01669,0.0,0.01669,0.00047,0.0158,0.01768,,,,,,,,,,,,,,,,,,
yelp,FPMC,NDCG20,SIT,0.01681,7.94e-05,0.01694,0.00048,0.01606,0.01794,,0.00012,8e-05,0.00041,0.005333,0.031607,5,,,1e-05,-3e-05,0.00031,0.093333,0.752095,2,,,1
yelp,FPMC,NDCG20,Steck-b,0.0168,8.4e-06,0.01681,0.00048,0.0159,0.01774,,,,,,,,,,,,,,,,,,
yelp,FPMC,MRR_u,BASE,0.01575,0.0,0.01575,0.00061,0.0146,0.017,,,,,,,,,,,,,,,,,,
yelp,FPMC,MRR_u,SIT,0.01583,7.18e-05,0.01596,0.00062,0.01481,0.01724,,8e-05,8e-05,0.00036,0.0,0.062879,5,,,-0.00012,-0.00022,0.00014,0.648,0.006229,0,,,
yelp,FPMC,MRR_u,Steck-b,0.01596,4.4e-05,0.01601,0.00063,0.01472,0.01729,,,,,,,,,,,,,,,,,,
yelp,FPMC,HR5_u,BASE,0.01822,0.0,0.01822,0.00097,0.01635,0.0201,,,,,,,,,,,,,,,,,,
yelp,FPMC,HR5_u,SIT,0.01817,0.0001337,0.01837,0.00098,0.01649,0.02032,,-5e-05,-0.00031,0.0006,0.550667,0.417506,2,,,-0.00018,-0.00063,0.00027,0.509333,0.002979,0,,,
yelp,FPMC,HR5_u,Steck-b,0.01835,0.0001676,0.01854,0.00099,0.01668,0.0206,,,,,,,,,,,,,,,,,,
yelp,FPMC,HR10_u,BASE,0.03065,0.0,0.03065,0.00128,0.0282,0.03321,,,,,,,,,,,,,,,,,,
yelp,FPMC,HR10_u,SIT,0.03059,0.0001326,0.0308,0.00128,0.02838,0.03348,,-6e-05,-0.00048,0.00081,0.630667,0.3781,2,,,-0.00021,-0.00046,0.00085,0.589333,0.173278,2,,,
yelp,FPMC,HR10_u,Steck-b,0.0308,0.0001545,0.03063,0.00125,0.02821,0.03315,,,,,,,,,,,,,,,,,,
yelp,FPMC,HR20_u,BASE,0.05092,0.0,0.05092,0.0016,0.04777,0.05397,,,,,,,,,,,,,,,,,,
yelp,FPMC,HR20_u,SIT,0.05131,0.0001092,0.0515,0.00159,0.0484,0.05467,,0.00039,-0.00032,0.00161,0.208,0.001275,5,,,0.00039,-0.00035,0.0016,0.222667,0.003114,5,,,
yelp,FPMC,HR20_u,Steck-b,0.05092,3.22e-05,0.05089,0.00157,0.04795,0.05407,,,,,,,,,,,,,,,,,,
yelp,FPMC,NDCG5_u,BASE,0.01142,0.0,0.01142,0.00068,0.01007,0.01282,,,,,,,,,,,,,,,,,,
yelp,FPMC,NDCG5_u,SIT,0.01144,7.28e-05,0.01157,0.00068,0.01024,0.01293,,2e-05,-7e-05,0.00036,0.174667,0.589869,2,,,-0.00015,-0.00036,0.00011,0.318667,0.003262,0,,,
yelp,FPMC,NDCG5_u,Steck-b,0.01159,8.46e-05,0.01168,0.00069,0.0104,0.01307,,,,,,,,,,,,,,,,,,
yelp,FPMC,NDCG10_u,BASE,0.01539,0.0,0.01539,0.00072,0.01408,0.01688,,,,,,,,,,,,,,,,,,
yelp,FPMC,NDCG10_u,SIT,0.01542,7.09e-05,0.01554,0.00072,0.01422,0.01704,,3e-05,-7e-05,0.00038,0.165333,0.441555,2,,,-0.00015,-0.00025,0.00024,0.894667,0.014553,0,,,
yelp,FPMC,NDCG10_u,Steck-b,0.01557,1.3e-05,0.01556,0.00071,0.01413,0.01692,,,,,,,,,,,,,,,,,,
yelp,FPMC,NDCG20_u,BASE,0.02047,0.0,0.02047,0.00074,0.01905,0.02185,,,,,,,,,,,,,,,,,,
yelp,FPMC,NDCG20_u,SIT,0.02061,6.76e-05,0.02073,0.00074,0.01929,0.02215,,0.00014,2e-05,0.00052,0.037333,0.01068,5,,,-1e-05,-0.00022,0.00036,0.556,0.701962,1,,,
yelp,FPMC,NDCG20_u,Steck-b,0.02062,2.28e-05,0.02064,0.00078,0.01914,0.0222,,,,,,,,,,,,,,,,,,
yelp,FPMC,Coverage,BASE,0.80671,0.0,0.80671,0.00188,0.77347,0.78089,,,,,,,,,,,,,,,,,,
yelp,FPMC,Coverage,SIT,0.80257,0.0081107,0.7897,0.00197,0.75637,0.76403,,-0.00414,-0.02026,-0.01361,0.0,0.316985,3,,,-0.00566,-0.02118,-0.01454,0.0,0.198538,0,,,
yelp,FPMC,Coverage,Steck-b,0.80823,0.0002016,0.80826,0.00196,0.77455,0.78212,,,,,,,,,,,,,,,,,,
yelp,FPMC,Gini,BASE,0.7349,0.0,0.7349,0.00062,0.73452,0.73697,,,,,,,,,,,,,,,,,,
yelp,FPMC,Gini,SIT,0.73594,0.0038568,0.74207,0.00061,0.74165,0.74408,,0.00104,0.00681,0.00747,0.0,0.577663,2,,,0.00093,0.00656,0.00718,0.0,0.608199,2,,,
yelp,FPMC,Gini,Steck-b,0.73502,0.0001314,0.73517,0.00061,0.73471,0.73716,,,,,,,,,,,,,,,,,,
yelp,FPMC,LT20,BASE,0.25761,0.0,0.2576099932193756,0.00103,0.25565,0.25962,,,,,,,,,,,,,,,,,,
yelp,FPMC,LT20,SIT,0.25677,0.004789,0.24942000210285187,0.00102,0.24749,0.25142,,-0.00084,-0.00863,-0.00774,0.0,0.714702,3,,,-0.00057,-0.0081,-0.00722,0.0,0.79575,3,,,
yelp,FPMC,LT20,Steck-b,0.25733,0.0002287,0.25707998871803284,0.00105,0.25507,0.2591,,,,,,,,,,,,,,,,,,
yelp,FPMC,JS,BASE,0.10632,0.0,0.10632,0.00042,0.10552,0.10715,,,,,,,,,,,,,,,,,,
yelp,FPMC,JS,SIT,0.10699,0.0013382,0.10522,0.00044,0.10433,0.10604,,0.00067,-0.00143,-0.00074,0.0,0.328194,3,,,0.00766,0.00663,0.00732,0.0,1e-06,5,,,
yelp,FPMC,JS,Steck-b,0.09933,0.0010628,0.09824,0.0004,0.09745,0.09899,,,,,,,,,,,,,,,,,,
yelp,SASRec,CatMRR,BASE,0.71592,0.0,0.71592,0.00205,0.7119,0.71993,,,,,,,,,,,,,,,,,,
yelp,SASRec,CatMRR,SIT,0.72615,0.0020765,0.72925,0.00209,0.7251,0.73333,,0.01024,0.01211,0.01455,0.0,0.000385,5,,,-0.00042,0.00144,0.00387,0.0,0.675482,2,,,
yelp,SASRec,CatMRR,Steck-b,0.72657,2.63e-05,0.72662,0.00211,0.72254,0.7306,,,,,,,,,,,,,,,,,,
yelp,SASRec,CatNDCG,BASE,0.74998,0.0,0.74998,0.00191,0.74642,0.75404,,,,,,,,,,,,,,,,,,
yelp,SASRec,CatNDCG,SIT,0.75712,0.0004334,0.75746,0.00197,0.75379,0.76163,,0.00714,0.00654,0.00841,0.0,3e-06,5,,,-0.00097,-0.0017,0.00024,0.136,0.004845,0,,,
yelp,SASRec,CatNDCG,Steck-b,0.75809,6.01e-05,0.75818,0.00197,0.7542,0.762,,,,,,,,,,,,,,,,,,
yelp,SASRec,macroCatMRR,BASE,0.1303,0.0,0.1303,0.00423,0.12261,0.13923,,,,,,,,,,,,,,,,,,
yelp,SASRec,macroCatMRR,SIT,0.13284,0.0029354,0.12808,0.00458,0.11976,0.13754,nullo,0.00254,-0.00447,0.00042,0.092,0.125192,4,0.46,,-0.00082,-0.00766,-0.00267,0.002667,0.553968,3,0.02667,*,
yelp,SASRec,macroCatMRR,Steck-b,0.13366,9.12e-05,0.13353,0.00448,0.12537,0.14307,,,,,,,,,,,,,,,,,,
yelp,SASRec,MRR,BASE,0.02164,0.0,0.02164,0.0005,0.02067,0.02264,,,,,,,,,,,,,,,,,,
yelp,SASRec,MRR,SIT,0.02173,0.0001078,0.02192,0.00051,0.02096,0.02297,,9e-05,0.00015,0.00042,0.0,0.122981,5,,,7e-05,0.00013,0.00045,0.001333,0.245324,2,,,
yelp,SASRec,MRR,Steck-b,0.02166,1.84e-05,0.02164,0.00049,0.02069,0.02262,,,,,,,,,,,,,,,,,,
yelp,SASRec,HR5,BASE,0.02498,0.0,0.02498,0.00081,0.02334,0.02655,,,,,,,,,,,,,,,,,,
yelp,SASRec,HR5,SIT,0.02511,0.0001117,0.02524,0.00082,0.02361,0.0268,,0.00014,-0.00015,0.00065,0.221333,0.052896,5,,,-8e-05,-0.00028,0.0005,0.585333,0.361424,2,,,
yelp,SASRec,HR5,Steck-b,0.02519,5.96e-05,0.02513,0.00081,0.02358,0.02671,,,,,,,,,,,,,,,,,,
yelp,SASRec,HR10,BASE,0.04258,0.0,0.04258,0.00108,0.04052,0.04473,,,,,,,,,,,,,,,,,,
yelp,SASRec,HR10,SIT,0.04292,0.0001709,0.04306,0.00108,0.04092,0.0452,,0.00034,-7e-05,0.00102,0.098667,0.01127,5,,,0.0002,-0.00027,0.00076,0.352,0.0145,5,,,
yelp,SASRec,HR10,Steck-b,0.04273,6.7e-05,0.0428,0.00107,0.0407,0.04491,,,,,,,,,,,,,,,,,,
yelp,SASRec,HR20,BASE,0.07267,0.0,0.07267,0.00134,0.07004,0.07523,,,,,,,,,,,,,,,,,,
yelp,SASRec,HR20,SIT,0.07307,0.0003311,0.07366,0.00135,0.07106,0.07632,,0.0004,0.00036,0.00166,0.004,0.052762,5,,,0.00023,-0.00013,0.00121,0.105333,0.080256,4,,,1
yelp,SASRec,HR20,Steck-b,0.07285,0.0002311,0.07311,0.00129,0.07062,0.07569,,,,,,,,,,,,,,,,,,
yelp,SASRec,NDCG5,BASE,0.01568,0.0,0.01568,0.00055,0.01455,0.01672,,,,,,,,,,,,,,,,,,
yelp,SASRec,NDCG5,SIT,0.01578,8.63e-05,0.01592,0.00056,0.01478,0.01697,,0.0001,4e-05,0.00044,0.016,0.058465,5,,,3e-05,2e-05,0.00041,0.030667,0.655972,2,,,
yelp,SASRec,NDCG5,Steck-b,0.01575,4.18e-05,0.01571,0.00056,0.01459,0.01682,,,,,,,,,,,,,,,,,,
yelp,SASRec,NDCG10,BASE,0.02132,0.0,0.02132,0.0006,0.02016,0.02251,,,,,,,,,,,,,,,,,,
yelp,SASRec,NDCG10,SIT,0.02148,9.68e-05,0.02162,0.00061,0.02046,0.0228,,0.00016,0.00012,0.00049,0.001333,0.021951,5,,,0.00011,8e-05,0.00045,0.004,0.058397,5,,,
yelp,SASRec,NDCG10,Steck-b,0.02136,1e-06,0.02136,0.00059,0.02025,0.02251,,,,,,,,,,,,,,,,,,
yelp,SASRec,NDCG20,BASE,0.02886,0.0,0.02886,0.00062,0.02768,0.03015,,,,,,,,,,,,,,,,,,
yelp,SASRec,NDCG20,SIT,0.02902,0.0001502,0.02929,0.00063,0.02806,0.0306,,0.00016,0.00024,0.00061,0.0,0.073103,5,,,0.00012,0.00014,0.00053,0.0,0.104392,5,,,1
yelp,SASRec,NDCG20,Steck-b,0.02891,3.5e-05,0.02895,0.00062,0.02769,0.03013,,,,,,,,,,,,,,,,,,
yelp,SASRec,MRR_u,BASE,0.02268,0.0,0.02268,0.00069,0.02137,0.02409,,,,,,,,,,,,,,,,,,
yelp,SASRec,MRR_u,SIT,0.02292,0.0001264,0.02315,0.00071,0.02182,0.02461,,0.00025,0.00026,0.0007,0.0,0.011803,5,,,0.00019,0.00024,0.0007,0.0,0.049215,5,,,
yelp,SASRec,MRR_u,Steck-b,0.02273,3.64e-05,0.02269,0.0007,0.02133,0.02406,,,,,,,,,,,,,,,,,,
yelp,SASRec,HR5_u,BASE,0.02566,0.0,0.02566,0.00115,0.0235,0.02792,,,,,,,,,,,,,,,,,,
yelp,SASRec,HR5_u,SIT,0.02582,5.25e-05,0.02591,0.00115,0.02367,0.02818,,0.00016,-0.0004,0.00089,0.464,0.002603,5,,,-0.00017,-0.00048,0.0008,0.616,0.213072,2,,,
yelp,SASRec,HR5_u,Steck-b,0.02599,0.0002103,0.02576,0.00112,0.02362,0.02809,,,,,,,,,,,,,,,,,,
yelp,SASRec,HR10_u,BASE,0.04488,0.0,0.04488,0.00149,0.04193,0.04764,,,,,,,,,,,,,,,,,,
yelp,SASRec,HR10_u,SIT,0.04505,9.55e-05,0.04488,0.00148,0.04193,0.04774,,0.00017,-0.00093,0.00085,0.974667,0.015771,5,,,8e-05,-0.00102,0.00069,0.724,0.205898,4,,,
yelp,SASRec,HR10_u,Steck-b,0.04497,2.77e-05,0.045,0.00147,0.0423,0.04798,,,,,,,,,,,,,,,,,,
yelp,SASRec,HR20_u,BASE,0.07538,0.0,0.07538,0.0019,0.07161,0.07889,,,,,,,,,,,,,,,,,,
yelp,SASRec,HR20_u,SIT,0.0758,0.000299,0.07619,0.00189,0.07252,0.07985,,0.00042,-0.0002,0.00187,0.133333,0.035547,4,,,-3e-05,-0.00109,0.00111,0.917333,0.890044,3,,,
yelp,SASRec,HR20_u,Steck-b,0.07583,0.0003358,0.07623,0.00198,0.07218,0.07999,,,,,,,,,,,,,,,,,,
yelp,SASRec,NDCG5_u,BASE,0.01636,0.0,0.01636,0.00079,0.01491,0.01798,,,,,,,,,,,,,,,,,,
yelp,SASRec,NDCG5_u,SIT,0.0166,9.83e-05,0.01678,0.00081,0.01533,0.01845,,0.00024,0.00012,0.00072,0.006667,0.005651,5,,,0.0001,9e-05,0.00069,0.006667,0.306671,2,,,
yelp,SASRec,NDCG5_u,Steck-b,0.0165,0.0001117,0.01638,0.00076,0.01488,0.01789,,,,,,,,,,,,,,,,,,
yelp,SASRec,NDCG10_u,BASE,0.02253,0.0,0.02253,0.00081,0.0209,0.02413,,,,,,,,,,,,,,,,,,
yelp,SASRec,NDCG10_u,SIT,0.02276,5.61e-05,0.02286,0.00083,0.02119,0.02443,,0.00023,2e-05,0.00066,0.04,0.000812,5,,,0.00017,-1e-05,0.0006,0.056,0.007433,5,,,
yelp,SASRec,NDCG10_u,Steck-b,0.02259,2.64e-05,0.02256,0.00083,0.02097,0.02415,,,,,,,,,,,,,,,,,,
yelp,SASRec,NDCG20_u,BASE,0.03018,0.0,0.03018,0.00086,0.02854,0.03191,,,,,,,,,,,,,,,,,,
yelp,SASRec,NDCG20_u,SIT,0.03046,0.000143,0.03071,0.00087,0.02902,0.03247,,0.00028,0.00022,0.00084,0.001333,0.011858,5,,,0.00014,1e-05,0.00066,0.04,0.062359,4,,,
yelp,SASRec,NDCG20_u,Steck-b,0.03032,4.33e-05,0.03037,0.00087,0.02874,0.03211,,,,,,,,,,,,,,,,,,
yelp,SASRec,Coverage,BASE,0.80161,0.0,0.80161,0.00214,0.75692,0.76527,,,,,,,,,,,,,,,,,,
yelp,SASRec,Coverage,SIT,0.80773,0.0005532,0.80841,0.00216,0.76218,0.77084,,0.00612,0.00294,0.00773,0.0,1.6e-05,5,,,0.00563,0.00247,0.00711,0.0,1.7e-05,5,,,
yelp,SASRec,Coverage,Steck-b,0.8021,6.92e-05,0.80207,0.0021,0.75785,0.76604,,,,,,,,,,,,,,,,,,
yelp,SASRec,Gini,BASE,0.7909,0.0,0.7909,0.0007,0.79031,0.79304,,,,,,,,,,,,,,,,,,
yelp,SASRec,Gini,SIT,0.79023,0.0012623,0.79223,0.0007,0.79164,0.79437,,-0.00067,0.0011,0.00157,0.0,0.300828,1,,,-0.00013,0.00162,0.00211,0.0,0.833608,2,,,
yelp,SASRec,Gini,Steck-b,0.79036,2.62e-05,0.79036,0.00069,0.78977,0.79245,,,,,,,,,,,,,,,,,,
yelp,SASRec,LT20,BASE,0.40577,0.0,0.4057700037956238,0.00112,0.40351,0.40795,,,,,,,,,,,,,,,,,,
yelp,SASRec,LT20,SIT,0.40524,0.0039762,0.3989199995994568,0.00113,0.39673,0.40109,,-0.00053,-0.00726,-0.00648,0.0,0.781029,3,,,-0.00059,-0.00722,-0.00642,0.0,0.752012,3,,,
yelp,SASRec,LT20,Steck-b,0.40583,8.14e-05,0.4057300090789795,0.00117,0.40353,0.40797,,,,,,,,,,,,,,,,,,
yelp,SASRec,JS,BASE,0.10441,0.0,0.10441,0.00042,0.1036,0.10528,,,,,,,,,,,,,,,,,,
yelp,SASRec,JS,SIT,0.10564,0.000418,0.10527,0.00044,0.10442,0.1061,,0.00123,0.00057,0.00116,0.0,0.002732,5,,,0.00629,0.00642,0.00701,0.0,3e-06,5,,,
yelp,SASRec,JS,Steck-b,0.09936,0.0007761,0.09856,0.0004,0.09778,0.09938,,,,,,,,,,,,,,,,,,
kuairand,B_blind,CatMRR,BASE,0.27786,0.0,0.27786,0.00154,0.27481,0.28079,,,,,,,,,,,,,,,,,,
kuairand,B_blind,CatMRR,SIT,0.27818,0.0001459,0.27815,0.00153,0.27504,0.28107,,0.00031,-0.0007,0.00122,0.548,0.008638,5,,,-0.00528,-0.00673,-0.0036,0.0,0.0,0,,,
kuairand,B_blind,CatMRR,Steck-b,0.28346,5.75e-05,0.2834,0.00158,0.28044,0.28659,,,,,,,,,,,,,,,,,,
kuairand,B_blind,CatNDCG,BASE,0.36942,0.0,0.36942,0.00149,0.36643,0.37224,,,,,,,,,,,,,,,,,,
kuairand,B_blind,CatNDCG,SIT,0.36873,0.0001154,0.36872,0.00151,0.36569,0.37156,,-0.00068,-0.00147,0.00013,0.093333,0.000187,0,,,-0.0026,-0.00381,-0.00129,0.001333,0.0,0,,,
kuairand,B_blind,CatNDCG,Steck-b,0.37134,6.79e-05,0.3713,0.00153,0.36823,0.37434,,,,,,,,,,,,,,,,,,
kuairand,B_blind,macroCatMRR,BASE,0.08405,0.0,0.08405,0.00125,0.08097,0.08564,,,,,,,,,,,,,,,,,,
kuairand,B_blind,macroCatMRR,SIT,0.08453,1.14e-05,0.08452,0.00126,0.08137,0.08618,ridondante,0.00048,3e-05,0.00094,0.037333,0.0,5,0.223998,,-0.00539,-0.00656,-0.00409,0.0,0.0,0,0.0,***,
kuairand,B_blind,macroCatMRR,Steck-b,0.08992,1.31e-05,0.0899,0.00133,0.08644,0.09153,,,,,,,,,,,,,,,,,,
kuairand,B_blind,MRR,BASE,0.02813,0.0,0.02813,0.00042,0.02728,0.02894,,,,,,,,,,,,,,,,,,
kuairand,B_blind,MRR,SIT,0.02822,1.48e-05,0.02823,0.00042,0.02739,0.02902,,8e-05,-0.00013,0.00031,0.373333,0.000236,5,,,-0.00017,-0.00054,0.00025,0.444,3.6e-05,0,,,
kuairand,B_blind,MRR,Steck-b,0.02839,6e-06,0.02839,0.00043,0.02757,0.02924,,,,,,,,,,,,,,,,,,
kuairand,B_blind,HR5,BASE,0.03144,0.0,0.03144,0.00077,0.0299,0.03294,,,,,,,,,,,,,,,,,,
kuairand,B_blind,HR5,SIT,0.03199,6.2e-05,0.03205,0.00078,0.03055,0.03362,,0.00055,1e-05,0.00123,0.050667,3.7e-05,5,,,-2e-05,-0.00091,0.00093,0.962667,0.326164,2,,,
kuairand,B_blind,HR5,Steck-b,0.03201,5.59e-05,0.03203,0.00076,0.03057,0.03352,,,,,,,,,,,,,,,,,,
kuairand,B_blind,HR10,BASE,0.05786,0.0,0.05786,0.00101,0.05586,0.05983,,,,,,,,,,,,,,,,,,
kuairand,B_blind,HR10,SIT,0.05761,5.9e-05,0.05759,0.001,0.05567,0.05952,,-0.00025,-0.00095,0.00042,0.476,0.000692,0,,,-0.00027,-0.00141,0.00087,0.581333,0.002296,0,,,
kuairand,B_blind,HR10,Steck-b,0.05787,3.39e-05,0.05786,0.00098,0.05593,0.05972,,,,,,,,,,,,,,,,,,
kuairand,B_blind,HR20,BASE,0.10192,0.0,0.10192,0.00127,0.09949,0.10441,,,,,,,,,,,,,,,,,,
kuairand,B_blind,HR20,SIT,0.10179,5.62e-05,0.10177,0.00129,0.09928,0.10432,,-0.00013,-0.00102,0.00073,0.737333,0.007625,0,,,-0.00206,-0.00347,-0.00074,0.002667,0.0,0,,,1
kuairand,B_blind,HR20,Steck-b,0.10385,2.08e-05,0.10387,0.00135,0.10129,0.10651,,,,,,,,,,,,,,,,,,
kuairand,B_blind,NDCG5,BASE,0.01876,0.0,0.01876,0.00049,0.0178,0.01969,,,,,,,,,,,,,,,,,,
kuairand,B_blind,NDCG5,SIT,0.01904,3.14e-05,0.01907,0.00049,0.01812,0.02005,,0.00028,2e-05,0.00061,0.036,3.8e-05,5,,,-2e-05,-0.00054,0.00055,0.996,0.104821,2,,,
kuairand,B_blind,NDCG5,Steck-b,0.01906,1.62e-05,0.01907,0.00049,0.01813,0.02002,,,,,,,,,,,,,,,,,,
kuairand,B_blind,NDCG10,BASE,0.02721,0.0,0.02721,0.00052,0.0262,0.02822,,,,,,,,,,,,,,,,,,
kuairand,B_blind,NDCG10,SIT,0.02724,2e-05,0.02724,0.00052,0.02624,0.02823,,2e-05,-0.00022,0.0003,0.834667,0.050677,4,,,-9e-05,-0.00056,0.00041,0.730667,0.003996,0,,,
kuairand,B_blind,NDCG10,Steck-b,0.02733,1.39e-05,0.02732,0.00053,0.02629,0.02837,,,,,,,,,,,,,,,,,,
kuairand,B_blind,NDCG20,BASE,0.03826,0.0,0.03826,0.00054,0.03715,0.03926,,,,,,,,,,,,,,,,,,
kuairand,B_blind,NDCG20,SIT,0.03831,1.82e-05,0.03831,0.00054,0.03722,0.03933,,5e-05,-0.00021,0.00032,0.662667,0.002845,5,,,-0.00055,-0.00099,-0.00011,0.013333,1e-06,0,,,1
kuairand,B_blind,NDCG20,Steck-b,0.03886,8.7e-06,0.03886,0.00056,0.03783,0.03994,,,,,,,,,,,,,,,,,,
kuairand,B_blind,MRR_u,BASE,0.03223,0.0,0.03223,0.00061,0.03105,0.03348,,,,,,,,,,,,,,,,,,
kuairand,B_blind,MRR_u,SIT,0.03216,1.01e-05,0.03217,0.0006,0.031,0.03339,,-7e-05,-0.00038,0.00027,0.725333,0.00011,0,,,-0.00059,-0.00123,7e-05,0.084,0.0,0,,,
kuairand,B_blind,MRR_u,Steck-b,0.03276,1.49e-05,0.03275,0.00065,0.03146,0.03406,,,,,,,,,,,,,,,,,,
kuairand,B_blind,HR5_u,BASE,0.03725,0.0,0.03725,0.00109,0.0351,0.03937,,,,,,,,,,,,,,,,,,
kuairand,B_blind,HR5_u,SIT,0.03834,5.94e-05,0.0384,0.0011,0.03632,0.04052,,0.00109,0.00028,0.00202,0.009333,2e-06,5,,,-0.00045,-0.00204,0.00102,0.617333,0.000149,0,,,
kuairand,B_blind,HR5_u,Steck-b,0.03879,9.59e-05,0.03882,0.00114,0.03665,0.04111,,,,,,,,,,,,,,,,,,
kuairand,B_blind,HR10_u,BASE,0.06779,0.0,0.06779,0.00148,0.06485,0.07068,,,,,,,,,,,,,,,,,,
kuairand,B_blind,HR10_u,SIT,0.06721,5.98e-05,0.06719,0.00147,0.06404,0.06997,,-0.00059,-0.00159,0.00038,0.238667,2.5e-05,0,,,-0.00098,-0.00275,0.0008,0.281333,4.9e-05,0,,,
kuairand,B_blind,HR10_u,Steck-b,0.06819,5.88e-05,0.06819,0.00146,0.06536,0.07112,,,,,,,,,,,,,,,,,,
kuairand,B_blind,HR20_u,BASE,0.11649,0.0,0.11649,0.0018,0.1132,0.1201,,,,,,,,,,,,,,,,,,
kuairand,B_blind,HR20_u,SIT,0.1161,3.09e-05,0.11607,0.00182,0.11274,0.11976,,-0.00039,-0.00153,0.00066,0.453333,9e-06,0,,,-0.00267,-0.00441,-0.00083,0.005333,0.0,0,,,
kuairand,B_blind,HR20_u,Steck-b,0.11877,6.55e-05,0.11874,0.00191,0.11485,0.12226,,,,,,,,,,,,,,,,,,
kuairand,B_blind,NDCG5_u,BASE,0.02252,0.0,0.02252,0.00073,0.02115,0.02398,,,,,,,,,,,,,,,,,,
kuairand,B_blind,NDCG5_u,SIT,0.02286,2.54e-05,0.02289,0.00073,0.02154,0.0244,,0.00034,-6e-05,0.0008,0.098667,7e-06,5,,,-0.00045,-0.00125,0.00047,0.310667,3e-06,0,,,
kuairand,B_blind,NDCG5_u,Steck-b,0.02331,2.54e-05,0.02331,0.00072,0.02186,0.02472,,,,,,,,,,,,,,,,,,
kuairand,B_blind,NDCG10_u,BASE,0.03228,0.0,0.03228,0.00076,0.03077,0.03375,,,,,,,,,,,,,,,,,,
kuairand,B_blind,NDCG10_u,SIT,0.0321,1.27e-05,0.0321,0.00075,0.0306,0.03354,,-0.00018,-0.00059,0.00021,0.334667,5e-06,0,,,-0.00059,-0.00138,0.0002,0.158667,4e-06,0,,,
kuairand,B_blind,NDCG10_u,Steck-b,0.03269,2.46e-05,0.03269,0.00078,0.03121,0.0342,,,,,,,,,,,,,,,,,,
kuairand,B_blind,NDCG20_u,BASE,0.04452,0.0,0.04452,0.00085,0.0428,0.0463,,,,,,,,,,,,,,,,,,
kuairand,B_blind,NDCG20_u,SIT,0.04439,5.2e-06,0.0444,0.00084,0.04277,0.04618,,-0.00013,-0.00048,0.00021,0.497333,1e-06,0,,,-0.00102,-0.00173,-0.0003,0.008,0.0,0,,,
kuairand,B_blind,NDCG20_u,Steck-b,0.04541,2.63e-05,0.0454,0.00078,0.04389,0.04698,,,,,,,,,,,,,,,,,,
kuairand,B_blind,Coverage,BASE,0.2813,0.0,0.2813,0.00032,0.28021,0.2813,,,,,,,,,,,,,,,,,,
kuairand,B_blind,Coverage,SIT,0.28809,0.0001822,0.28805,0.0005,0.28565,0.28761,,0.00679,0.00479,0.00653,0.0,0.0,5,,,-0.02996,-0.03005,-0.02678,0.0,0.0,0,,,
kuairand,B_blind,Coverage,Steck-b,0.31805,9.74e-05,0.31809,0.00077,0.31352,0.31657,,,,,,,,,,,,,,,,,,
kuairand,B_blind,Gini,BASE,0.9342,0.0,0.9342,0.00017,0.93392,0.93461,,,,,,,,,,,,,,,,,,
kuairand,B_blind,Gini,SIT,0.93365,1.1e-05,0.93366,0.00017,0.93338,0.93406,,-0.00056,-0.00062,-0.00047,0.0,0.0,0,,,0.00807,0.00794,0.00818,0.0,0.0,5,,,
kuairand,B_blind,Gini,Steck-b,0.92558,1.84e-05,0.9256,0.00018,0.92531,0.92601,,,,,,,,,,,,,,,,,,
kuairand,B_blind,LT20,BASE,0.02081,0.0,0.020810000598430634,0.00026,0.02031,0.02132,,,,,,,,,,,,,,,,,,
kuairand,B_blind,LT20,SIT,0.02102,1.55e-05,0.020999999716877937,0.00026,0.0205,0.02153,,0.00021,8e-05,0.00033,0.002667,7e-06,5,,,-0.00922,-0.00949,-0.00893,0.0,0.0,0,,,
kuairand,B_blind,LT20,Steck-b,0.03024,2.53e-05,0.030220000073313713,0.00031,0.02964,0.03081,,,,,,,,,,,,,,,,,,
kuairand,B_blind,JS,BASE,0.28513,0.0,0.28513,0.00047,0.28424,0.28608,,,,,,,,,,,,,,,,,,
kuairand,B_blind,JS,SIT,0.28786,0.0001003,0.28787,0.00048,0.28697,0.28883,,0.00273,0.00243,0.00302,0.0,0.0,5,,,0.06196,0.06129,0.0625,0.0,0.0,5,,,
kuairand,B_blind,JS,Steck-b,0.2259,0.0001079,0.22598,0.00038,0.22522,0.22673,,,,,,,,,,,,,,,,,,
kuairand,B_full,CatMRR,BASE,0.2885,0.0043497,0.29203,0.00155,0.28912,0.29523,,,,,,,,,,,,,,,,,,
kuairand,B_full,CatMRR,SIT,0.28885,0.0041182,0.29251,0.00155,0.28955,0.2957,,0.00035,-6e-05,0.00102,0.089333,0.245756,3,,,-0.00615,-0.00053,0.00164,0.316,0.074014,1,,,
kuairand,B_full,CatMRR,Steck-b,0.295,0.0046144,0.29194,0.00164,0.2888,0.29513,,,,,,,,,,,,,,,,,,
kuairand,B_full,CatNDCG,BASE,0.37496,0.0026342,0.37584,0.00157,0.37274,0.37879,,,,,,,,,,,,,,,,,,
kuairand,B_full,CatNDCG,SIT,0.37451,0.0022657,0.3758,0.00158,0.37263,0.37884,,-0.00045,-0.00049,0.00041,0.908,0.114026,0,,,-0.00455,0.00243,0.00443,0.0,0.161796,1,,,
kuairand,B_full,CatNDCG,Steck-b,0.37906,0.0060741,0.37236,0.0016,0.3692,0.37547,,,,,,,,,,,,,,,,,,
kuairand,B_full,macroCatMRR,BASE,0.08325,0.0044427,0.08851,0.00141,0.0849,0.09028,,,,,,,,,,,,,,,,,,
kuairand,B_full,macroCatMRR,SIT,0.08336,0.0045494,0.0887,0.00142,0.08503,0.0905,nullo,0.00011,-2e-05,0.00042,0.076,0.332796,4,0.093334,,-0.00377,-0.00288,-0.00115,0.0,0.017097,0,0.0,***,
kuairand,B_full,macroCatMRR,Steck-b,0.08713,0.0025938,0.09075,0.00141,0.08727,0.09266,,,,,,,,,,,,,,,,,,
kuairand,B_full,MRR,BASE,0.01999,0.0004707,0.02032,0.00037,0.01961,0.02107,,,,,,,,,,,,,,,,,,
kuairand,B_full,MRR,SIT,0.01998,0.0004529,0.02031,0.00037,0.0196,0.02106,,-0.0,-0.00012,0.0001,0.854667,0.785272,1,,,-0.00018,-0.00031,0.00016,0.469333,0.023748,0,,,
kuairand,B_full,MRR,Steck-b,0.02017,0.0003633,0.02039,0.00039,0.01963,0.02112,,,,,,,,,,,,,,,,,,
kuairand,B_full,HR5,BASE,0.02197,0.0006891,0.02204,0.00065,0.02073,0.02331,,,,,,,,,,,,,,,,,,
kuairand,B_full,HR5,SIT,0.02201,0.0006646,0.02215,0.00065,0.02087,0.02344,,3e-05,-0.00019,0.00041,0.506667,0.743488,3,,,-0.00044,-0.00087,0.00036,0.428,0.061203,1,,,
kuairand,B_full,HR5,Steck-b,0.02245,0.0003671,0.0224,0.00063,0.02111,0.02368,,,,,,,,,,,,,,,,,,
kuairand,B_full,HR10,BASE,0.03811,0.0014352,0.03925,0.00085,0.03768,0.04093,,,,,,,,,,,,,,,,,,
kuairand,B_full,HR10,SIT,0.03814,0.0015064,0.03929,0.00086,0.03764,0.04099,,3e-05,-0.00037,0.00044,0.945333,0.655574,4,,,-0.0004,-0.00026,0.00129,0.194667,0.274096,1,,,
kuairand,B_full,HR10,Steck-b,0.03855,0.0009882,0.03875,0.00085,0.03706,0.04042,,,,,,,,,,,,,,,,,,
kuairand,B_full,HR20,BASE,0.06623,0.0018756,0.0679,0.0011,0.0658,0.07014,,,,,,,,,,,,,,,,,,
kuairand,B_full,HR20,SIT,0.06643,0.0018761,0.06819,0.00111,0.06612,0.07045,,0.00019,-0.00021,0.00077,0.296,0.010113,5,,,-0.00041,-0.0003,0.00161,0.185333,0.271088,1,,,1
kuairand,B_full,HR20,Steck-b,0.06684,0.0013552,0.06754,0.00107,0.06546,0.06958,,,,,,,,,,,,,,,,,,
kuairand,B_full,NDCG5,BASE,0.01374,0.0002746,0.01373,0.00042,0.01295,0.01457,,,,,,,,,,,,,,,,,,
kuairand,B_full,NDCG5,SIT,0.01374,0.0003067,0.01375,0.00042,0.01297,0.01457,,0.0,-0.00012,0.00016,0.733333,0.942056,3,,,-0.0002,-0.00044,0.00016,0.376,0.021761,0,,,
kuairand,B_full,NDCG5,Steck-b,0.01394,0.0001991,0.01389,0.00043,0.01306,0.01476,,,,,,,,,,,,,,,,,,
kuairand,B_full,NDCG10,BASE,0.0189,0.0005019,0.01922,0.00047,0.01829,0.02019,,,,,,,,,,,,,,,,,,
kuairand,B_full,NDCG10,SIT,0.0189,0.0004942,0.01921,0.00047,0.0183,0.02019,,-0.0,-0.00017,0.00013,0.881333,0.873995,2,,,-0.0002,-0.0002,0.00039,0.524,0.092106,1,,,
kuairand,B_full,NDCG10,Steck-b,0.01909,0.0003577,0.01912,0.00046,0.01823,0.02002,,,,,,,,,,,,,,,,,,
kuairand,B_full,NDCG20,BASE,0.02595,0.0005753,0.02639,0.0005,0.0254,0.02736,,,,,,,,,,,,,,,,,,
kuairand,B_full,NDCG20,SIT,0.02598,0.0005541,0.02643,0.0005,0.02542,0.02742,,3e-05,-0.0001,0.00018,0.541333,0.07565,4,,,-0.00021,-0.00021,0.0004,0.562667,0.067835,1,,,1
kuairand,B_full,NDCG20,Steck-b,0.02618,0.000425,0.02634,0.00049,0.02543,0.02732,,,,,,,,,,,,,,,,,,
kuairand,B_full,MRR_u,BASE,0.02083,0.0002862,0.02075,0.00047,0.01984,0.02174,,,,,,,,,,,,,,,,,,
kuairand,B_full,MRR_u,SIT,0.0208,0.0002648,0.02073,0.00047,0.01984,0.02169,,-3e-05,-0.00016,0.00014,0.886667,0.132013,0,,,-0.00034,-0.00067,4e-05,0.097333,0.000459,0,,,
kuairand,B_full,MRR_u,Steck-b,0.02114,0.0002125,0.02105,0.00049,0.02008,0.02198,,,,,,,,,,,,,,,,,,
kuairand,B_full,HR5_u,BASE,0.02345,0.000675,0.02334,0.00085,0.02166,0.02502,,,,,,,,,,,,,,,,,,
kuairand,B_full,HR5_u,SIT,0.02344,0.0007432,0.02344,0.00085,0.02179,0.02511,,-2e-05,-0.00032,0.00053,0.669333,0.878646,3,,,-0.00054,-0.00104,0.00064,0.628,0.078781,1,,,
kuairand,B_full,HR5_u,Steck-b,0.02398,0.0006179,0.02367,0.00086,0.02198,0.02531,,,,,,,,,,,,,,,,,,
kuairand,B_full,HR10_u,BASE,0.04002,0.0013558,0.04146,0.0011,0.03933,0.0437,,,,,,,,,,,,,,,,,,
kuairand,B_full,HR10_u,SIT,0.04012,0.0014506,0.04142,0.0011,0.03938,0.04367,,0.00011,-0.00055,0.00047,0.881333,0.277586,3,,,-0.00048,-0.00025,0.00194,0.129333,0.303246,1,,,
kuairand,B_full,HR10_u,Steck-b,0.04061,0.0009536,0.04055,0.00109,0.03854,0.04279,,,,,,,,,,,,,,,,,,
kuairand,B_full,HR20_u,BASE,0.0681,0.0017448,0.06909,0.00137,0.06649,0.07183,,,,,,,,,,,,,,,,,,
kuairand,B_full,HR20_u,SIT,0.06846,0.0018501,0.06971,0.00138,0.06704,0.07241,,0.00036,0.0,0.00131,0.049333,0.018363,5,,,-0.00067,-0.00171,0.00083,0.521333,0.033122,1,,,
kuairand,B_full,HR20_u,Steck-b,0.06913,0.0014906,0.07014,0.00139,0.06743,0.07292,,,,,,,,,,,,,,,,,,
kuairand,B_full,NDCG5_u,BASE,0.0148,0.0003306,0.01442,0.00054,0.01335,0.01551,,,,,,,,,,,,,,,,,,
kuairand,B_full,NDCG5_u,SIT,0.01475,0.0003694,0.01443,0.00054,0.01336,0.01551,,-5e-05,-0.00018,0.0002,0.957333,0.28181,2,,,-0.00033,-0.00075,0.00017,0.244,0.000856,0,,,
kuairand,B_full,NDCG5_u,Steck-b,0.01508,0.000393,0.01472,0.00056,0.01363,0.01582,,,,,,,,,,,,,,,,,,
kuairand,B_full,NDCG10_u,BASE,0.02009,0.0002868,0.02021,0.0006,0.01911,0.02137,,,,,,,,,,,,,,,,,,
kuairand,B_full,NDCG10_u,SIT,0.02008,0.0003219,0.02017,0.0006,0.01901,0.02131,,-1e-05,-0.00023,0.00014,0.653333,0.756414,2,,,-0.00031,-0.00036,0.00047,0.832,0.033822,1,,,
kuairand,B_full,NDCG10_u,Steck-b,0.0204,0.0003528,0.02011,0.00061,0.01894,0.02135,,,,,,,,,,,,,,,,,,
kuairand,B_full,NDCG20_u,BASE,0.02713,0.0003588,0.02712,0.00061,0.0259,0.02834,,,,,,,,,,,,,,,,,,
kuairand,B_full,NDCG20_u,SIT,0.02718,0.0003511,0.02723,0.00061,0.02601,0.02843,,4e-05,-7e-05,0.00027,0.229333,0.174773,4,,,-0.00037,-0.00073,0.00013,0.174667,0.000322,0,,,
kuairand,B_full,NDCG20_u,Steck-b,0.02754,0.000319,0.02753,0.00064,0.02631,0.02882,,,,,,,,,,,,,,,,,,
kuairand,B_full,Coverage,BASE,0.17588,0.0897135,0.26998,0.00145,0.25474,0.2604,,,,,,,,,,,,,,,,,,
kuairand,B_full,Coverage,SIT,0.17775,0.0901627,0.2715,0.00146,0.25626,0.2617,,0.00187,0.0,0.00283,0.069333,0.0062,5,,,-0.02608,-0.03135,-0.02504,0.0,0.007258,0,,,
kuairand,B_full,Coverage,Steck-b,0.20383,0.0831973,0.30176,0.0015,0.28413,0.29001,,,,,,,,,,,,,,,,,,
kuairand,B_full,Gini,BASE,0.97518,0.0103854,0.96364,9e-05,0.96351,0.96384,,,,,,,,,,,,,,,,,,
kuairand,B_full,Gini,SIT,0.97483,0.0104345,0.96339,9e-05,0.96326,0.9636,,-0.00035,-0.00028,-0.00022,0.0,0.003086,0,,,0.00301,0.00488,0.00505,0.0,0.008222,5,,,
kuairand,B_full,Gini,Steck-b,0.97182,0.0106452,0.95842,0.00011,0.95824,0.95868,,,,,,,,,,,,,,,,,,
kuairand,B_full,LT20,BASE,0.01017,0.0103031,0.020980000495910645,0.00019,0.02063,0.02134,,,,,,,,,,,,,,,,,,
kuairand,B_full,LT20,SIT,0.0101,0.0102045,0.020810000598430634,0.00018,0.02047,0.02119,,-7e-05,-0.00025,-8e-05,0.0,0.186155,2,,,-0.0032,-0.00794,-0.00749,0.0,0.054136,0,,,
kuairand,B_full,LT20,Steck-b,0.01329,0.0122076,0.028529999777674675,0.00022,0.02809,0.02897,,,,,,,,,,,,,,,,,,
kuairand,B_full,JS,BASE,0.31912,0.0161856,0.30383,0.00048,0.30288,0.30476,,,,,,,,,,,,,,,,,,
kuairand,B_full,JS,SIT,0.32063,0.0158794,0.30453,0.00048,0.30359,0.30543,,0.00151,0.00051,0.0009,0.0,0.013938,5,,,0.0533,0.04394,0.04499,0.0,0.003969,5,,,
kuairand,B_full,JS,Steck-b,0.26733,0.0075843,0.26006,0.00044,0.25922,0.26091,,,,,,,,,,,,,,,,,,
kuairand,EASE,CatMRR,BASE,0.2754,0.0,0.2754,0.00146,0.27257,0.2782,,,,,,,,,,,,,,,,,,
kuairand,EASE,CatMRR,SIT,0.26886,0.0004401,0.26895,0.00151,0.26587,0.27191,,-0.00654,-0.00819,-0.0047,0.0,5e-06,0,,,0.01719,0.01514,0.01933,0.0,0.0,5,,,
kuairand,EASE,CatMRR,Steck-b,0.25167,0.0002813,0.25175,0.00149,0.24868,0.25453,,,,,,,,,,,,,,,,,,
kuairand,EASE,CatNDCG,BASE,0.36831,0.0,0.36831,0.00144,0.36561,0.37129,,,,,,,,,,,,,,,,,,
kuairand,EASE,CatNDCG,SIT,0.34969,0.0003496,0.34983,0.00151,0.34709,0.35294,,-0.01861,-0.02013,-0.01681,0.0,0.0,0,,,0.02057,0.0185,0.02273,0.0,0.0,5,,,
kuairand,EASE,CatNDCG,Steck-b,0.32912,0.0003069,0.32921,0.00155,0.3261,0.33218,,,,,,,,,,,,,,,,,,
kuairand,EASE,macroCatMRR,BASE,0.07822,0.0,0.07822,0.00104,0.07549,0.07936,,,,,,,,,,,,,,,,,,
kuairand,EASE,macroCatMRR,SIT,0.07702,4.7e-05,0.07702,0.00107,0.07428,0.07822,nullo,-0.0012,-0.00196,-0.00036,0.001333,1e-06,0,0.015996,*,-0.00841,-0.01064,-0.00624,0.0,0.0,0,0.0,***,
kuairand,EASE,macroCatMRR,Steck-b,0.08543,8.75e-05,0.08539,0.00153,0.08164,0.08769,,,,,,,,,,,,,,,,,,
kuairand,EASE,MRR,BASE,0.02843,0.0,0.02843,0.00043,0.02759,0.02926,,,,,,,,,,,,,,,,,,
kuairand,EASE,MRR,SIT,0.02612,1.58e-05,0.02614,0.00041,0.02533,0.02692,,-0.00231,-0.00272,-0.00185,0.0,0.0,0,,,0.00192,0.00141,0.00245,0.0,0.0,5,,,
kuairand,EASE,MRR,Steck-b,0.0242,2.63e-05,0.0242,0.00042,0.02339,0.02499,,,,,,,,,,,,,,,,,,
kuairand,EASE,HR5,BASE,0.03203,0.0,0.03203,0.00077,0.03043,0.03344,,,,,,,,,,,,,,,,,,
kuairand,EASE,HR5,SIT,0.03089,8.11e-05,0.03094,0.00076,0.02946,0.03242,,-0.00114,-0.00207,-8e-05,0.032,6e-06,0,,,0.00244,0.0013,0.00369,0.0,2e-06,5,,,
kuairand,EASE,HR5,Steck-b,0.02846,5.46e-05,0.02841,0.00071,0.02698,0.0298,,,,,,,,,,,,,,,,,,
kuairand,EASE,HR10,BASE,0.05962,0.0,0.05962,0.001,0.05771,0.06156,,,,,,,,,,,,,,,,,,
kuairand,EASE,HR10,SIT,0.05722,0.0001209,0.05717,0.00098,0.05526,0.05907,,-0.0024,-0.0038,-0.00113,0.001333,2e-06,0,,,0.00674,0.00517,0.00824,0.0,0.0,5,,,
kuairand,EASE,HR10,Steck-b,0.05047,2.54e-05,0.05045,0.00095,0.04853,0.05227,,,,,,,,,,,,,,,,,,
kuairand,EASE,HR20,BASE,0.10327,0.0,0.10327,0.00132,0.10058,0.10577,,,,,,,,,,,,,,,,,,
kuairand,EASE,HR20,SIT,0.09774,3.38e-05,0.09777,0.00131,0.09516,0.10032,,-0.00554,-0.00732,-0.00374,0.0,0.0,0,,,0.01165,0.00948,0.01373,0.0,0.0,5,,,0
kuairand,EASE,HR20,Steck-b,0.08609,7.17e-05,0.08613,0.0012,0.08394,0.08858,,,,,,,,,,,,,,,,,,
kuairand,EASE,NDCG5,BASE,0.01922,0.0,0.01922,0.0005,0.01828,0.02022,,,,,,,,,,,,,,,,,,
kuairand,EASE,NDCG5,SIT,0.01841,4.03e-05,0.01843,0.00049,0.01747,0.01939,,-0.00081,-0.00139,-0.00023,0.006667,1e-06,0,,,0.00136,0.00076,0.00208,0.0,2e-06,5,,,
kuairand,EASE,NDCG5,Steck-b,0.01705,2.99e-05,0.01703,0.00045,0.01616,0.01795,,,,,,,,,,,,,,,,,,
kuairand,EASE,NDCG10,BASE,0.02804,0.0,0.02804,0.00055,0.0269,0.02909,,,,,,,,,,,,,,,,,,
kuairand,EASE,NDCG10,SIT,0.02683,2.05e-05,0.02682,0.00054,0.02575,0.0279,,-0.00121,-0.0018,-0.00063,0.0,0.0,0,,,0.00275,0.00206,0.00343,0.0,0.0,5,,,
kuairand,EASE,NDCG10,Steck-b,0.02408,2.03e-05,0.02407,0.00049,0.0231,0.02502,,,,,,,,,,,,,,,,,,
kuairand,EASE,NDCG20,BASE,0.03898,0.0,0.03898,0.00056,0.03788,0.04005,,,,,,,,,,,,,,,,,,
kuairand,EASE,NDCG20,SIT,0.03701,1.1e-05,0.03702,0.00056,0.03592,0.03809,,-0.00197,-0.00259,-0.00135,0.0,0.0,0,,,0.004,0.00326,0.00473,0.0,0.0,5,,,1
kuairand,EASE,NDCG20,Steck-b,0.03301,2.98e-05,0.03301,0.00053,0.03196,0.03403,,,,,,,,,,,,,,,,,,
kuairand,EASE,MRR_u,BASE,0.03296,0.0,0.03296,0.00068,0.03159,0.03436,,,,,,,,,,,,,,,,,,
kuairand,EASE,MRR_u,SIT,0.02873,3.82e-05,0.02877,0.00062,0.02755,0.03001,,-0.00423,-0.00505,-0.0034,0.0,0.0,0,,,0.00465,0.0037,0.00575,0.0,0.0,5,,,
kuairand,EASE,MRR_u,Steck-b,0.02408,4.65e-05,0.02407,0.00053,0.02304,0.02511,,,,,,,,,,,,,,,,,,
kuairand,EASE,HR5_u,BASE,0.03908,0.0,0.03908,0.00114,0.03688,0.04133,,,,,,,,,,,,,,,,,,
kuairand,EASE,HR5_u,SIT,0.03608,0.0001053,0.03618,0.00106,0.03416,0.03826,,-0.00299,-0.00481,-0.00108,0.004,0.0,0,,,0.00687,0.00496,0.00902,0.0,0.0,5,,,
kuairand,EASE,HR5_u,Steck-b,0.02921,5.58e-05,0.02917,0.00092,0.02734,0.03107,,,,,,,,,,,,,,,,,,
kuairand,EASE,HR10_u,BASE,0.06948,0.0,0.06948,0.00144,0.06671,0.07236,,,,,,,,,,,,,,,,,,
kuairand,EASE,HR10_u,SIT,0.06528,0.0001159,0.0653,0.00139,0.06256,0.06808,,-0.0042,-0.00665,-0.00179,0.0,0.0,0,,,0.01634,0.01386,0.01891,0.0,0.0,5,,,
kuairand,EASE,HR10_u,Steck-b,0.04894,7.6e-05,0.04889,0.00113,0.04664,0.05095,,,,,,,,,,,,,,,,,,
kuairand,EASE,HR20_u,BASE,0.11903,0.0,0.11903,0.00182,0.11525,0.12258,,,,,,,,,,,,,,,,,,
kuairand,EASE,HR20_u,SIT,0.10814,9.85e-05,0.10823,0.00171,0.10495,0.11164,,-0.01089,-0.01389,-0.00786,0.0,0.0,0,,,0.02746,0.02407,0.03079,0.0,0.0,5,,,
kuairand,EASE,HR20_u,Steck-b,0.08068,0.000159,0.08073,0.00143,0.07802,0.08371,,,,,,,,,,,,,,,,,,
kuairand,EASE,NDCG5_u,BASE,0.02362,0.0,0.02362,0.00073,0.02221,0.02506,,,,,,,,,,,,,,,,,,
kuairand,EASE,NDCG5_u,SIT,0.0215,5.98e-05,0.02156,0.00066,0.02029,0.02278,,-0.00211,-0.0031,-0.00108,0.0,0.0,0,,,0.00356,0.00241,0.00483,0.0,0.0,5,,,
kuairand,EASE,NDCG5_u,Steck-b,0.01794,3.72e-05,0.01792,0.00062,0.01673,0.01909,,,,,,,,,,,,,,,,,,
kuairand,EASE,NDCG10_u,BASE,0.03335,0.0,0.03335,0.00079,0.03182,0.035,,,,,,,,,,,,,,,,,,
kuairand,EASE,NDCG10_u,SIT,0.03084,3.15e-05,0.03086,0.00072,0.02948,0.03231,,-0.00251,-0.00354,-0.00142,0.0,0.0,0,,,0.00659,0.00538,0.00794,0.0,0.0,5,,,
kuairand,EASE,NDCG10_u,Steck-b,0.02425,4.66e-05,0.02422,0.00064,0.02298,0.02547,,,,,,,,,,,,,,,,,,
kuairand,EASE,NDCG20_u,BASE,0.04578,0.0,0.04578,0.00084,0.0441,0.04738,,,,,,,,,,,,,,,,,,
kuairand,EASE,NDCG20_u,SIT,0.04162,3.26e-05,0.04166,0.00079,0.04014,0.04329,,-0.00416,-0.00525,-0.00305,0.0,0.0,0,,,0.00942,0.00816,0.01088,0.0,0.0,5,,,
kuairand,EASE,NDCG20_u,Steck-b,0.0322,6.34e-05,0.03219,0.00068,0.03088,0.03357,,,,,,,,,,,,,,,,,,
kuairand,EASE,Coverage,BASE,0.25321,0.0,0.25321,0.00182,0.2347,0.24167,,,,,,,,,,,,,,,,,,
kuairand,EASE,Coverage,SIT,0.34304,0.0011271,0.344,0.0023,0.32049,0.32963,,0.08983,0.08208,0.09188,0.0,0.0,5,,,-0.20562,-0.20401,-0.19192,0.0,0.0,0,,,
kuairand,EASE,Coverage,Steck-b,0.54866,0.000154,0.54866,0.00261,0.51796,0.52798,,,,,,,,,,,,,,,,,,
kuairand,EASE,Gini,BASE,0.97324,0.0,0.97324,7e-05,0.97313,0.9734,,,,,,,,,,,,,,,,,,
kuairand,EASE,Gini,SIT,0.96257,6e-06,0.96257,0.00012,0.96239,0.96286,,-0.01067,-0.01079,-0.01049,0.0,0.0,0,,,0.04569,0.04491,0.04611,0.0,0.0,5,,,
kuairand,EASE,Gini,Steck-b,0.91688,0.0001357,0.91697,0.00036,0.91641,0.91786,,,,,,,,,,,,,,,,,,
kuairand,EASE,LT20,BASE,0.00623,0.0,0.00622999994084239,0.00015,0.00594,0.00653,,,,,,,,,,,,,,,,,,
kuairand,EASE,LT20,SIT,0.01721,0.0001702,0.017030000686645508,0.00027,0.01652,0.01758,,0.01099,0.0104,0.01124,0.0,0.0,5,,,-0.13021,-0.13205,-0.12809,0.0,0.0,0,,,
kuairand,EASE,LT20,Steck-b,0.14742,0.0005501,0.14709000289440155,0.0011,0.14495,0.14925,,,,,,,,,,,,,,,,,,
kuairand,EASE,JS,BASE,0.2755,0.0,0.2755,0.0004,0.27474,0.27633,,,,,,,,,,,,,,,,,,
kuairand,EASE,JS,SIT,0.32952,0.0006173,0.32909,0.00058,0.32795,0.33024,,0.05402,0.05264,0.05449,0.0,0.0,5,,,0.06987,0.06825,0.0708,0.0,0.0,5,,,
kuairand,EASE,JS,Steck-b,0.25965,0.0003968,0.25952,0.00069,0.2582,0.26083,,,,,,,,,,,,,,,,,,
kuairand,DeepFM,CatMRR,BASE,0.23487,0.0,0.23487,0.00135,0.23221,0.23756,,,,,,,,,,,,,,,,,,
kuairand,DeepFM,CatMRR,SIT,0.24351,0.0001941,0.24357,0.00142,0.24096,0.24643,,0.00864,0.00718,0.01019,0.0,0.0,5,,,-0.00586,-0.00748,-0.00417,0.0,0.0,0,,,
kuairand,DeepFM,CatMRR,Steck-b,0.24937,3.81e-05,0.24933,0.00142,0.24653,0.25211,,,,,,,,,,,,,,,,,,
kuairand,DeepFM,CatNDCG,BASE,0.3302,0.0,0.3302,0.00139,0.3275,0.33299,,,,,,,,,,,,,,,,,,
kuairand,DeepFM,CatNDCG,SIT,0.32845,0.0001402,0.32851,0.00146,0.32574,0.33147,,-0.00174,-0.00301,-0.00027,0.016,1e-05,0,,,-0.01313,-0.01448,-0.01144,0.0,0.0,0,,,
kuairand,DeepFM,CatNDCG,Steck-b,0.34158,4.06e-05,0.34155,0.00144,0.33871,0.34428,,,,,,,,,,,,,,,,,,
kuairand,DeepFM,macroCatMRR,BASE,0.07718,0.0,0.07718,0.00104,0.07442,0.07831,,,,,,,,,,,,,,,,,,
kuairand,DeepFM,macroCatMRR,SIT,0.078,6.89e-05,0.078,0.00107,0.07517,0.07924,ridondante,0.00081,9e-05,0.00149,0.026667,1.2e-05,5,0.186669,,-0.0079,-0.00916,-0.00657,0.0,0.0,0,0.0,***,
kuairand,DeepFM,macroCatMRR,Steck-b,0.0859,2.94e-05,0.08591,0.00127,0.08279,0.08752,,,,,,,,,,,,,,,,,,
kuairand,DeepFM,MRR,BASE,0.02473,0.0,0.02473,0.00044,0.0239,0.02561,,,,,,,,,,,,,,,,,,
kuairand,DeepFM,MRR,SIT,0.0245,1.57e-05,0.02452,0.00044,0.0237,0.02542,,-0.00022,-0.00052,0.00012,0.208,6e-06,0,,,-0.00045,-0.00084,-8e-05,0.008,0.0,0,,,
kuairand,DeepFM,MRR,Steck-b,0.02495,8.5e-06,0.02496,0.00044,0.02415,0.02583,,,,,,,,,,,,,,,,,,
kuairand,DeepFM,HR5,BASE,0.02863,0.0,0.02863,0.00073,0.02724,0.03002,,,,,,,,,,,,,,,,,,
kuairand,DeepFM,HR5,SIT,0.02822,6.65e-05,0.02823,0.00072,0.02686,0.02969,,-0.00041,-0.00119,0.00045,0.368,0.000167,0,,,-0.00067,-0.00163,0.00024,0.174667,2.5e-05,0,,,
kuairand,DeepFM,HR5,Steck-b,0.02889,2.08e-05,0.02891,0.00074,0.02757,0.03041,,,,,,,,,,,,,,,,,,
kuairand,DeepFM,HR10,BASE,0.04891,0.0,0.04891,0.00095,0.04704,0.05078,,,,,,,,,,,,,,,,,,
kuairand,DeepFM,HR10,SIT,0.04972,3.14e-05,0.04975,0.00094,0.04795,0.05161,,0.00081,-0.0002,0.00189,0.118667,1e-06,5,,,-0.00079,-0.00199,0.00038,0.208,2.2e-05,0,,,
kuairand,DeepFM,HR10,Steck-b,0.05051,7.27e-05,0.05053,0.00099,0.04856,0.05247,,,,,,,,,,,,,,,,,,
kuairand,DeepFM,HR20,BASE,0.08447,0.0,0.08447,0.00118,0.08212,0.08669,,,,,,,,,,,,,,,,,,
kuairand,DeepFM,HR20,SIT,0.08364,1.44e-05,0.08364,0.0012,0.08127,0.08588,,-0.00082,-0.00214,0.00046,0.192,0.0,0,,,-0.00289,-0.00428,-0.00141,0.0,0.0,0,,,1
kuairand,DeepFM,HR20,Steck-b,0.08653,5.17e-05,0.0865,0.00126,0.0841,0.08886,,,,,,,,,,,,,,,,,,
kuairand,DeepFM,NDCG5,BASE,0.0179,0.0,0.0179,0.00047,0.01701,0.01887,,,,,,,,,,,,,,,,,,
kuairand,DeepFM,NDCG5,SIT,0.01767,3.02e-05,0.01768,0.00048,0.01675,0.01866,,-0.00023,-0.00066,0.00022,0.317333,6.5e-05,0,,,-0.00031,-0.00083,0.0002,0.249333,9e-06,0,,,
kuairand,DeepFM,NDCG5,Steck-b,0.01797,1.43e-05,0.01799,0.00047,0.01706,0.01891,,,,,,,,,,,,,,,,,,
kuairand,DeepFM,NDCG10,BASE,0.02441,0.0,0.02441,0.00052,0.02339,0.02543,,,,,,,,,,,,,,,,,,
kuairand,DeepFM,NDCG10,SIT,0.02455,1.98e-05,0.02457,0.00052,0.02352,0.02556,,0.00015,-0.00028,0.00058,0.470667,7.9e-05,5,,,-0.00036,-0.00088,0.00017,0.182667,6e-06,0,,,
kuairand,DeepFM,NDCG10,Steck-b,0.02491,2.2e-05,0.02492,0.00054,0.02391,0.02601,,,,,,,,,,,,,,,,,,
kuairand,DeepFM,NDCG20,BASE,0.03332,0.0,0.03332,0.00054,0.03229,0.03442,,,,,,,,,,,,,,,,,,
kuairand,DeepFM,NDCG20,SIT,0.03304,1.1e-05,0.03305,0.00054,0.032,0.03416,,-0.00028,-0.0007,0.00013,0.197333,1e-06,0,,,-0.00088,-0.00137,-0.00037,0.001333,0.0,0,,,1
kuairand,DeepFM,NDCG20,Steck-b,0.03393,1.15e-05,0.03393,0.00055,0.03282,0.035,,,,,,,,,,,,,,,,,,
kuairand,DeepFM,MRR_u,BASE,0.02685,0.0,0.02685,0.00062,0.0257,0.0281,,,,,,,,,,,,,,,,,,
kuairand,DeepFM,MRR_u,SIT,0.02654,1.48e-05,0.02655,0.0006,0.02549,0.02777,,-0.00031,-0.00071,0.00011,0.145333,1e-06,0,,,-0.00043,-0.00104,0.00014,0.14,0.0,0,,,
kuairand,DeepFM,MRR_u,Steck-b,0.02698,1.5e-05,0.02698,0.00061,0.02578,0.0282,,,,,,,,,,,,,,,,,,
kuairand,DeepFM,HR5_u,BASE,0.03161,0.0,0.03161,0.00101,0.02962,0.03355,,,,,,,,,,,,,,,,,,
kuairand,DeepFM,HR5_u,SIT,0.0312,9.83e-05,0.03117,0.00099,0.0292,0.03314,,-0.00042,-0.0015,0.00065,0.434667,0.0007,0,,,-0.00087,-0.00228,0.00051,0.232,1.3e-05,0,,,
kuairand,DeepFM,HR5_u,Steck-b,0.03207,2.7e-05,0.03207,0.00102,0.03016,0.0341,,,,,,,,,,,,,,,,,,
kuairand,DeepFM,HR10_u,BASE,0.05341,0.0,0.05341,0.00126,0.05098,0.05591,,,,,,,,,,,,,,,,,,
kuairand,DeepFM,HR10_u,SIT,0.05378,8.84e-05,0.05383,0.00124,0.05141,0.05629,,0.00037,-0.00086,0.00175,0.530667,0.000702,5,,,-0.00168,-0.00328,2e-05,0.054667,8e-06,0,,,
kuairand,DeepFM,HR10_u,Steck-b,0.05546,4.25e-05,0.05546,0.00129,0.05291,0.05804,,,,,,,,,,,,,,,,,,
kuairand,DeepFM,HR20_u,BASE,0.08944,0.0,0.08944,0.00162,0.08621,0.09259,,,,,,,,,,,,,,,,,,
kuairand,DeepFM,HR20_u,SIT,0.08858,0.0001314,0.08845,0.00161,0.08534,0.09166,,-0.00086,-0.00272,0.00064,0.228,0.000125,0,,,-0.00379,-0.00588,-0.00204,0.0,0.0,0,,,
kuairand,DeepFM,HR20_u,Steck-b,0.09237,0.0001002,0.09236,0.00163,0.08913,0.09572,,,,,,,,,,,,,,,,,,
kuairand,DeepFM,NDCG5_u,BASE,0.02009,0.0,0.02009,0.00069,0.01876,0.02147,,,,,,,,,,,,,,,,,,
kuairand,DeepFM,NDCG5_u,SIT,0.01979,4.28e-05,0.01979,0.00067,0.01847,0.02113,,-0.0003,-0.00085,0.00022,0.264,0.000101,0,,,-0.0003,-0.00107,0.00046,0.456,1.3e-05,0,,,
kuairand,DeepFM,NDCG5_u,Steck-b,0.02009,1.95e-05,0.02009,0.00066,0.01883,0.02142,,,,,,,,,,,,,,,,,,
kuairand,DeepFM,NDCG10_u,BASE,0.02709,0.0,0.02709,0.00072,0.02566,0.02851,,,,,,,,,,,,,,,,,,
kuairand,DeepFM,NDCG10_u,SIT,0.02703,3.51e-05,0.02705,0.00071,0.02571,0.0284,,-5e-05,-0.00057,0.00051,0.912,0.029771,0,,,-0.00055,-0.00124,0.00018,0.142667,4e-06,0,,,
kuairand,DeepFM,NDCG10_u,Steck-b,0.02759,7.1e-06,0.02759,0.00069,0.02627,0.02895,,,,,,,,,,,,,,,,,,
kuairand,DeepFM,NDCG20_u,BASE,0.03615,0.0,0.03615,0.00077,0.03468,0.03773,,,,,,,,,,,,,,,,,,
kuairand,DeepFM,NDCG20_u,SIT,0.03575,2.87e-05,0.03573,0.00076,0.03437,0.03729,,-0.00039,-0.00095,0.00016,0.146667,7e-06,0,,,-0.00109,-0.00187,-0.00047,0.002667,0.0,0,,,
kuairand,DeepFM,NDCG20_u,Steck-b,0.03684,3.34e-05,0.03684,0.00075,0.03547,0.03831,,,,,,,,,,,,,,,,,,
kuairand,DeepFM,Coverage,BASE,0.19486,0.0,0.19486,0.00277,0.17244,0.18332,,,,,,,,,,,,,,,,,,
kuairand,DeepFM,Coverage,SIT,0.22016,9.74e-05,0.22012,0.00288,0.19464,0.20597,,0.0253,0.01851,0.02634,0.0,0.0,5,,,-0.0482,-0.04899,-0.03723,0.0,0.0,0,,,
kuairand,DeepFM,Coverage,Steck-b,0.26836,0.0001947,0.26845,0.00355,0.23645,0.25016,,,,,,,,,,,,,,,,,,
kuairand,DeepFM,Gini,BASE,0.98473,0.0,0.98473,5e-05,0.98465,0.98484,,,,,,,,,,,,,,,,,,
kuairand,DeepFM,Gini,SIT,0.98151,1.83e-05,0.98152,6e-05,0.98142,0.98166,,-0.00322,-0.00326,-0.00315,0.0,0.0,0,,,0.00257,0.00247,0.00264,0.0,0.0,5,,,
kuairand,DeepFM,Gini,Steck-b,0.97895,1.54e-05,0.97896,7e-05,0.97885,0.97913,,,,,,,,,,,,,,,,,,
kuairand,DeepFM,LT20,BASE,0.00209,0.0,0.002090000081807375,9e-05,0.00191,0.00226,,,,,,,,,,,,,,,,,,
kuairand,DeepFM,LT20,SIT,0.003,1.32e-05,0.003019999945536256,0.00011,0.00281,0.00322,,0.00092,0.00082,0.00105,0.0,0.0,5,,,-0.00344,-0.00363,-0.00322,0.0,0.0,0,,,
kuairand,DeepFM,LT20,Steck-b,0.00645,1.05e-05,0.006440000142902136,0.00015,0.00616,0.00673,,,,,,,,,,,,,,,,,,
kuairand,DeepFM,JS,BASE,0.37037,0.0,0.37037,0.00056,0.36931,0.37152,,,,,,,,,,,,,,,,,,
kuairand,DeepFM,JS,SIT,0.39007,0.0004471,0.38995,0.0006,0.38878,0.39111,,0.01969,0.01878,0.02029,0.0,0.0,5,,,0.10322,0.10204,0.10389,0.0,0.0,5,,,
kuairand,DeepFM,JS,Steck-b,0.28685,0.0001345,0.28697,0.00048,0.28601,0.28788,,,,,,,,,,,,,,,,,,
kuairand,AFM,CatMRR,BASE,0.2691,0.0,0.2691,0.00146,0.26626,0.27196,,,,,,,,,,,,,,,,,,
kuairand,AFM,CatMRR,SIT,0.27807,0.0001123,0.27795,0.00151,0.27488,0.28077,,0.00896,0.00756,0.01003,0.0,0.0,5,,,-0.01199,-0.01354,-0.01069,0.0,0.0,0,,,
kuairand,AFM,CatMRR,Steck-b,0.29006,3.29e-05,0.29004,0.00151,0.28711,0.29303,,,,,,,,,,,,,,,,,,
kuairand,AFM,CatNDCG,BASE,0.36302,0.0,0.36302,0.00146,0.3601,0.3658,,,,,,,,,,,,,,,,,,
kuairand,AFM,CatNDCG,SIT,0.36466,0.000176,0.36452,0.0015,0.36147,0.36748,,0.00164,0.0004,0.00264,0.009333,3.1e-05,5,,,-0.01977,-0.02124,-0.01853,0.0,0.0,0,,,
kuairand,AFM,CatNDCG,Steck-b,0.38443,2.38e-05,0.3844,0.0015,0.38146,0.38724,,,,,,,,,,,,,,,,,,
kuairand,AFM,macroCatMRR,BASE,0.06362,0.0,0.06362,0.0008,0.06158,0.06426,,,,,,,,,,,,,,,,,,
kuairand,AFM,macroCatMRR,SIT,0.06471,7.24e-05,0.06465,0.00082,0.0625,0.06532,ridondante,0.00108,0.00064,0.00139,0.0,5e-06,5,0.0,***,-0.0065,-0.00716,-0.00582,0.0,0.0,0,0.0,***,
kuairand,AFM,macroCatMRR,Steck-b,0.07121,1.43e-05,0.0712,0.00086,0.06892,0.07201,,,,,,,,,,,,,,,,,,
kuairand,AFM,MRR,BASE,0.02045,0.0,0.02045,0.00043,0.0196,0.02132,,,,,,,,,,,,,,,,,,
kuairand,AFM,MRR,SIT,0.02057,7.5e-06,0.02057,0.00042,0.01976,0.02144,,0.00011,-0.00014,0.00035,0.353333,5e-06,5,,,-0.00038,-0.00069,-8e-05,0.010667,1e-06,0,,,
kuairand,AFM,MRR,Steck-b,0.02094,2.29e-05,0.02095,0.00041,0.02016,0.02176,,,,,,,,,,,,,,,,,,
kuairand,AFM,HR5,BASE,0.02028,0.0,0.02028,0.0006,0.01914,0.02146,,,,,,,,,,,,,,,,,,
kuairand,AFM,HR5,SIT,0.02144,2.08e-05,0.02145,0.00062,0.02031,0.02274,,0.00116,0.00055,0.00181,0.0,0.0,5,,,-0.00061,-0.00135,0.00013,0.113333,0.0,0,,,
kuairand,AFM,HR5,Steck-b,0.02205,2.54e-05,0.02206,0.00065,0.02077,0.02336,,,,,,,,,,,,,,,,,,
kuairand,AFM,HR10,BASE,0.03371,0.0,0.03371,0.00078,0.03219,0.03521,,,,,,,,,,,,,,,,,,
kuairand,AFM,HR10,SIT,0.03531,6.43e-05,0.03535,0.0008,0.0338,0.03692,,0.0016,0.00076,0.00253,0.0,1e-06,5,,,-0.00104,-0.00199,6e-05,0.062667,1.6e-05,0,,,
kuairand,AFM,HR10,Steck-b,0.03635,3.11e-05,0.03635,0.00078,0.03486,0.03792,,,,,,,,,,,,,,,,,,
kuairand,AFM,HR20,BASE,0.06309,0.0,0.06309,0.00106,0.06108,0.0652,,,,,,,,,,,,,,,,,,
kuairand,AFM,HR20,SIT,0.064,0.0001001,0.06405,0.00106,0.06206,0.06621,,0.00091,-0.00032,0.00212,0.110667,3.4e-05,5,,,-0.00183,-0.00307,-0.00037,0.009333,3e-06,0,,,1
kuairand,AFM,HR20,Steck-b,0.06584,9.5e-06,0.06583,0.00106,0.06373,0.06783,,,,,,,,,,,,,,,,,,
kuairand,AFM,NDCG5,BASE,0.01378,0.0,0.01378,0.00045,0.01288,0.01463,,,,,,,,,,,,,,,,,,
kuairand,AFM,NDCG5,SIT,0.01411,1.33e-05,0.01412,0.00045,0.01318,0.01493,,0.00033,3e-05,0.00065,0.032,1e-06,5,,,-0.00026,-0.00065,0.00013,0.186667,1e-06,0,,,
kuairand,AFM,NDCG5,Steck-b,0.01437,2.51e-05,0.01438,0.00044,0.01355,0.01522,,,,,,,,,,,,,,,,,,
kuairand,AFM,NDCG10,BASE,0.01808,0.0,0.01808,0.00047,0.01716,0.019,,,,,,,,,,,,,,,,,,
kuairand,AFM,NDCG10,SIT,0.01854,1.61e-05,0.01855,0.00047,0.01763,0.01945,,0.00046,0.00016,0.00081,0.005333,0.0,5,,,-0.0004,-0.00079,3e-05,0.058667,1.6e-05,0,,,
kuairand,AFM,NDCG10,Steck-b,0.01894,2.62e-05,0.01895,0.00047,0.01799,0.01992,,,,,,,,,,,,,,,,,,
kuairand,AFM,NDCG20,BASE,0.02538,0.0,0.02538,0.0005,0.02442,0.02642,,,,,,,,,,,,,,,,,,
kuairand,AFM,NDCG20,SIT,0.02567,2.93e-05,0.02569,0.0005,0.02474,0.02671,,0.00029,-5e-05,0.00067,0.094667,2.6e-05,5,,,-0.00063,-0.00102,-0.00019,0.009333,0.0,0,,,1
kuairand,AFM,NDCG20,Steck-b,0.0263,1.72e-05,0.0263,0.0005,0.02534,0.0273,,,,,,,,,,,,,,,,,,
kuairand,AFM,MRR_u,BASE,0.02217,0.0,0.02217,0.00057,0.02104,0.02331,,,,,,,,,,,,,,,,,,
kuairand,AFM,MRR_u,SIT,0.02216,2.9e-06,0.02216,0.00056,0.02106,0.02328,,-1e-05,-0.00035,0.00032,0.973333,0.006065,0,,,-0.00055,-0.001,-8e-05,0.017333,1e-06,0,,,
kuairand,AFM,MRR_u,Steck-b,0.02271,2.27e-05,0.02272,0.00059,0.02158,0.02386,,,,,,,,,,,,,,,,,,
kuairand,AFM,HR5_u,BASE,0.02252,0.0,0.02252,0.00083,0.02105,0.02422,,,,,,,,,,,,,,,,,,
kuairand,AFM,HR5_u,SIT,0.02351,1.89e-05,0.02352,0.00085,0.02197,0.02519,,0.00099,0.00027,0.00179,0.005333,0.0,5,,,-0.00173,-0.00281,-0.00066,0.001333,0.0,0,,,
kuairand,AFM,HR5_u,Steck-b,0.02524,2.26e-05,0.02525,0.00087,0.02352,0.0269,,,,,,,,,,,,,,,,,,
kuairand,AFM,HR10_u,BASE,0.03646,0.0,0.03646,0.00106,0.03434,0.03846,,,,,,,,,,,,,,,,,,
kuairand,AFM,HR10_u,SIT,0.03793,7.4e-05,0.03792,0.00107,0.03579,0.04007,,0.00147,0.00035,0.00263,0.009333,2e-06,5,,,-0.00174,-0.00314,-0.00035,0.017333,7e-06,0,,,
kuairand,AFM,HR10_u,Steck-b,0.03967,5.5e-05,0.03968,0.00109,0.03763,0.04182,,,,,,,,,,,,,,,,,,
kuairand,AFM,HR20_u,BASE,0.06613,0.0,0.06613,0.00134,0.06365,0.06872,,,,,,,,,,,,,,,,,,
kuairand,AFM,HR20_u,SIT,0.0667,0.0001051,0.06673,0.00139,0.06402,0.06943,,0.00057,-0.00096,0.0021,0.48,0.000267,5,,,-0.00192,-0.00378,5e-05,0.053333,3e-06,0,,,
kuairand,AFM,HR20_u,Steck-b,0.06862,7.6e-06,0.06862,0.0014,0.06588,0.07132,,,,,,,,,,,,,,,,,,
kuairand,AFM,NDCG5_u,BASE,0.01568,0.0,0.01568,0.00063,0.01445,0.0169,,,,,,,,,,,,,,,,,,
kuairand,AFM,NDCG5_u,SIT,0.01584,1.13e-05,0.01585,0.00063,0.01466,0.01712,,0.00016,-0.00024,0.00056,0.46,6e-06,5,,,-0.00074,-0.00135,-0.00016,0.008,0.0,0,,,
kuairand,AFM,NDCG5_u,Steck-b,0.01658,2.15e-05,0.01659,0.00064,0.01534,0.01785,,,,,,,,,,,,,,,,,,
kuairand,AFM,NDCG10_u,BASE,0.02011,0.0,0.02011,0.00065,0.01889,0.02142,,,,,,,,,,,,,,,,,,
kuairand,AFM,NDCG10_u,SIT,0.02044,1.85e-05,0.02044,0.00065,0.01924,0.02175,,0.00034,-0.0001,0.0008,0.145333,2e-06,5,,,-0.00073,-0.00134,-0.00014,0.016,6e-06,0,,,
kuairand,AFM,NDCG10_u,Steck-b,0.02118,3.27e-05,0.02118,0.00067,0.01986,0.02247,,,,,,,,,,,,,,,,,,
kuairand,AFM,NDCG20_u,BASE,0.02747,0.0,0.02747,0.00068,0.02609,0.02887,,,,,,,,,,,,,,,,,,
kuairand,AFM,NDCG20_u,SIT,0.02757,2.54e-05,0.02758,0.00067,0.02626,0.0289,,0.0001,-0.00037,0.00055,0.64,0.00109,5,,,-0.00084,-0.00144,-0.00027,0.001333,0.0,0,,,
kuairand,AFM,NDCG20_u,Steck-b,0.02841,1.69e-05,0.02841,0.00069,0.02704,0.02972,,,,,,,,,,,,,,,,,,
kuairand,AFM,Coverage,BASE,0.06336,0.0,0.06336,0.00061,0.06031,0.0627,,,,,,,,,,,,,,,,,,
kuairand,AFM,Coverage,SIT,0.08482,0.0001193,0.08491,0.00096,0.0799,0.0835,,0.02147,0.01829,0.02199,0.0,0.0,5,,,-0.02587,-0.02482,-0.01872,0.0,0.0,0,,,
kuairand,AFM,Coverage,Steck-b,0.11069,0.0001193,0.1106,0.00145,0.10069,0.10647,,,,,,,,,,,,,,,,,,
kuairand,AFM,Gini,BASE,0.98898,0.0,0.98898,3e-05,0.98892,0.98904,,,,,,,,,,,,,,,,,,
kuairand,AFM,Gini,SIT,0.9873,5.5e-06,0.98731,3e-05,0.98724,0.98738,,-0.00168,-0.00169,-0.00166,0.0,0.0,0,,,0.00055,0.00052,0.00058,0.0,0.0,5,,,
kuairand,AFM,Gini,Steck-b,0.98675,5.6e-06,0.98675,4e-05,0.98669,0.98683,,,,,,,,,,,,,,,,,,
kuairand,AFM,LT20,BASE,0.00108,0.0,0.00107999995816499,4e-05,0.001,0.00115,,,,,,,,,,,,,,,,,,
kuairand,AFM,LT20,SIT,0.00112,4.3e-06,0.0011099999537691474,4e-05,0.00103,0.0012,,4e-05,-3e-05,0.00011,0.308,3.2e-05,5,,,-0.0003,-0.0004,-0.00022,0.0,0.0,0,,,
kuairand,AFM,LT20,Steck-b,0.00142,2.4e-06,0.0014199999859556556,5e-05,0.00133,0.00152,,,,,,,,,,,,,,,,,,
kuairand,AFM,JS,BASE,0.343,0.0,0.343,0.00048,0.34201,0.34392,,,,,,,,,,,,,,,,,,
kuairand,AFM,JS,SIT,0.34836,2.82e-05,0.34837,0.00051,0.34741,0.34938,,0.00536,0.00472,0.00602,0.0,0.0,5,,,0.10702,0.10608,0.10769,0.0,0.0,5,,,
kuairand,AFM,JS,Steck-b,0.24135,0.0001541,0.2415,0.00043,0.24066,0.24235,,,,,,,,,,,,,,,,,,
kuairand,FPMC,CatMRR,BASE,0.28464,0.0,0.28464,0.0015,0.28162,0.28744,,,,,,,,,,,,,,,,,,
kuairand,FPMC,CatMRR,SIT,0.28512,2.55e-05,0.28513,0.00151,0.28219,0.28804,,0.00048,-0.00018,0.00117,0.138667,2e-06,5,,,-0.00182,-0.00275,-0.00082,0.0,0.0,0,,,
kuairand,FPMC,CatMRR,Steck-b,0.28694,1.84e-05,0.28693,0.00152,0.28398,0.28998,,,,,,,,,,,,,,,,,,
kuairand,FPMC,CatNDCG,BASE,0.378,0.0,0.378,0.00145,0.37505,0.38072,,,,,,,,,,,,,,,,,,
kuairand,FPMC,CatNDCG,SIT,0.3777,1.7e-05,0.37771,0.00147,0.3747,0.38056,,-0.0003,-0.00085,0.00028,0.318667,3e-06,0,,,0.00013,-0.00061,0.00097,0.704,0.001733,5,,,
kuairand,FPMC,CatNDCG,Steck-b,0.37757,2.6e-05,0.37755,0.0015,0.37465,0.38065,,,,,,,,,,,,,,,,,,
kuairand,FPMC,macroCatMRR,BASE,0.10074,0.0,0.10074,0.0016,0.0967,0.10294,,,,,,,,,,,,,,,,,,
kuairand,FPMC,macroCatMRR,SIT,0.10093,3.63e-05,0.10094,0.00159,0.09694,0.10316,nullo,0.00019,-0.00023,0.00066,0.409333,0.000309,5,1.0,,-0.00156,-0.00246,-0.0006,0.002667,0.0,0,0.02667,*,
kuairand,FPMC,macroCatMRR,Steck-b,0.10248,9.4e-06,0.10248,0.00166,0.09836,0.10474,,,,,,,,,,,,,,,,,,
kuairand,FPMC,MRR,BASE,0.02457,0.0,0.02457,0.00043,0.02373,0.02539,,,,,,,,,,,,,,,,,,
kuairand,FPMC,MRR,SIT,0.02449,3.4e-06,0.02449,0.00043,0.02364,0.02528,,-7e-05,-0.00021,6e-05,0.249333,1e-06,0,,,-0.00038,-0.00061,-0.00016,0.0,0.0,0,,,
kuairand,FPMC,MRR,Steck-b,0.02487,4.1e-06,0.02487,0.00043,0.0241,0.02578,,,,,,,,,,,,,,,,,,
kuairand,FPMC,HR5,BASE,0.02725,0.0,0.02725,0.00071,0.02589,0.02863,,,,,,,,,,,,,,,,,,
kuairand,FPMC,HR5,SIT,0.0271,0.0,0.0271,0.00072,0.0257,0.02849,,-0.00015,-0.00057,0.00024,0.505333,,0,,,-0.00082,-0.00137,-0.00027,0.002667,,0,,,
kuairand,FPMC,HR5,Steck-b,0.02792,0.0,0.02792,0.00072,0.02656,0.02937,,,,,,,,,,,,,,,,,,
kuairand,FPMC,HR10,BASE,0.04894,0.0,0.04894,0.00095,0.04716,0.05087,,,,,,,,,,,,,,,,,,
kuairand,FPMC,HR10,SIT,0.04901,4.74e-05,0.04905,0.00094,0.04727,0.05095,,7e-05,-0.0004,0.00063,0.613333,0.035168,5,,,-0.00036,-0.00102,0.00037,0.396,3.7e-05,0,,,
kuairand,FPMC,HR10,Steck-b,0.04936,1.59e-05,0.04937,0.00098,0.0475,0.05132,,,,,,,,,,,,,,,,,,
kuairand,FPMC,HR20,BASE,0.08321,0.0,0.08321,0.00121,0.08082,0.08547,,,,,,,,,,,,,,,,,,
kuairand,FPMC,HR20,SIT,0.08364,4.31e-05,0.08359,0.00122,0.08115,0.08592,,0.00043,-0.00021,0.00099,0.194667,2.4e-05,5,,,-0.0005,-0.00137,0.00036,0.229333,1e-06,0,,,1
kuairand,FPMC,HR20,Steck-b,0.08414,1.9e-05,0.08412,0.0012,0.08187,0.08656,,,,,,,,,,,,,,,,,,
kuairand,FPMC,NDCG5,BASE,0.01703,0.0,0.01703,0.00048,0.01611,0.01795,,,,,,,,,,,,,,,,,,
kuairand,FPMC,NDCG5,SIT,0.01691,3.1e-06,0.01691,0.00048,0.01602,0.01784,,-0.00012,-0.00031,7e-05,0.212,0.0,0,,,-0.0005,-0.00078,-0.00022,0.0,0.0,0,,,
kuairand,FPMC,NDCG5,Steck-b,0.01741,3.1e-06,0.01741,0.00047,0.01649,0.01829,,,,,,,,,,,,,,,,,,
kuairand,FPMC,NDCG10,BASE,0.02398,0.0,0.02398,0.0005,0.02301,0.02499,,,,,,,,,,,,,,,,,,
kuairand,FPMC,NDCG10,SIT,0.02393,1.12e-05,0.02394,0.00049,0.023,0.02493,,-5e-05,-0.00023,0.00013,0.645333,0.000414,0,,,-0.00036,-0.00061,-9e-05,0.009333,0.0,0,,,
kuairand,FPMC,NDCG10,Steck-b,0.02428,7.6e-06,0.02428,0.00053,0.02328,0.02533,,,,,,,,,,,,,,,,,,
kuairand,FPMC,NDCG20,BASE,0.03258,0.0,0.03258,0.00052,0.0316,0.03361,,,,,,,,,,,,,,,,,,
kuairand,FPMC,NDCG20,SIT,0.03261,1.12e-05,0.0326,0.00052,0.03159,0.03362,,3e-05,-0.00015,0.00019,0.893333,0.006418,5,,,-0.0004,-0.00067,-0.00014,0.0,0.0,0,,,1
kuairand,FPMC,NDCG20,Steck-b,0.03301,4.9e-06,0.03301,0.00056,0.03185,0.03409,,,,,,,,,,,,,,,,,,
kuairand,FPMC,MRR_u,BASE,0.02661,0.0,0.02661,0.0006,0.02548,0.02777,,,,,,,,,,,,,,,,,,
kuairand,FPMC,MRR_u,SIT,0.02653,4.7e-06,0.02653,0.0006,0.02536,0.02769,,-8e-05,-0.00025,8e-05,0.304,3e-06,0,,,-0.00079,-0.0012,-0.00046,0.0,0.0,0,,,
kuairand,FPMC,MRR_u,Steck-b,0.02732,1.26e-05,0.02732,0.00063,0.0261,0.02859,,,,,,,,,,,,,,,,,,
kuairand,FPMC,HR5_u,BASE,0.02991,0.0,0.02991,0.00097,0.02802,0.03178,,,,,,,,,,,,,,,,,,
kuairand,FPMC,HR5_u,SIT,0.02979,4.27e-05,0.02978,0.00098,0.02788,0.03168,,-0.00012,-0.00066,0.00044,0.658667,0.003686,0,,,-0.00149,-0.00233,-0.00064,0.002667,0.0,0,,,
kuairand,FPMC,HR5_u,Steck-b,0.03128,3.8e-06,0.03128,0.00098,0.0294,0.03336,,,,,,,,,,,,,,,,,,
kuairand,FPMC,HR10_u,BASE,0.05379,0.0,0.05379,0.00129,0.0514,0.05625,,,,,,,,,,,,,,,,,,
kuairand,FPMC,HR10_u,SIT,0.05393,1.36e-05,0.05394,0.0013,0.05154,0.05656,,0.00014,-0.00054,0.00084,0.702667,2.1e-05,5,,,-6e-05,-0.00112,0.00103,0.965333,0.097503,0,,,
kuairand,FPMC,HR10_u,Steck-b,0.05399,4.53e-05,0.05397,0.00125,0.05159,0.0564,,,,,,,,,,,,,,,,,,
kuairand,FPMC,HR20_u,BASE,0.09055,0.0,0.09055,0.00161,0.08748,0.09379,,,,,,,,,,,,,,,,,,
kuairand,FPMC,HR20_u,SIT,0.09101,5.88e-05,0.09096,0.00161,0.08787,0.09411,,0.00046,-0.00041,0.00122,0.321333,6.5e-05,5,,,-3e-05,-0.00121,0.0011,0.944,0.284857,2,,,
kuairand,FPMC,HR20_u,Steck-b,0.09103,2.19e-05,0.09101,0.00162,0.08788,0.09417,,,,,,,,,,,,,,,,,,
kuairand,FPMC,NDCG5_u,BASE,0.01883,0.0,0.01883,0.00064,0.01758,0.02009,,,,,,,,,,,,,,,,,,
kuairand,FPMC,NDCG5_u,SIT,0.01872,1.76e-05,0.01872,0.00064,0.01745,0.01998,,-0.00011,-0.00036,0.00013,0.342667,0.000177,0,,,-0.00105,-0.00148,-0.0006,0.0,0.0,0,,,
kuairand,FPMC,NDCG5_u,Steck-b,0.01977,6.8e-06,0.01976,0.0007,0.01837,0.02114,,,,,,,,,,,,,,,,,,
kuairand,FPMC,NDCG10_u,BASE,0.02649,0.0,0.02649,0.0007,0.02513,0.02791,,,,,,,,,,,,,,,,,,
kuairand,FPMC,NDCG10_u,SIT,0.02644,5.2e-06,0.02644,0.0007,0.02513,0.02783,,-5e-05,-0.00029,0.00018,0.686667,3.2e-05,0,,,-0.00061,-0.00102,-0.00014,0.008,1e-06,0,,,
kuairand,FPMC,NDCG10_u,Steck-b,0.02705,2.23e-05,0.02704,0.0007,0.02565,0.02842,,,,,,,,,,,,,,,,,,
kuairand,FPMC,NDCG20_u,BASE,0.03572,0.0,0.03572,0.00073,0.03431,0.03715,,,,,,,,,,,,,,,,,,
kuairand,FPMC,NDCG20_u,SIT,0.03573,1.58e-05,0.03572,0.00073,0.03431,0.03712,,1e-05,-0.00024,0.00024,0.930667,0.136762,5,,,-0.00063,-0.00105,-0.00024,0.001333,0.0,0,,,
kuairand,FPMC,NDCG20_u,Steck-b,0.03637,1.23e-05,0.03636,0.00079,0.03479,0.03789,,,,,,,,,,,,,,,,,,
kuairand,FPMC,Coverage,BASE,0.79904,0.0,0.79904,0.00191,0.774,0.78152,,,,,,,,,,,,,,,,,,
kuairand,FPMC,Coverage,SIT,0.80205,0.0002385,0.80187,0.00197,0.77607,0.7838,,0.003,-0.00022,0.00479,0.08,9e-06,5,,,-0.00753,-0.011,-0.00457,0.0,1e-06,0,,,
kuairand,FPMC,Coverage,Steck-b,0.80958,0.0001947,0.80949,0.0019,0.78402,0.79142,,,,,,,,,,,,,,,,,,
kuairand,FPMC,Gini,BASE,0.71031,0.0,0.71031,0.00053,0.70972,0.71175,,,,,,,,,,,,,,,,,,
kuairand,FPMC,Gini,SIT,0.71043,1.99e-05,0.71044,0.00052,0.70985,0.71187,,0.00011,-2e-05,0.00028,0.102667,0.000212,5,,,0.00277,0.00254,0.00297,0.0,0.0,5,,,
kuairand,FPMC,Gini,Steck-b,0.70766,8.8e-06,0.70767,0.00053,0.70703,0.70914,,,,,,,,,,,,,,,,,,
kuairand,FPMC,LT20,BASE,0.28957,0.0,0.28957000374794006,0.00083,0.28783,0.29109,,,,,,,,,,,,,,,,,,
kuairand,FPMC,LT20,SIT,0.28943,1.93e-05,0.2894200086593628,0.00083,0.28768,0.29095,,-0.00014,-0.0004,0.0001,0.236,8.4e-05,0,,,-0.00446,-0.00481,-0.00411,0.0,0.0,0,,,
kuairand,FPMC,LT20,Steck-b,0.29389,1.39e-05,0.2938700020313263,0.00085,0.29227,0.29552,,,,,,,,,,,,,,,,,,
kuairand,FPMC,JS,BASE,0.28284,0.0,0.28284,0.00044,0.28198,0.28369,,,,,,,,,,,,,,,,,,
kuairand,FPMC,JS,SIT,0.28418,4.58e-05,0.28415,0.00045,0.28326,0.28501,,0.00134,0.00108,0.00153,0.0,0.0,5,,,0.02967,0.0292,0.02999,0.0,0.0,5,,,
kuairand,FPMC,JS,Steck-b,0.25451,6.41e-05,0.25455,0.00041,0.25374,0.25536,,,,,,,,,,,,,,,,,,
kuairand,SASRec,CatMRR,BASE,0.29384,0.0,0.29384,0.00151,0.29088,0.29679,,,,,,,,,,,,,,,,,,
kuairand,SASRec,CatMRR,SIT,0.29325,5.06e-05,0.29324,0.00152,0.29021,0.29622,,-0.00059,-0.00126,7e-05,0.074667,1.3e-05,0,,,-0.00191,-0.00269,-0.00119,0.0,0.0,0,,,
kuairand,SASRec,CatMRR,Steck-b,0.29516,1.88e-05,0.29516,0.00156,0.29208,0.29835,,,,,,,,,,,,,,,,,,
kuairand,SASRec,CatNDCG,BASE,0.38684,0.0,0.38684,0.00146,0.38391,0.38957,,,,,,,,,,,,,,,,,,
kuairand,SASRec,CatNDCG,SIT,0.38545,2.66e-05,0.38543,0.00147,0.38253,0.38824,,-0.00139,-0.00196,-0.00082,0.0,0.0,0,,,-0.00134,-0.00199,-0.0007,0.0,0.0,0,,,
kuairand,SASRec,CatNDCG,Steck-b,0.38679,1.16e-05,0.38679,0.00154,0.3837,0.38985,,,,,,,,,,,,,,,,,,
kuairand,SASRec,macroCatMRR,BASE,0.11197,0.0,0.11197,0.00196,0.10739,0.11517,,,,,,,,,,,,,,,,,,
kuairand,SASRec,macroCatMRR,SIT,0.11147,4.14e-05,0.11144,0.00195,0.10691,0.11471,nullo,-0.0005,-0.001,-0.00011,0.010667,1.1e-05,0,0.085336,,-0.00098,-0.00155,-0.00046,0.001333,1e-06,0,0.015996,*,
kuairand,SASRec,macroCatMRR,Steck-b,0.11245,2.31e-05,0.11246,0.00201,0.10785,0.11574,,,,,,,,,,,,,,,,,,
kuairand,SASRec,MRR,BASE,0.03041,0.0,0.03041,0.00049,0.02944,0.03136,,,,,,,,,,,,,,,,,,
kuairand,SASRec,MRR,SIT,0.03045,1.08e-05,0.03046,0.00049,0.0295,0.03142,,4e-05,-0.0001,0.0002,0.529333,0.001032,5,,,-0.00017,-0.00035,1e-05,0.065333,1e-06,0,,,
kuairand,SASRec,MRR,Steck-b,0.03061,3.1e-06,0.03062,0.00048,0.02966,0.03158,,,,,,,,,,,,,,,,,,
kuairand,SASRec,HR5,BASE,0.0331,0.0,0.0331,0.00079,0.03161,0.0346,,,,,,,,,,,,,,,,,,
kuairand,SASRec,HR5,SIT,0.03323,2.54e-05,0.03322,0.00079,0.03174,0.03477,,0.00013,-0.00037,0.00058,0.610667,0.000352,5,,,-0.00034,-0.00086,0.00017,0.210667,2.3e-05,0,,,
kuairand,SASRec,HR5,Steck-b,0.03357,8.5e-06,0.03358,0.00078,0.03205,0.0351,,,,,,,,,,,,,,,,,,
kuairand,SASRec,HR10,BASE,0.05844,0.0,0.05844,0.00099,0.05644,0.06043,,,,,,,,,,,,,,,,,,
kuairand,SASRec,HR10,SIT,0.05903,3.55e-05,0.05907,0.00099,0.05702,0.06099,,0.00059,6e-05,0.00123,0.028,3e-06,5,,,4e-05,-0.00059,0.00078,0.865333,0.07513,4,,,
kuairand,SASRec,HR10,Steck-b,0.05899,1.9e-05,0.05901,0.00103,0.05699,0.0611,,,,,,,,,,,,,,,,,,
kuairand,SASRec,HR20,BASE,0.10163,0.0,0.10163,0.00129,0.09903,0.10412,,,,,,,,,,,,,,,,,,
kuairand,SASRec,HR20,SIT,0.10209,4.52e-05,0.10212,0.00132,0.09942,0.10458,,0.00046,-0.00019,0.00114,0.16,2.2e-05,5,,,8e-05,-0.00073,0.00094,0.84,0.000225,5,,,1
kuairand,SASRec,HR20,Steck-b,0.10202,3.39e-05,0.10203,0.00134,0.09943,0.10462,,,,,,,,,,,,,,,,,,
kuairand,SASRec,NDCG5,BASE,0.02108,0.0,0.02108,0.00055,0.02003,0.02217,,,,,,,,,,,,,,,,,,
kuairand,SASRec,NDCG5,SIT,0.02112,4e-06,0.02113,0.00054,0.02007,0.02217,,4e-05,-0.00017,0.00024,0.701333,2.1e-05,5,,,-0.00024,-0.00051,2e-05,0.074667,0.0,0,,,
kuairand,SASRec,NDCG5,Steck-b,0.02136,5.7e-06,0.02136,0.00054,0.02031,0.0224,,,,,,,,,,,,,,,,,,
kuairand,SASRec,NDCG10,BASE,0.02922,0.0,0.02922,0.00055,0.02817,0.03035,,,,,,,,,,,,,,,,,,
kuairand,SASRec,NDCG10,SIT,0.02939,1.74e-05,0.02941,0.00055,0.0284,0.03055,,0.00017,-2e-05,0.0004,0.08,2.4e-05,5,,,-0.00011,-0.00036,0.00016,0.426667,7.4e-05,0,,,
kuairand,SASRec,NDCG10,Steck-b,0.0295,4.6e-06,0.02951,0.00056,0.02841,0.0306,,,,,,,,,,,,,,,,,,
kuairand,SASRec,NDCG20,BASE,0.04003,0.0,0.04003,0.00061,0.03886,0.04123,,,,,,,,,,,,,,,,,,
kuairand,SASRec,NDCG20,SIT,0.04018,1.81e-05,0.04019,0.0006,0.03903,0.04142,,0.00014,-4e-05,0.00035,0.116,6.2e-05,5,,,-9e-05,-0.0003,0.00015,0.488,3e-05,0,,,1
kuairand,SASRec,NDCG20,Steck-b,0.04027,9.6e-06,0.04027,0.00061,0.03914,0.04149,,,,,,,,,,,,,,,,,,
kuairand,SASRec,MRR_u,BASE,0.03357,0.0,0.03357,0.00067,0.03228,0.03488,,,,,,,,,,,,,,,,,,
kuairand,SASRec,MRR_u,SIT,0.03359,7.8e-06,0.0336,0.00067,0.0323,0.0349,,2e-05,-0.00019,0.00026,0.784,0.002259,5,,,-0.00021,-0.00049,9e-05,0.177333,0.0,0,,,
kuairand,SASRec,MRR_u,Steck-b,0.0338,3.6e-06,0.0338,0.00067,0.03245,0.03504,,,,,,,,,,,,,,,,,,
kuairand,SASRec,HR5_u,BASE,0.03738,0.0,0.03738,0.00107,0.03531,0.03943,,,,,,,,,,,,,,,,,,
kuairand,SASRec,HR5_u,SIT,0.03793,1.06e-05,0.03792,0.00109,0.03578,0.04002,,0.00055,-0.00013,0.00116,0.117333,0.0,5,,,0.0001,-0.00068,0.00088,0.816,1.3e-05,5,,,
kuairand,SASRec,HR5_u,Steck-b,0.03783,1.32e-05,0.03784,0.00109,0.03572,0.03998,,,,,,,,,,,,,,,,,,
kuairand,SASRec,HR10_u,BASE,0.0654,0.0,0.0654,0.00142,0.06255,0.06822,,,,,,,,,,,,,,,,,,
kuairand,SASRec,HR10_u,SIT,0.06624,4.76e-05,0.06628,0.00141,0.06357,0.06907,,0.00083,0.00011,0.00166,0.024,3e-06,5,,,0.00013,-0.00079,0.00117,0.762667,0.000192,5,,,
kuairand,SASRec,HR10_u,Steck-b,0.06611,3.26e-05,0.06615,0.00141,0.0634,0.06889,,,,,,,,,,,,,,,,,,
kuairand,SASRec,HR20_u,BASE,0.11268,0.0,0.11268,0.00179,0.10914,0.11626,,,,,,,,,,,,,,,,,,
kuairand,SASRec,HR20_u,SIT,0.11326,5.75e-05,0.1133,0.00178,0.10974,0.1168,,0.00058,-0.00028,0.00149,0.166667,2.3e-05,5,,,-0.0001,-0.00121,0.00101,0.888,0.005111,0,,,
kuairand,SASRec,HR20_u,Steck-b,0.11336,2e-05,0.11337,0.0018,0.10988,0.11699,,,,,,,,,,,,,,,,,,
kuairand,SASRec,NDCG5_u,BASE,0.02378,0.0,0.02378,0.00075,0.02232,0.02522,,,,,,,,,,,,,,,,,,
kuairand,SASRec,NDCG5_u,SIT,0.02396,1.01e-05,0.02397,0.00076,0.02251,0.02542,,0.00018,-0.00015,0.0005,0.244,2e-06,5,,,-0.00011,-0.00048,0.00026,0.548,0.0,0,,,
kuairand,SASRec,NDCG5_u,Steck-b,0.02407,8e-06,0.02408,0.00076,0.02262,0.02563,,,,,,,,,,,,,,,,,,
kuairand,SASRec,NDCG10_u,BASE,0.03279,0.0,0.03279,0.0008,0.03131,0.03439,,,,,,,,,,,,,,,,,,
kuairand,SASRec,NDCG10_u,SIT,0.03302,1.62e-05,0.03304,0.00079,0.03158,0.03465,,0.00023,-3e-05,0.00052,0.088,6e-06,5,,,-0.00011,-0.00047,0.00027,0.601333,8e-06,0,,,
kuairand,SASRec,NDCG10_u,Steck-b,0.03313,9.1e-06,0.03314,0.00081,0.0316,0.03473,,,,,,,,,,,,,,,,,,
kuairand,SASRec,NDCG20_u,BASE,0.04464,0.0,0.04464,0.00085,0.04311,0.04638,,,,,,,,,,,,,,,,,,
kuairand,SASRec,NDCG20_u,SIT,0.04479,1.9e-05,0.04481,0.00085,0.04329,0.04652,,0.00015,-0.00011,0.00044,0.221333,5.6e-05,5,,,-0.00016,-0.00051,0.00021,0.410667,8e-06,0,,,
kuairand,SASRec,NDCG20_u,Steck-b,0.04495,6.9e-06,0.04496,0.00085,0.04334,0.04664,,,,,,,,,,,,,,,,,,
kuairand,SASRec,Coverage,BASE,0.71195,0.0,0.71195,0.00216,0.67929,0.68779,,,,,,,,,,,,,,,,,,
kuairand,SASRec,Coverage,SIT,0.71317,0.0001193,0.71326,0.00213,0.6806,0.68887,,0.00122,-0.00022,0.00327,0.116,2.2e-05,5,,,-9e-05,-0.00174,0.00239,0.842667,0.177808,0,,,
kuairand,SASRec,Coverage,Steck-b,0.71326,0.0,0.71326,0.00214,0.6806,0.68887,,,,,,,,,,,,,,,,,,
kuairand,SASRec,Gini,BASE,0.83037,0.0,0.83037,0.00034,0.82996,0.83135,,,,,,,,,,,,,,,,,,
kuairand,SASRec,Gini,SIT,0.82995,5.9e-06,0.82996,0.00035,0.82954,0.83093,,-0.00042,-0.00053,-0.0003,0.0,0.0,0,,,0.00138,0.00125,0.00151,0.0,0.0,5,,,
kuairand,SASRec,Gini,Steck-b,0.82858,4.5e-06,0.82858,0.00035,0.82812,0.82948,,,,,,,,,,,,,,,,,,
kuairand,SASRec,LT20,BASE,0.38296,0.0,0.3829599916934967,0.00073,0.38155,0.38443,,,,,,,,,,,,,,,,,,
kuairand,SASRec,LT20,SIT,0.38181,1.05e-05,0.38179999589920044,0.00073,0.3804,0.38324,,-0.00114,-0.00142,-0.00089,0.0,0.0,0,,,-0.00326,-0.00358,-0.00296,0.0,0.0,0,,,
kuairand,SASRec,LT20,Steck-b,0.38507,1.7e-06,0.38506999611854553,0.00073,0.38357,0.38644,,,,,,,,,,,,,,,,,,
kuairand,SASRec,JS,BASE,0.29072,0.0,0.29072,0.00046,0.28982,0.29159,,,,,,,,,,,,,,,,,,
kuairand,SASRec,JS,SIT,0.29267,4.85e-05,0.29265,0.00046,0.29173,0.29354,,0.00195,0.0017,0.00216,0.0,0.0,5,,,0.01768,0.01735,0.01794,0.0,0.0,5,,,
kuairand,SASRec,JS,Steck-b,0.27499,4.13e-05,0.27501,0.00044,0.27415,0.27587,,,,,,,,,,,,,,,,,,
