city,seed,backbone,phase,K,eps,kappa,gating,boundary_frac,macroCatMRR,CatMRR,HR20,NDCG20,Coverage,Gini,LT20
ml1m,42,B_blind,kappa,5,0.03,0.0,double,0.2423,0.12647804061904258,0.35961871698587405,0.06087511188386712,0.02313640038643617,0.6717791411042945,0.7451459563351057,0.23823033
ml1m,42,B_blind,kappa,5,0.03,0.05,double,0.2423,0.1286987064466906,0.36439587701287474,0.06146153767014064,0.023352129610149566,0.6751533742331288,0.7444853499906616,0.23888928
ml1m,42,B_blind,kappa,5,0.03,0.1,double,0.2423,0.13089302927051938,0.36918640274672415,0.061975946254591095,0.023575842784839502,0.6745398773006135,0.7431256803684705,0.2410143
ml1m,42,B_blind,kappa,5,0.03,0.25,double,0.2423,0.1356368234298987,0.3789996250754735,0.06308706879700408,0.024043356998820212,0.6877300613496933,0.7394036666412722,0.24562699
ml1m,42,B_blind,kappa,5,0.03,0.5,double,0.2423,0.14032229488891484,0.3847889590127849,0.06484634615582464,0.024644971495335306,0.7079754601226994,0.7306597962298205,0.2571292
ml1m,42,B_blind,kappa,5,0.03,1.0,double,0.2423,0.14302299306724436,0.3768925434159853,0.0660191977283717,0.024983351306275825,0.7386503067484662,0.7137882869102201,0.28147563
ml1m,42,B_blind,kappa,5,0.03,1.5,double,0.2423,0.1422963766353481,0.3650271973077773,0.06631755470735295,0.024983264585293374,0.75,0.705796649110922,0.30029988
ml1m,42,B_blind,kappa,5,0.03,0.0,single,0.2423,0.12647804061904258,0.35961871698587405,0.06087511188386712,0.02313640038643617,0.6717791411042945,0.7451459563351057,0.23823033
ml1m,42,B_blind,kappa,5,0.03,0.05,single,0.2423,0.12888522172200173,0.3645397349196812,0.06150269035689668,0.02336571232231391,0.6745398773006135,0.7444400700428826,0.23890778
ml1m,42,B_blind,kappa,5,0.03,0.1,single,0.2423,0.13125639970990835,0.369035752063323,0.06201709894134713,0.02358572086163244,0.6748466257668712,0.7428933617749733,0.24143302
ml1m,42,B_blind,kappa,5,0.03,0.25,single,0.2423,0.13624540268278948,0.3781260277523776,0.06306649245362607,0.024015518181245282,0.6877300613496933,0.7386891644786417,0.24671502
ml1m,42,B_blind,kappa,5,0.03,0.5,single,0.2423,0.14111520739661837,0.38261580102391934,0.06511383861973889,0.024665460596161728,0.7101226993865031,0.7289013750614843,0.25973624
ml1m,42,B_blind,kappa,5,0.03,1.0,single,0.2423,0.14535988702980396,0.3695877889732844,0.06599862138499367,0.024935330207309488,0.7392638036809815,0.7113768142606935,0.28757498
ml1m,42,B_blind,kappa,5,0.03,1.5,single,0.2423,0.1436674312747351,0.35449296344001663,0.0655870945174333,0.024695716849568443,0.7515337423312883,0.7037936667403668,0.30915803
ml1m,42,EASE,kappa,5,0.03,0.0,double,0.2423,0.12939490074495386,0.3754534444626602,0.06893760909748728,0.026030772680193826,0.36319018404907977,0.9323181150655631,0.010699699
ml1m,42,EASE,kappa,5,0.03,0.05,double,0.2423,0.13799701806556883,0.39535890642259847,0.07233613514542331,0.02711454260166871,0.4076687116564417,0.9284248231617924,0.013370507
ml1m,42,EASE,kappa,5,0.03,0.1,double,0.2423,0.1422529013514449,0.40099790645981453,0.07291570215057082,0.027335996684035115,0.42484662576687116,0.9222808273861283,0.017311906
ml1m,42,EASE,kappa,5,0.03,0.25,double,0.2423,0.1409953866739061,0.3749089190197822,0.07062315455920329,0.02651616914921521,0.4377300613496933,0.9059614533134444,0.03497824
ml1m,42,EASE,kappa,5,0.03,0.5,double,0.2423,0.13877840600856586,0.3501022125058168,0.06589059558225907,0.024857971632878017,0.43282208588957055,0.8945923513944605,0.07250949
ml1m,42,EASE,kappa,5,0.03,1.0,double,0.2423,0.13704450415309702,0.3235221249847434,0.059222145632499654,0.022535665575981627,0.42392638036809815,0.8910336917425177,0.1280857
ml1m,42,EASE,kappa,5,0.03,1.5,double,0.2423,0.1348895385912328,0.3022957267587041,0.055765319944992585,0.021294966957589513,0.42024539877300615,0.8923903923119711,0.17112829
ml1m,42,EASE,kappa,5,0.03,0.0,single,0.2423,0.12939490074495386,0.3754534444626602,0.06893760909748728,0.026030772680193826,0.36319018404907977,0.9323181150655631,0.010699699
ml1m,42,EASE,kappa,5,0.03,0.05,single,0.2423,0.13846558983498788,0.3944741516022898,0.07258305126595953,0.02718167150287596,0.40950920245398775,0.92815919613907,0.013659092
ml1m,42,EASE,kappa,5,0.03,0.1,single,0.2423,0.14336011253273154,0.3985559035855669,0.07279738817614721,0.02735348169445389,0.4269938650306748,0.9215571930509774,0.018143706
ml1m,42,EASE,kappa,5,0.03,0.25,single,0.2423,0.1425168566619869,0.36509810964973977,0.06938857395652219,0.02602762043888766,0.4414110429447853,0.904872999463437,0.037866645
ml1m,42,EASE,kappa,5,0.03,0.5,single,0.2423,0.14134907708920208,0.33281779599294137,0.06324653545818372,0.023921448862555105,0.43650306748466255,0.894358485472565,0.080232315
ml1m,42,EASE,kappa,5,0.03,1.0,single,0.2423,0.13565814143391364,0.30685635121456384,0.05651121239244575,0.021565232745573277,0.42392638036809815,0.8908688067494446,0.14724533
ml1m,42,EASE,kappa,5,0.03,1.5,single,0.2423,0.13249711170171283,0.2860755619853509,0.05333216734054192,0.020325452906695497,0.4147239263803681,0.892307389173195,0.19758743
ml1m,42,AFM,kappa,5,0.03,0.0,double,0.2423,0.21024525072491407,0.4306562232586529,0.08825022205303894,0.03443995951214658,0.36073619631901843,0.930159838423948,0.04815533
ml1m,42,AFM,kappa,5,0.03,0.05,double,0.2423,0.21413153716014915,0.43623807610075327,0.08904927005421867,0.03469360590255921,0.36257668711656443,0.9290644504724574,0.049105443
ml1m,42,AFM,kappa,5,0.03,0.1,double,0.2423,0.2162699619619095,0.43848092316950915,0.08991347647609543,0.034949257359218035,0.36226993865030677,0.9277702757930617,0.050282415
ml1m,42,AFM,kappa,5,0.03,0.25,double,0.2423,0.2199784576107443,0.440201362924423,0.09047418183314643,0.03509226292149179,0.3696319018404908,0.9232831998511433,0.05362401
ml1m,42,AFM,kappa,5,0.03,0.5,double,0.2423,0.21346162643020747,0.4253416282235103,0.0889909704146476,0.0342561665882153,0.3843558282208589,0.9154249567186714,0.05889618
ml1m,42,AFM,kappa,5,0.03,1.0,double,0.2423,0.19116611101214553,0.39200448796372905,0.08118224810268967,0.031285493468793696,0.4076687116564417,0.9051169203374241,0.06824041
ml1m,42,AFM,kappa,5,0.03,1.5,double,0.2423,0.17990236429977158,0.37203583147756153,0.07658857944354708,0.029526595488217667,0.4226993865030675,0.9013003520006422,0.07866387
ml1m,42,AFM,kappa,5,0.03,0.0,single,0.2423,0.21024525072491407,0.4306562232586529,0.08825022205303894,0.03443995951214658,0.36073619631901843,0.930159838423948,0.04815533
ml1m,42,AFM,kappa,5,0.03,0.05,single,0.2423,0.21435403680801868,0.43633860677931335,0.0890801345692857,0.03470294821143862,0.36257668711656443,0.9289742351990922,0.049235594
ml1m,42,AFM,kappa,5,0.03,0.1,single,0.2423,0.2166312348775191,0.43811684806607876,0.09000607002129651,0.034960922535960115,0.36257668711656443,0.9276054343511448,0.050590537
ml1m,42,AFM,kappa,5,0.03,0.25,single,0.2423,0.22086688078974387,0.43912904113061213,0.09075196246874968,0.03516118197048007,0.36809815950920244,0.9228647634979708,0.05424181
ml1m,42,AFM,kappa,5,0.03,0.5,single,0.2423,0.2149502556119266,0.4220278978800351,0.08879035106671192,0.03416903669219534,0.3852760736196319,0.9145147463899403,0.060150824
ml1m,42,AFM,kappa,5,0.03,1.0,single,0.2423,0.1917140060738794,0.3806602352205894,0.079870506212341,0.030780802658543473,0.4088957055214724,0.9034443088327362,0.07032531
ml1m,42,AFM,kappa,5,0.03,1.5,single,0.2423,0.17893627669296944,0.3552449910604349,0.07410398598065138,0.028590899232387633,0.42208588957055215,0.8999473283480093,0.0818959
ml1m,42,SASRec,kappa,5,0.03,0.0,double,0.2423,0.34299384177216885,0.5250473002193938,0.3234935544604368,0.13629475639791075,0.838036809815951,0.5699278881217502,0.56930315
ml1m,42,SASRec,kappa,5,0.03,0.05,double,0.2423,0.34428917758334365,0.5243587742252993,0.323444685644914,0.13620601896171208,0.8383435582822086,0.5691816330635833,0.5712852
ml1m,42,SASRec,kappa,5,0.03,0.1,double,0.2423,0.3443859528865626,0.5225189509972974,0.32299200609059764,0.13584320974926223,0.839877300613497,0.5681513020186213,0.573204
ml1m,42,SASRec,kappa,5,0.03,0.25,double,0.2423,0.3419615929734445,0.5122357290772611,0.3190104836469511,0.13391288892089054,0.8423312883435583,0.5637831620752491,0.57832897
ml1m,42,SASRec,kappa,5,0.03,0.5,double,0.2423,0.3351936033935193,0.4897124818810463,0.3102826846641083,0.13007327034952135,0.8475460122699386,0.554488068782045,0.5851928
ml1m,42,SASRec,kappa,5,0.03,1.0,double,0.2423,0.3112840297000222,0.451957885348264,0.28635411201075456,0.12031244542745266,0.8552147239263803,0.5414651568343409,0.59622115
ml1m,42,SASRec,kappa,5,0.03,1.5,double,0.2423,0.2851271124938873,0.4233723790240364,0.2648689801335405,0.11159533849733606,0.8607361963190184,0.5369818950900616,0.60492235
ml1m,42,SASRec,kappa,5,0.03,0.0,single,0.2423,0.34299384177216885,0.5250473002193938,0.3234935544604368,0.13629475639791075,0.838036809815951,0.5699278881217502,0.56930315
ml1m,42,SASRec,kappa,5,0.03,0.05,single,0.2423,0.34457587883220364,0.5241047391971545,0.32336238027140196,0.13618297355055653,0.8383435582822086,0.5691465718581137,0.5714719
ml1m,42,SASRec,kappa,5,0.03,0.1,single,0.2423,0.3450502709526922,0.5218764886784815,0.322853115772796,0.135786297127558,0.8401840490797546,0.5681159451071127,0.57365197
ml1m,42,SASRec,kappa,5,0.03,0.25,single,0.2423,0.34325001965909974,0.5098914408575129,0.3183108879720985,0.13364757636013036,0.8429447852760736,0.563624947352017,0.57936865
ml1m,42,SASRec,kappa,5,0.03,0.5,single,0.2423,0.33662342633632725,0.4833890118931679,0.3083382202148856,0.12927123901111884,0.8478527607361963,0.5541844815616712,0.5872406
ml1m,42,SASRec,kappa,5,0.03,1.0,single,0.2423,0.3110317264245003,0.4381928997769752,0.28137978099911864,0.11820442341284633,0.8558282208588958,0.5417801358379497,0.6000853
ml1m,42,SASRec,kappa,5,0.03,1.5,single,0.2423,0.28244318562105714,0.4055417420582955,0.2567721890142903,0.10827672937681906,0.8607361963190184,0.5390297764935725,0.609891
ml1m,42,B_blind,keps,3,0.01,0.25,double,0.0633,0.1329309895711415,0.3778496805436769,0.06251093118241957,0.02373994442431941,0.6858895705521473,0.7392087310348125,0.24517691
ml1m,42,EASE,keps,3,0.01,0.25,double,0.0633,0.12432372688369339,0.3697951717113293,0.06972465423169648,0.02612906492897776,0.4174846625766871,0.9090340347236523,0.017916337
ml1m,42,AFM,keps,3,0.01,0.25,double,0.0633,0.2157424225430224,0.4368787674938981,0.08977630085357532,0.03483263419371118,0.3726993865030675,0.9235272999791648,0.051871415
ml1m,42,SASRec,keps,3,0.01,0.25,double,0.0633,0.33684765805827843,0.5104732282659376,0.3173335116616426,0.13345421438265212,0.8438650306748466,0.5612217686730472,0.57782745
ml1m,42,B_blind,keps,3,0.03,0.25,double,0.1722,0.13308378309926117,0.3779634968202929,0.06273727095957778,0.023861616257822807,0.6877300613496933,0.7395881446052393,0.2444912
ml1m,42,EASE,keps,3,0.03,0.25,double,0.1722,0.12750142302675826,0.37916178648952203,0.07138104987362695,0.02667425801562875,0.41932515337423315,0.9108141349001482,0.017434336
ml1m,42,AFM,keps,3,0.03,0.25,double,0.1722,0.21541996908989466,0.4376332918210418,0.08992547934306595,0.034843619836481474,0.37300613496932516,0.9238728774570819,0.051659476
ml1m,42,SASRec,keps,3,0.03,0.25,double,0.1722,0.33783093746009185,0.5124765296287568,0.31803310733649526,0.13372624972585437,0.8432515337423313,0.5622748151174519,0.57744676
ml1m,42,B_blind,keps,3,0.05,0.25,double,0.2662,0.13335076788762326,0.37800960305543285,0.06271669461619976,0.02386696242874081,0.6883435582822086,0.739856878277106,0.24412136
ml1m,42,EASE,keps,3,0.05,0.25,double,0.2662,0.13022101963256014,0.38593500574612416,0.07228126489641525,0.026988718878769646,0.4205521472392638,0.9122643394864383,0.017031554
ml1m,42,AFM,keps,3,0.05,0.25,double,0.2662,0.21537027846086623,0.43895430334835644,0.08994091160059947,0.034900761427857335,0.37147239263803683,0.9242006100065281,0.051546305
ml1m,42,SASRec,keps,3,0.05,0.25,double,0.2662,0.3388199970657689,0.5142304032599102,0.3185372277492567,0.13401965446771896,0.8423312883435583,0.5630610144755837,0.57710105
ml1m,42,B_blind,keps,3,0.1,0.25,double,0.4692,0.1329386359440664,0.37764069926774213,0.06294303439335795,0.023913231643647757,0.6861963190184049,0.7405142959195028,0.24331734
ml1m,42,EASE,keps,3,0.1,0.25,double,0.4692,0.13474611033829353,0.3989408007726794,0.0734592605548068,0.027473570476083335,0.41779141104294476,0.9163449931981298,0.015697177
ml1m,42,AFM,keps,3,0.1,0.25,double,0.4692,0.21509332462082853,0.4400266806374683,0.089976920201511,0.035019639447590956,0.36871165644171777,0.9249783863185745,0.05091668
ml1m,42,SASRec,keps,3,0.1,0.25,double,0.4692,0.3402480579542396,0.5181660937922127,0.3202244879062542,0.13460531975542367,0.8404907975460123,0.5650581837135464,0.5757343
ml1m,42,B_blind,keps,4,0.01,0.25,double,0.071,0.13537020960157659,0.3766306235399958,0.06273727095957778,0.02385212677531756,0.6865030674846626,0.7387377846107508,0.24678597
ml1m,42,EASE,keps,4,0.01,0.25,double,0.071,0.13333312146197798,0.3517801319472256,0.06682681920595891,0.02514472640160126,0.4279141104294479,0.906271691237198,0.036384124
ml1m,42,AFM,keps,4,0.01,0.25,double,0.071,0.22016669660373825,0.4393410640750792,0.09037130011625634,0.03497458288892483,0.3684049079754601,0.9234301196766836,0.05319139
ml1m,42,SASRec,keps,4,0.01,0.25,double,0.071,0.3413900491172537,0.5089238431627718,0.31859381269354625,0.13366404952700178,0.8432515337423313,0.5632724638599564,0.57937115
ml1m,42,B_blind,keps,4,0.03,0.25,double,0.2815,0.13319827644355675,0.3758837045956781,0.0625417956974866,0.023843276719041184,0.6892638036809816,0.7399154833007509,0.24415635
ml1m,42,EASE,keps,4,0.03,0.25,double,0.2815,0.13284298393817637,0.3711928817917651,0.07011903414644184,0.026304775441194757,0.43895705521472395,0.9080617277046639,0.02114528
ml1m,42,AFM,keps,4,0.03,0.25,double,0.2815,0.21817572823741352,0.439206967621173,0.08992033525722146,0.0349498635735218,0.36871165644171777,0.9241240353971174,0.052730992
ml1m,42,SASRec,keps,4,0.03,0.25,double,0.2815,0.33956731486072395,0.5126056074584528,0.3179765223922057,0.13367524758594512,0.842638036809816,0.5629358613916915,0.5780568
ml1m,42,B_blind,keps,4,0.05,0.25,double,0.3947,0.13412611062157498,0.37594544789027895,0.06271669461619976,0.023893607236443057,0.6886503067484663,0.7400398019697367,0.24414656
ml1m,42,EASE,keps,4,0.05,0.25,double,0.3947,0.13873649172405653,0.37496624887446683,0.07100210221641513,0.026620250398495884,0.4368098159509202,0.9095706865877649,0.023768248
ml1m,42,AFM,keps,4,0.05,0.25,double,0.3947,0.21939772756080153,0.4394695812465525,0.09019640119754319,0.03504411044052744,0.36871165644171777,0.9244129591325416,0.053073075
ml1m,42,SASRec,keps,4,0.05,0.25,double,0.3947,0.34123263973403384,0.513139364725367,0.31931398471177685,0.13406379020524464,0.841717791411043,0.5643749456005032,0.5778779
ml1m,42,B_blind,keps,4,0.1,0.25,double,0.6332,0.1327665601836234,0.37629905471059377,0.06260352472762065,0.023804103994665374,0.6886503067484663,0.7413513071690188,0.24216352
ml1m,42,EASE,keps,4,0.1,0.25,double,0.6332,0.13707521494844158,0.39595627247084897,0.07207893085319808,0.027015365538055253,0.4285276073619632,0.9188120598453478,0.016869517
ml1m,42,AFM,keps,4,0.1,0.25,double,0.6332,0.21698458802562365,0.4416764045674305,0.08983631518842787,0.03498169399507539,0.36595092024539877,0.9257016937044658,0.05133694
ml1m,42,SASRec,keps,4,0.1,0.25,double,0.6332,0.3418994615764051,0.5191678682582266,0.32007016533091903,0.13462855858175327,0.8414110429447853,0.5662192376565764,0.57818604
ml1m,42,B_blind,keps,5,0.01,0.25,double,0.0677,0.13628463364268734,0.377058209103512,0.0631076451403821,0.023963601191810666,0.688957055214724,0.7381171083648073,0.24746758
ml1m,42,EASE,keps,5,0.01,0.25,double,0.0677,0.13400833693117753,0.3530646580894895,0.06700171812467207,0.025222363793525254,0.4334355828220859,0.9036369292849777,0.049290627
ml1m,42,AFM,keps,5,0.01,0.25,double,0.0677,0.22065587861630684,0.43659509587511075,0.09028385065689976,0.034988816514396844,0.3745398773006135,0.9224796791251797,0.05458184
ml1m,42,SASRec,keps,5,0.01,0.25,double,0.0677,0.3418677016739046,0.5070103582879709,0.3181205567958518,0.1334696828456738,0.8438650306748466,0.5632308169622537,0.5792657
ml1m,42,B_blind,keps,5,0.05,0.25,double,0.3449,0.1356541738238022,0.3789967060763835,0.06306649245362607,0.024007599839264475,0.6883435582822086,0.7400019721099658,0.24496034
ml1m,42,EASE,keps,5,0.05,0.25,double,0.3449,0.143155884074969,0.3819547711369555,0.07169826850070474,0.026925487174959246,0.4368098159509202,0.9082861591206504,0.032281198
ml1m,42,AFM,keps,5,0.05,0.25,double,0.3449,0.21972200141813722,0.4399392056754913,0.09027356248521075,0.03506304930347241,0.37116564417177916,0.9237042464333969,0.05343625
ml1m,42,SASRec,keps,5,0.05,0.25,double,0.3449,0.34290324650214804,0.5139201535944073,0.3195969094332246,0.13416903817608414,0.8423312883435583,0.564471281389259,0.5773953
ml1m,42,B_blind,keps,5,0.1,0.25,double,0.6918,0.13337301072643937,0.37569716557187105,0.06293274622166894,0.02394298898883262,0.6852760736196319,0.7421426644988709,0.24176997
ml1m,42,EASE,keps,5,0.1,0.25,double,0.6918,0.14607367563680432,0.4007756664777675,0.07426002325126801,0.027865214805291857,0.4322085889570552,0.9184600563627701,0.018385991
ml1m,42,AFM,keps,5,0.1,0.25,double,0.6918,0.21757168213782696,0.4399947078726389,0.09020154528338768,0.035128892496307636,0.3693251533742331,0.9260774006927914,0.051308654
ml1m,42,SASRec,keps,5,0.1,0.25,double,0.6918,0.3441673157440796,0.5201854678106664,0.321690552371938,0.13521020976883893,0.8411042944785276,0.5670730413482881,0.5745486
ml1m,42,B_blind,keps,6,0.01,0.25,double,0.0996,0.1366003413837217,0.37739943672834547,0.06345744297780842,0.02409206391152971,0.6901840490797546,0.7384310105818579,0.24672425
ml1m,42,EASE,keps,6,0.01,0.25,double,0.0996,0.1388556419591115,0.35517915134811767,0.06780933960225928,0.025553834864261476,0.44355828220858895,0.9018691130592433,0.044110537
ml1m,42,AFM,keps,6,0.01,0.25,double,0.0996,0.22054351852717594,0.4358254505925055,0.09047418183314643,0.03506694324756134,0.37055214723926383,0.9225042258823006,0.054790176
ml1m,42,SASRec,keps,6,0.01,0.25,double,0.0996,0.34272531255300126,0.5085478395764397,0.31852693957756767,0.13355980452857003,0.8438650306748466,0.5632529172805116,0.5791582
ml1m,42,B_blind,keps,6,0.03,0.25,double,0.3085,0.1358495846314301,0.37795014845336816,0.0631179333120711,0.02406438992815463,0.6868098159509203,0.7394397210024566,0.24558531
ml1m,42,EASE,keps,6,0.03,0.25,double,0.3085,0.14468418290080562,0.3770862619403492,0.0709729523966296,0.02659876439944078,0.4420245398773006,0.9075768613211892,0.030733338
ml1m,42,AFM,keps,6,0.03,0.25,double,0.3085,0.219341230279399,0.438228307856586,0.09017068076832066,0.035026609370193675,0.36993865030674844,0.9236694105578227,0.053467117
ml1m,42,SASRec,keps,6,0.03,0.25,double,0.3085,0.34346232582529646,0.5130553467387573,0.31975123200855976,0.13418462990734964,0.8429447852760736,0.564295168403169,0.57819057
ml1m,42,B_blind,keps,6,0.05,0.25,double,0.4417,0.13564668618916717,0.3781095564129956,0.06284015267646786,0.023994588360904873,0.6858895705521473,0.740233618500834,0.24442226
ml1m,42,EASE,keps,6,0.05,0.25,double,0.4417,0.1456870935709538,0.3856746274887959,0.07238243191802385,0.027198422032048076,0.4395705521472393,0.9106855529516731,0.027521374
ml1m,42,AFM,keps,6,0.05,0.25,double,0.4417,0.21940832897102502,0.4391645888131317,0.09037130011625634,0.035139351457388286,0.36809815950920244,0.924270710326301,0.052708875
ml1m,42,SASRec,keps,6,0.05,0.25,double,0.4417,0.3438661955337948,0.5157341453062404,0.32041996316834537,0.13461425690956072,0.8429447852760736,0.5651899666720042,0.5770435
ml1m,42,B_blind,keps,6,0.1,0.25,double,0.7116,0.13058634240770284,0.3747048252584209,0.06248006666735254,0.023780642557835224,0.6834355828220859,0.7442736045846616,0.23902202
ml1m,42,EASE,keps,6,0.1,0.25,double,0.7116,0.13254116828752516,0.40374101958856484,0.0732363501682116,0.027436807457635576,0.4067484662576687,0.9234973822283636,0.013253737
ml1m,42,AFM,keps,6,0.1,0.25,double,0.7116,0.21159991692574087,0.43977434447688724,0.08988775604687291,0.03490128826423378,0.36441717791411044,0.9274173176565159,0.04860339
ml1m,42,SASRec,keps,6,0.1,0.25,double,0.7116,0.3406365271843128,0.523380417333285,0.32243130073354664,0.13568396900248486,0.8401840490797546,0.5673827440346433,0.57167715
ml1m,43,B_blind,kappa,5,0.03,0.0,double,0.2424,0.12647804061904258,0.35961871698587405,0.06087511188386712,0.02313640038643617,0.6717791411042945,0.7451459563351057,0.23823033
ml1m,43,B_blind,kappa,5,0.03,0.05,double,0.2424,0.12869677781034802,0.364395513789253,0.06146153767014064,0.023352531719150478,0.6751533742331288,0.7444784370335804,0.23889907
ml1m,43,B_blind,kappa,5,0.03,0.1,double,0.2424,0.1309035413432331,0.36923260150443094,0.06196565808290209,0.02357339118178086,0.6745398773006135,0.7431116275464722,0.24103437
ml1m,43,B_blind,kappa,5,0.03,0.25,double,0.2424,0.13564701201832774,0.37900310434135465,0.06309735696869309,0.024049624105658494,0.6877300613496933,0.7393958369007936,0.24563678
ml1m,43,B_blind,kappa,5,0.03,0.5,double,0.2424,0.1403314590155785,0.3847726770349339,0.06486692249920267,0.024652488535560863,0.7079754601226994,0.7306809870232069,0.257087
ml1m,43,B_blind,kappa,5,0.03,1.0,double,0.2424,0.142714958292755,0.37686257217297103,0.0660191977283717,0.024979561949189818,0.7386503067484662,0.7137987884194572,0.28144372
ml1m,43,B_blind,kappa,5,0.03,1.5,double,0.2424,0.14210334459748364,0.36507341090297796,0.06630726653566395,0.024976411992956755,0.75,0.7057582767552266,0.30033183
ml1m,43,B_blind,kappa,5,0.03,0.0,single,0.2424,0.12647804061904258,0.35961871698587405,0.06087511188386712,0.02313640038643617,0.6717791411042945,0.7451459563351057,0.23823033
ml1m,43,B_blind,kappa,5,0.03,0.05,single,0.2424,0.12888340323052744,0.36453837459761296,0.061512978528585685,0.023367851088244566,0.6745398773006135,0.7444316438409164,0.23891757
ml1m,43,B_blind,kappa,5,0.03,0.1,single,0.2424,0.1312675477471375,0.36908193182120114,0.062006810769658124,0.023583474388091486,0.6748466257668712,0.7428841661692471,0.24144796
ml1m,43,B_blind,kappa,5,0.03,0.25,single,0.2424,0.13625682649294077,0.3781297229730444,0.06307678062531508,0.02402165847171428,0.6877300613496933,0.7386855188050421,0.24670316
ml1m,43,B_blind,kappa,5,0.03,0.5,single,0.2424,0.14112014193577066,0.38261239887728804,0.06513441496311691,0.024670432769750932,0.7098159509202454,0.7289208197059767,0.25970843
ml1m,43,B_blind,kappa,5,0.03,1.0,single,0.2424,0.1450793972642669,0.36956896603633393,0.06598833321330466,0.024930665881402015,0.7392638036809815,0.7113485116897298,0.28755802
ml1m,43,B_blind,kappa,5,0.03,1.5,single,0.2424,0.1434520012929634,0.35453643387181566,0.06555623000236628,0.024684815295850013,0.7512269938650307,0.7037743593766932,0.3091791
ml1m,43,EASE,kappa,5,0.03,0.0,double,0.2424,0.12939490074495386,0.3754534444626602,0.06893760909748728,0.026030772680193826,0.36319018404907977,0.9323181150655631,0.010699699
ml1m,43,EASE,kappa,5,0.03,0.05,double,0.2424,0.1380057607240746,0.3953878560484716,0.07233613514542331,0.02711494120456872,0.4076687116564417,0.928430071076118,0.013367937
ml1m,43,EASE,kappa,5,0.03,0.1,double,0.2424,0.14226222481862622,0.4009920192986007,0.0728951258071928,0.027332062458375626,0.42484662576687116,0.9222719085511557,0.017316021
ml1m,43,EASE,kappa,5,0.03,0.25,double,0.2424,0.1408924606549341,0.3749562401547812,0.07061286638751428,0.026511090980868696,0.4377300613496933,0.9059613393861445,0.034992643
ml1m,43,EASE,kappa,5,0.03,0.5,double,0.2424,0.1382389597198786,0.3501607756879355,0.06584944289550304,0.024842787856054767,0.4325153374233129,0.8945689483285728,0.07259025
ml1m,43,EASE,kappa,5,0.03,1.0,double,0.2424,0.1364550227686661,0.3235268501635067,0.05922728971834416,0.02252726560619732,0.4242331288343558,0.891002383510598,0.12810214
ml1m,43,EASE,kappa,5,0.03,1.5,double,0.2424,0.13432244904750623,0.30227624206328035,0.055713879086547534,0.021272295564569842,0.41932515337423315,0.8923713793919841,0.17125896
ml1m,43,EASE,kappa,5,0.03,0.0,single,0.2424,0.12939490074495386,0.3754534444626602,0.06893760909748728,0.026030772680193826,0.36319018404907977,0.9323181150655631,0.010699699
ml1m,43,EASE,kappa,5,0.03,0.05,single,0.2424,0.13849377633819326,0.3945862121348497,0.07258305126595953,0.02718622409483276,0.40950920245398775,0.9281637380828414,0.013654976
ml1m,43,EASE,kappa,5,0.03,0.1,single,0.2424,0.14333330527542748,0.3984287190453567,0.07275623548939118,0.02733943695034964,0.4269938650306748,0.9215470443692235,0.018142162
ml1m,43,EASE,kappa,5,0.03,0.25,single,0.2424,0.14245550153777886,0.36516854047633335,0.06936799761314418,0.026023334213326487,0.4414110429447853,0.9048649548074701,0.037895452
ml1m,43,EASE,kappa,5,0.03,0.5,single,0.2424,0.14073288443453147,0.33286016851821354,0.06325682362987274,0.02391668525725918,0.4358895705521472,0.8943313013457874,0.08032799
ml1m,43,EASE,kappa,5,0.03,1.0,single,0.2424,0.1350343174978899,0.30686120709564446,0.05648549196322322,0.021548947460670816,0.4236196319018405,0.8908829637155118,0.14726181
ml1m,43,EASE,kappa,5,0.03,1.5,single,0.2424,0.1319923474802763,0.2860086122834187,0.053260150138718855,0.020297154358439214,0.4138036809815951,0.8923376973064618,0.19785802
ml1m,43,AFM,kappa,5,0.03,0.0,double,0.2424,0.21024525072491407,0.4306562232586529,0.08825022205303894,0.03443995951214658,0.36073619631901843,0.930159838423948,0.04815533
ml1m,43,AFM,kappa,5,0.03,0.05,double,0.2424,0.21413299227830185,0.43624427978936436,0.08904927005421867,0.03469355086641808,0.36257668711656443,0.929064239344026,0.049106475
ml1m,43,AFM,kappa,5,0.03,0.1,double,0.2424,0.21627154149353228,0.4384854609448271,0.08991347647609543,0.03494969513202318,0.36226993865030677,0.9277695477313412,0.050281383
ml1m,43,AFM,kappa,5,0.03,0.25,double,0.2424,0.21997423528360974,0.4402173505776643,0.09047418183314643,0.03509097917819604,0.3696319018404908,0.9232704756549983,0.05361629
ml1m,43,AFM,kappa,5,0.03,0.5,double,0.2424,0.2134622236996002,0.42534333162636706,0.0889909704146476,0.03425649641219607,0.38404907975460123,0.9154289110374219,0.058875605
ml1m,43,AFM,kappa,5,0.03,1.0,double,0.2424,0.19103918634275538,0.39210636366167134,0.08118567749325267,0.03129019567512448,0.4076687116564417,0.905113105824197,0.068225496
ml1m,43,AFM,kappa,5,0.03,1.5,double,0.2424,0.17966319742291334,0.37218820187215335,0.07658857944354708,0.029530797039207957,0.4226993865030675,0.9013096501724971,0.07864741
ml1m,43,AFM,kappa,5,0.03,0.0,single,0.2424,0.21024525072491407,0.4306562232586529,0.08825022205303894,0.03443995951214658,0.36073619631901843,0.930159838423948,0.04815533
ml1m,43,AFM,kappa,5,0.03,0.05,single,0.2424,0.21435375345047508,0.4363383087579586,0.0890801345692857,0.0347028931752975,0.36257668711656443,0.9289741007585663,0.04923662
ml1m,43,AFM,kappa,5,0.03,0.1,single,0.2424,0.21663136930650856,0.43812139359158087,0.09001635819298552,0.034963747923883716,0.36257668711656443,0.9276056650460376,0.050589513
ml1m,43,AFM,kappa,5,0.03,0.25,single,0.2424,0.22085929379472757,0.43914096889365034,0.09075196246874968,0.03515978740805287,0.36809815950920244,0.9228586732790365,0.054214034
ml1m,43,AFM,kappa,5,0.03,0.5,single,0.2424,0.21497254380372233,0.4221133511281088,0.08881092741008995,0.034174657688525706,0.3852760736196319,0.9145160251528754,0.060143616
ml1m,43,AFM,kappa,5,0.03,1.0,single,0.2424,0.1916325133887934,0.3806593996340111,0.079853359259526,0.03077820562374617,0.4088957055214724,0.9034479917457303,0.07031554
ml1m,43,AFM,kappa,5,0.03,1.5,single,0.2424,0.1786642012778646,0.3553815588049788,0.07409369780896237,0.02859257843520807,0.42208588957055215,0.8999504605597888,0.08184858
ml1m,43,SASRec,kappa,5,0.03,0.0,double,0.2424,0.34299384177216885,0.5250473002193938,0.3234935544604368,0.13629475639791075,0.838036809815951,0.5699278881217502,0.56930315
ml1m,43,SASRec,kappa,5,0.03,0.05,double,0.2424,0.34428711923743494,0.5243534392175012,0.32342410930153603,0.1362006105777155,0.8383435582822086,0.5691835632003333,0.57128674
ml1m,43,SASRec,kappa,5,0.03,0.1,double,0.2424,0.34438675820018755,0.5225165008431422,0.3229817179189086,0.135837320581861,0.839877300613497,0.5681520537494482,0.5732085
ml1m,43,SASRec,kappa,5,0.03,0.25,double,0.2424,0.34192405785398283,0.5122169329622726,0.3189899073035731,0.13389557603801744,0.8423312883435583,0.5637804275044611,0.578345
ml1m,43,SASRec,kappa,5,0.03,0.5,double,0.2424,0.33493464451076527,0.48969922913084024,0.31027239649241933,0.13006411583419922,0.8475460122699386,0.5544911542867876,0.5851994
ml1m,43,SASRec,kappa,5,0.03,1.0,double,0.2424,0.3108576004009809,0.45196344857785165,0.2863644001824436,0.12030559677188239,0.8552147239263803,0.5414657921131631,0.5962309
ml1m,43,SASRec,kappa,5,0.03,1.5,double,0.2424,0.2846895586724414,0.4233739905941154,0.26484840379016245,0.11158869827257395,0.8607361963190184,0.5369859115796654,0.6049538
ml1m,43,SASRec,kappa,5,0.03,0.0,single,0.2424,0.34299384177216885,0.5250473002193938,0.3234935544604368,0.13629475639791075,0.838036809815951,0.5699278881217502,0.56930315
ml1m,43,SASRec,kappa,5,0.03,0.05,single,0.2424,0.34457209060918514,0.52410095124077,0.32333151575633495,0.13617525327054741,0.8383435582822086,0.5691479475065921,0.5714776
ml1m,43,SASRec,kappa,5,0.03,0.1,single,0.2424,0.3450912724821519,0.5218806896787833,0.322853115772796,0.13578712797959014,0.8401840490797546,0.5681168492669866,0.57364684
ml1m,43,SASRec,kappa,5,0.03,0.25,single,0.2424,0.34316728142983277,0.5098708890592799,0.31829031162872046,0.13363520376546595,0.8429447852760736,0.5636254194717976,0.5793753
ml1m,43,SASRec,kappa,5,0.03,0.5,single,0.2424,0.33656311531190825,0.48339235320267615,0.3083382202148856,0.12927049583477448,0.8478527607361963,0.5541780198955566,0.5872396
ml1m,43,SASRec,kappa,5,0.03,1.0,single,0.2424,0.3106059714917921,0.438200286701215,0.2814209336858747,0.11820741509807647,0.8558282208588958,0.5417806827521072,0.6000756
ml1m,43,SASRec,kappa,5,0.03,1.5,single,0.2424,0.28209214181640285,0.4055396680841572,0.2567773331001348,0.10828181539252273,0.8604294478527608,0.5390209438141482,0.6098972
ml1m,43,B_blind,keps,3,0.01,0.25,double,0.0636,0.1328496895126425,0.3776912581424491,0.06253150752579759,0.02376407745779503,0.6861963190184049,0.7393431595682174,0.24493358
ml1m,43,EASE,keps,3,0.01,0.25,double,0.0636,0.12407902429842947,0.3694500367289255,0.06972465423169648,0.026135791445248968,0.4162576687116564,0.9089712768763494,0.017874155
ml1m,43,AFM,keps,3,0.01,0.25,double,0.0636,0.2157821260986874,0.4367796503903846,0.0896322664499292,0.03478798011751197,0.37208588957055216,0.9236315781733471,0.051760823
ml1m,43,SASRec,keps,3,0.01,0.25,double,0.0636,0.33678350611384994,0.5106666779567332,0.31736952026255416,0.13352680536727407,0.843558282208589,0.5612729359166195,0.5774396
ml1m,43,B_blind,keps,3,0.03,0.25,double,0.1722,0.1330858519297095,0.3779644278410661,0.06274755913126678,0.02386395856842988,0.6877300613496933,0.7395826647336685,0.24449635
ml1m,43,EASE,keps,3,0.03,0.25,double,0.1722,0.12750321014920898,0.3791615958186378,0.07139133804531596,0.026677248958346087,0.41932515337423315,0.9108116373360149,0.017435364
ml1m,43,AFM,keps,3,0.03,0.25,double,0.1722,0.2154227223564788,0.43764472967025847,0.08992547934306595,0.03484304399555962,0.37300613496932516,0.9238722481744333,0.051670283
ml1m,43,SASRec,keps,3,0.03,0.25,double,0.1722,0.3378255402577869,0.5124767398767394,0.31805368367987324,0.13373106770138846,0.8432515337423313,0.5622680444905988,0.57744676
ml1m,43,B_blind,keps,3,0.05,0.25,double,0.2662,0.13335197400805618,0.3780128751975354,0.06272698278788877,0.02386919366721381,0.6883435582822086,0.7398672036881895,0.24411106
ml1m,43,EASE,keps,3,0.05,0.25,double,0.2662,0.1302366475117029,0.3859350776148799,0.07230184123979327,0.026993027258625922,0.4205521472392638,0.9122551606068809,0.017048016
ml1m,43,AFM,keps,3,0.05,0.25,double,0.2662,0.2153741511742239,0.43896141525748666,0.08994605568644397,0.03490226624069804,0.37147239263803683,0.9242011070577678,0.051547337
ml1m,43,SASRec,keps,3,0.05,0.25,double,0.2662,0.3388297058302307,0.5142253641857586,0.3185372277492567,0.13402002888432518,0.8423312883435583,0.5630604858655353,0.5771037
ml1m,43,B_blind,keps,3,0.1,0.25,double,0.4692,0.13293719159064776,0.3776354989014134,0.06294303439335795,0.023913231643647757,0.6861963190184049,0.7405123850336262,0.2433199
ml1m,43,EASE,keps,3,0.1,0.25,double,0.4692,0.13474809563869214,0.39892422435190966,0.0734592605548068,0.0274736805483656,0.41779141104294476,0.9163435329720437,0.015699236
ml1m,43,AFM,keps,3,0.1,0.25,double,0.4692,0.21509343540565762,0.4400266712160657,0.089976920201511,0.035019578150408785,0.36871165644171777,0.9249779246132008,0.050917193
ml1m,43,SASRec,keps,3,0.1,0.25,double,0.4692,0.3402480960352303,0.51816593936266,0.3202244879062542,0.13460531975542367,0.8404907975460123,0.5650571542652014,0.5757333
ml1m,43,B_blind,keps,4,0.01,0.25,double,0.0712,0.13538351252618225,0.37660793160408074,0.06275784730295579,0.02386257697007433,0.6865030674846626,0.7387511128424973,0.24675456
ml1m,43,EASE,keps,4,0.01,0.25,double,0.0712,0.13324954159893979,0.3515500914208784,0.0668113869484254,0.025143703506189826,0.42822085889570555,0.9062405414304988,0.03667939
ml1m,43,AFM,keps,4,0.01,0.25,double,0.0712,0.22019250078858082,0.4393095713331674,0.09037644420210085,0.03497822540541457,0.3684049079754601,0.9234325181461571,0.05318625
ml1m,43,SASRec,keps,4,0.01,0.25,double,0.0712,0.3414112046687648,0.508902407600554,0.31862467720861326,0.1336600981951011,0.8432515337423313,0.5632799000620887,0.57937217
ml1m,43,B_blind,keps,4,0.03,0.25,double,0.2043,0.13551498250597419,0.37749746421910985,0.06291216987829093,0.023936484863538898,0.6874233128834356,0.7392525681138504,0.24596444
ml1m,43,EASE,keps,4,0.03,0.25,double,0.2043,0.13543528122622617,0.3623586199653556,0.06886387720038271,0.025856703245869403,0.4340490797546012,0.907666312555792,0.03414284
ml1m,43,AFM,keps,4,0.03,0.25,double,0.2043,0.22028029881931063,0.4399985425151935,0.09040216463132336,0.035036558541633074,0.3693251533742331,0.9237929090133661,0.053138413
ml1m,43,SASRec,keps,4,0.03,0.25,double,0.2043,0.3424878049947505,0.5108145346860342,0.3187892879556374,0.13384717833146562,0.843558282208589,0.5640368516629313,0.5785466
ml1m,43,B_blind,keps,4,0.05,0.25,double,0.3292,0.1351075034310191,0.37865618460110223,0.06290188170660192,0.023941678577682358,0.6883435582822086,0.7398646228088008,0.24508688
ml1m,43,EASE,keps,4,0.05,0.25,double,0.3292,0.13811566182450355,0.37613915518802377,0.07117871583040977,0.026641684947940544,0.4361963190184049,0.9093731754669141,0.030705048
ml1m,43,AFM,keps,4,0.05,0.25,double,0.3292,0.22038101527919998,0.440807491400177,0.09042274097470139,0.03506331265624587,0.3693251533742331,0.9241055959006874,0.05315126
ml1m,43,SASRec,keps,4,0.05,0.25,double,0.3292,0.3422250357523658,0.513196822288318,0.31917509439397523,0.1341023798314213,0.843558282208589,0.5646310895167506,0.57783365
ml1m,43,B_blind,keps,4,0.1,0.25,double,0.5828,0.1337429480542667,0.3779488707396944,0.06325167954402823,0.024042345907091853,0.6861963190184049,0.7412082447766857,0.24273655
ml1m,43,EASE,keps,4,0.1,0.25,double,0.5828,0.1416697260430949,0.4017805441133944,0.07418114726831894,0.027850607518901907,0.43098159509202455,0.9181457675503111,0.016171463
ml1m,43,AFM,keps,4,0.1,0.25,double,0.5828,0.21527722352481848,0.44038524325187084,0.09002150227883003,0.03510504468863248,0.36809815950920244,0.9254025995117094,0.050747953
ml1m,43,SASRec,keps,4,0.1,0.25,double,0.5828,0.3424396218593968,0.5198889913262186,0.32085206637928376,0.13497590057890982,0.8411042944785276,0.5661952611671317,0.5750296
ml1m,43,B_blind,keps,5,0.01,0.25,double,0.064,0.13638495225608294,0.3769148915154288,0.06315908599882715,0.023981140189712435,0.6883435582822086,0.7380078975288,0.24768876
ml1m,43,EASE,keps,5,0.01,0.25,double,0.064,0.13465818758455114,0.3522757753658492,0.06674451383244684,0.025124904103506734,0.4361963190184049,0.9037500250103558,0.048688255
ml1m,43,AFM,keps,5,0.01,0.25,double,0.064,0.22059751197328425,0.43676189601190274,0.09036615603041183,0.03501279893869179,0.37423312883435583,0.9225264944090097,0.05462093
ml1m,43,SASRec,keps,5,0.01,0.25,double,0.064,0.34168129665400654,0.5069320123321069,0.31803310733649526,0.13342555052546237,0.8438650306748466,0.5632288278105311,0.5796274
ml1m,43,B_blind,keps,5,0.05,0.25,double,0.3451,0.13560361816771338,0.37902927198844744,0.06304591611024805,0.02400210052393647,0.6883435582822086,0.7400211841660367,0.2449233
ml1m,43,EASE,keps,5,0.05,0.25,double,0.3451,0.14315223756953108,0.3819747152392499,0.0716468276422597,0.02690511165121397,0.43742331288343556,0.9082700089002151,0.03237842
ml1m,43,AFM,keps,5,0.05,0.25,double,0.3451,0.21977349545099567,0.43995682477912884,0.09030442700027778,0.035071932043310675,0.37116564417177916,0.9237049675521793,0.0534486
ml1m,43,SASRec,keps,5,0.05,0.25,double,0.3451,0.34290466013125215,0.5139100009798554,0.3195660449181576,0.13415828394186394,0.8423312883435583,0.5644701146600954,0.5774015
ml1m,43,B_blind,keps,5,0.1,0.25,double,0.749,0.13314880100342086,0.3760445809867097,0.06281957633308985,0.023893855889667987,0.6852760736196319,0.7416035766103024,0.24203852
ml1m,43,EASE,keps,5,0.1,0.25,double,0.749,0.14463021604710194,0.406230518039028,0.07453265980102676,0.02797591113262896,0.42484662576687116,0.9201741860052208,0.017420962
ml1m,43,AFM,keps,5,0.1,0.25,double,0.749,0.21518099130533017,0.4395344798489137,0.08997006142038498,0.03508311133263445,0.36441717791411044,0.9262174006183126,0.050556075
ml1m,43,SASRec,keps,5,0.1,0.25,double,0.749,0.3442997453800706,0.5204893920035546,0.32203006203767526,0.13543603167104623,0.839877300613497,0.5677359808354714,0.5745717
ml1m,43,B_blind,keps,6,0.01,0.25,double,0.099,0.13717708883899526,0.37726760377656754,0.06343686663443039,0.02415009435990035,0.6914110429447853,0.7378234277701232,0.24743314
ml1m,43,EASE,keps,6,0.01,0.25,double,0.099,0.13861941328823713,0.3394371718337183,0.06661591168633423,0.025043906185733263,0.4349693251533742,0.900103059708572,0.058503177
ml1m,43,AFM,keps,6,0.01,0.25,double,0.099,0.22118445801053213,0.4353422681242278,0.09075710655459418,0.03513399573234971,0.37331288343558283,0.9222912809259758,0.055337504
ml1m,43,SASRec,keps,6,0.01,0.25,double,0.099,0.3434145044694319,0.5065212956651338,0.3179868105638947,0.1333652689530664,0.842638036809816,0.5640680832069453,0.5800774
ml1m,43,B_blind,keps,6,0.03,0.25,double,0.3085,0.1358495193875938,0.3779502041580411,0.0631179333120711,0.02406438992815463,0.6868098159509203,0.7394397210024566,0.24558531
ml1m,43,EASE,keps,6,0.03,0.25,double,0.3085,0.14468430772240765,0.3770857584234772,0.0709729523966296,0.026598695556034706,0.4420245398773006,0.9075736890297224,0.030740026
ml1m,43,AFM,keps,6,0.03,0.25,double,0.3085,0.2193411224932743,0.4382282419067675,0.09017068076832066,0.035026609370193675,0.37024539877300616,0.9236689883009601,0.053466603
ml1m,43,SASRec,keps,6,0.03,0.25,double,0.3085,0.3434624653084555,0.5130558947688179,0.31975123200855976,0.13418462990734964,0.8429447852760736,0.5642956676635251,0.57818854
ml1m,43,B_blind,keps,6,0.05,0.25,double,0.4417,0.13564760984564395,0.37810884519869925,0.06284015267646786,0.023994772194653652,0.6858895705521473,0.7402338264733843,0.24442276
ml1m,43,EASE,keps,6,0.05,0.25,double,0.4417,0.14568948079364705,0.38568066898653297,0.07238243191802385,0.02719807591547251,0.4395705521472393,0.9106984627136143,0.027482279
ml1m,43,AFM,keps,6,0.05,0.25,double,0.4417,0.21940544468931386,0.43916187042442156,0.09037130011625634,0.035139230290749876,0.36809815950920244,0.9242714636350684,0.052708358
ml1m,43,SASRec,keps,6,0.05,0.25,double,0.4417,0.3438615514040834,0.5157326465334383,0.3203993868249673,0.1346088696945988,0.8429447852760736,0.5651893613740502,0.57704294
ml1m,43,B_blind,keps,6,0.1,0.25,double,0.766,0.13100128931123442,0.3746511790743901,0.06260352472762065,0.02385664985019074,0.6803680981595092,0.7446518732015028,0.23891912
ml1m,43,EASE,keps,6,0.1,0.25,double,0.766,0.1354264835250605,0.4026166824960255,0.0739050813279972,0.02768763825722094,0.401840490797546,0.9254412931360789,0.013108159
ml1m,43,AFM,keps,6,0.1,0.25,double,0.766,0.21125522033667382,0.43813323312215363,0.0896459840121812,0.03492924429295444,0.36257668711656443,0.9275434225540833,0.04854268
ml1m,43,SASRec,keps,6,0.1,0.25,double,0.766,0.34188129083013835,0.5238273145901832,0.3230794555499542,0.13596000034462796,0.8401840490797546,0.5682683650018616,0.5700357
ml1m,44,B_blind,kappa,5,0.03,0.0,double,0.2423,0.12647804061904258,0.35961871698587405,0.06087511188386712,0.02313640038643617,0.6717791411042945,0.7451459563351057,0.23823033
ml1m,44,B_blind,kappa,5,0.03,0.05,double,0.2423,0.12869871956244264,0.3643955262797489,0.061451249498451634,0.023349923847541535,0.6751533742331288,0.7444798931570213,0.23888928
ml1m,44,B_blind,kappa,5,0.03,0.1,double,0.2423,0.1308930342418804,0.3691864229196098,0.061975946254591095,0.023575956295960505,0.6745398773006135,0.7431241093709653,0.24101637
ml1m,44,B_blind,kappa,5,0.03,0.25,double,0.2423,0.1356398720587256,0.3790012705324613,0.06307678062531508,0.024041604009666442,0.6877300613496933,0.7394019428991323,0.24562699
ml1m,44,B_blind,kappa,5,0.03,0.5,double,0.2423,0.14032192414283745,0.38479162271285566,0.06484634615582464,0.024645792828878996,0.7079754601226994,0.7306536245891595,0.2571292
ml1m,44,B_blind,kappa,5,0.03,1.0,double,0.2423,0.14303701221885057,0.37699477031038947,0.06603977407174971,0.02499309443995559,0.7386503067484662,0.713790369476017,0.28147718
ml1m,44,B_blind,kappa,5,0.03,1.5,double,0.2423,0.14230854001846197,0.3650378287701347,0.06634841922241998,0.02499322549996563,0.75,0.7057890478562194,0.30029786
ml1m,44,B_blind,kappa,5,0.03,0.0,single,0.2423,0.12647804061904258,0.35961871698587405,0.06087511188386712,0.02313640038643617,0.6717791411042945,0.7451459563351057,0.23823033
ml1m,44,B_blind,kappa,5,0.03,0.05,single,0.2423,0.12888537569298164,0.3645399557516493,0.06149240218520767,0.02336366495949858,0.6745398773006135,0.7444346100533614,0.23890778
ml1m,44,B_blind,kappa,5,0.03,0.1,single,0.2423,0.13125627138178705,0.3690350496146257,0.06201709894134713,0.02358591244577261,0.6748466257668712,0.7428916096299054,0.2414351
ml1m,44,B_blind,kappa,5,0.03,0.25,single,0.2423,0.13624867340540736,0.3781286084977007,0.06306649245362607,0.024016790381061658,0.6877300613496933,0.7386891515395302,0.24671502
ml1m,44,B_blind,kappa,5,0.03,0.5,single,0.2423,0.14111478162804303,0.3826181069586212,0.0651241267914279,0.024669014586221956,0.7101226993865031,0.728896480921406,0.25973418
ml1m,44,B_blind,kappa,5,0.03,1.0,single,0.2423,0.14537848937424266,0.3697085000406015,0.06600890955668268,0.024942246068347645,0.7392638036809815,0.7113787081048133,0.287577
ml1m,44,B_blind,kappa,5,0.03,1.5,single,0.2423,0.14368038767853358,0.35449704570815005,0.06559738268912231,0.024701501980452244,0.7515337423312883,0.7037891500436426,0.3091534
ml1m,44,EASE,kappa,5,0.03,0.0,double,0.2423,0.12939490074495386,0.3754534444626602,0.06893760909748728,0.026030772680193826,0.36319018404907977,0.9323181150655631,0.010699699
ml1m,44,EASE,kappa,5,0.03,0.05,double,0.2423,0.1379955960395331,0.3953584197139454,0.0723258469737343,0.02711297439740545,0.4076687116564417,0.9284210591426594,0.013369994
ml1m,44,EASE,kappa,5,0.03,0.1,double,0.2423,0.1422430638717307,0.40099185434910034,0.07291570215057082,0.027336439387091738,0.42484662576687116,0.9222865471046464,0.017303677
ml1m,44,EASE,kappa,5,0.03,0.25,double,0.2423,0.14099973283476586,0.3749290948274607,0.0706334427308923,0.02652061636066839,0.4377300613496933,0.905962506115308,0.03497001
ml1m,44,EASE,kappa,5,0.03,0.5,double,0.2423,0.13877956426456117,0.3501223623430749,0.0659111719256371,0.024864405111275526,0.43282208588957055,0.8946110439925377,0.07250847
ml1m,44,EASE,kappa,5,0.03,1.0,double,0.2423,0.1370622838373738,0.32357412143905345,0.059242721975877675,0.022541294856057405,0.42392638036809815,0.891036958710411,0.128097
ml1m,44,EASE,kappa,5,0.03,1.5,double,0.2423,0.13489384104577204,0.302386976650666,0.05574474360161456,0.02129060517310902,0.42024539877300615,0.8923911812821927,0.17106605
ml1m,44,EASE,kappa,5,0.03,0.0,single,0.2423,0.12939490074495386,0.3754534444626602,0.06893760909748728,0.026030772680193826,0.36319018404907977,0.9323181150655631,0.010699699
ml1m,44,EASE,kappa,5,0.03,0.05,single,0.2423,0.13846455326535848,0.3944747716515003,0.07257276309427052,0.0271798300652774,0.40950920245398775,0.9281557502327302,0.013658577
ml1m,44,EASE,kappa,5,0.03,0.1,single,0.2423,0.14335251772886037,0.3985588250468259,0.07279738817614721,0.027355421748686784,0.4269938650306748,0.9215631059094058,0.018135477
ml1m,44,EASE,kappa,5,0.03,0.25,single,0.2423,0.14251994427190728,0.36511715385892474,0.06941943847158921,0.026035520543200727,0.4414110429447853,0.9048801970809741,0.037856866
ml1m,44,EASE,kappa,5,0.03,0.5,single,0.2423,0.1413663598781451,0.3328335219145523,0.06323624728649471,0.023920329623009145,0.43650306748466255,0.8943735929899552,0.08022768
ml1m,44,EASE,kappa,5,0.03,1.0,single,0.2423,0.13566480782580928,0.3069256281632434,0.05653178873582376,0.021570511549422498,0.42392638036809815,0.8908793294030832,0.14724226
ml1m,44,EASE,kappa,5,0.03,1.5,single,0.2423,0.13251525067370282,0.2861869645900919,0.0533115909971639,0.02032088534606615,0.4147239263803681,0.8923132783625167,0.19752571
ml1m,44,AFM,kappa,5,0.03,0.0,double,0.2423,0.21024525072491407,0.4306562232586529,0.08825022205303894,0.03443995951214658,0.36073619631901843,0.930159838423948,0.04815533
ml1m,44,AFM,kappa,5,0.03,0.05,double,0.2423,0.21413136783379333,0.4362376672118784,0.08904927005421867,0.03469348280284269,0.36257668711656443,0.929064463411569,0.049105443
ml1m,44,AFM,kappa,5,0.03,0.1,double,0.2423,0.21626981891970215,0.43848123024112035,0.08991347647609543,0.034949545328612934,0.36226993865030677,0.9277701258887197,0.050282925
ml1m,44,AFM,kappa,5,0.03,0.25,double,0.2423,0.21998206913876714,0.44019945087015755,0.09047418183314643,0.03509272822177635,0.3696319018404908,0.9232789157428403,0.05362298
ml1m,44,AFM,kappa,5,0.03,0.5,double,0.2423,0.21346224773164496,0.4253431259647664,0.08898068224295859,0.03425400151696749,0.3843558282208589,0.9154260388702273,0.058897212
ml1m,44,AFM,kappa,5,0.03,1.0,double,0.2423,0.1911943957063497,0.3922489228283442,0.08118224810268967,0.03128907129011856,0.4076687116564417,0.9051192597919251,0.06822035
ml1m,44,AFM,kappa,5,0.03,1.5,double,0.2423,0.17991247570960342,0.3720606367150987,0.0765988676152361,0.02953646732952027,0.4226993865030675,0.9013017298582371,0.07866541
ml1m,44,AFM,kappa,5,0.03,0.0,single,0.2423,0.21024525072491407,0.4306562232586529,0.08825022205303894,0.03443995951214658,0.36073619631901843,0.930159838423948,0.04815533
ml1m,44,AFM,kappa,5,0.03,0.05,single,0.2423,0.21435440808088907,0.43634037800301073,0.0890801345692857,0.03470323618083352,0.36257668711656443,0.9289742001688144,0.049235594
ml1m,44,AFM,kappa,5,0.03,0.1,single,0.2423,0.21663089899640184,0.43811724974133587,0.09000607002129651,0.034961537276402166,0.36257668711656443,0.9276054056326286,0.050591055
ml1m,44,AFM,kappa,5,0.03,0.25,single,0.2423,0.22086555048110276,0.4391253036232359,0.09075196246874968,0.03516114382230506,0.36809815950920244,0.9228661482985037,0.05424078
ml1m,44,AFM,kappa,5,0.03,0.5,single,0.2423,0.21497116280737882,0.4221240751311531,0.08879035106671192,0.03417321188105365,0.3852760736196319,0.9145159958031832,0.06014825
ml1m,44,AFM,kappa,5,0.03,1.0,single,0.2423,0.19172411641314835,0.3808223816410488,0.079870506212341,0.03078414432546575,0.4088957055214724,0.9034463172353322,0.07030782
ml1m,44,AFM,kappa,5,0.03,1.5,single,0.2423,0.1789496035191899,0.3552628287078215,0.07410398598065138,0.028591929521512092,0.42208588957055215,0.8999492300818313,0.08188768
ml1m,44,SASRec,kappa,5,0.03,0.0,double,0.2423,0.34299384177216885,0.5250473002193938,0.3234935544604368,0.13629475639791075,0.838036809815951,0.5699278881217502,0.56930315
ml1m,44,SASRec,kappa,5,0.03,0.05,double,0.2423,0.34428883998439863,0.5243585910159645,0.32343439747322505,0.13620407871155354,0.8383435582822086,0.5691819161460987,0.5712831
ml1m,44,SASRec,kappa,5,0.03,0.1,double,0.2423,0.3443851244194762,0.5225191102190022,0.32299200609059764,0.13584410082415846,0.839877300613497,0.5681521086617758,0.573205
ml1m,44,SASRec,kappa,5,0.03,0.25,double,0.2423,0.34196197655712995,0.5122370171400263,0.31902077181864014,0.13391621489286207,0.8423312883435583,0.5637845683357721,0.57833314
ml1m,44,SASRec,kappa,5,0.03,0.5,double,0.2423,0.33520680560141375,0.4897234321420052,0.3102826846641083,0.13007517768700488,0.8475460122699386,0.5544879763147352,0.58519584
ml1m,44,SASRec,kappa,5,0.03,1.0,double,0.2423,0.31127739721078457,0.451969235581132,0.28634382383906554,0.12030769940911254,0.8552147239263803,0.541465702170558,0.59622014
ml1m,44,SASRec,kappa,5,0.03,1.5,double,0.2423,0.2851366478474081,0.42338439667091515,0.26485869196185147,0.11159398959385983,0.8607361963190184,0.5369670258416781,0.60492593
ml1m,44,SASRec,kappa,5,0.03,0.0,single,0.2423,0.34299384177216885,0.5250473002193938,0.3234935544604368,0.13629475639791075,0.838036809815951,0.5699278881217502,0.56930315
ml1m,44,SASRec,kappa,5,0.03,0.05,single,0.2423,0.3445761222297626,0.52410498466164,0.32335209209971294,0.13618107144857297,0.8383435582822086,0.5691477120778778,0.5714719
ml1m,44,SASRec,kappa,5,0.03,0.1,single,0.2423,0.345049430192835,0.5218765866610688,0.32286340394448504,0.13578953051306128,0.8401840490797546,0.5681167173511656,0.5736515
ml1m,44,SASRec,kappa,5,0.03,0.25,single,0.2423,0.34325125230483944,0.5098982070704191,0.3183108879720985,0.1336485556324462,0.8429447852760736,0.5636263425669568,0.57937115
ml1m,44,SASRec,kappa,5,0.03,0.5,single,0.2423,0.3366172021300447,0.48339014760776855,0.3083279320431966,0.12926703767600697,0.8478527607361963,0.554181169464681,0.5872437
ml1m,44,SASRec,kappa,5,0.03,1.0,single,0.2423,0.31102459714666797,0.43820771371777034,0.2813694928274296,0.11820433160166838,0.8558282208588958,0.5417846582152597,0.6000823
ml1m,44,SASRec,kappa,5,0.03,1.5,single,0.2423,0.2824490195535578,0.4055455406706142,0.25676190084260125,0.10827393536762113,0.8607361963190184,0.5390119596524414,0.6098947
ml1m,44,B_blind,keps,3,0.01,0.25,double,0.0636,0.1328340536660059,0.3776854663888249,0.0625417956974866,0.023767231845001482,0.6861963190184049,0.7393380495658863,0.24496701
ml1m,44,EASE,keps,3,0.01,0.25,double,0.0636,0.1240945406047335,0.3696168594839783,0.0697555187467635,0.02614622740916285,0.4162576687116564,0.9089992250418895,0.017871069
ml1m,44,AFM,keps,3,0.01,0.25,double,0.0636,0.21576470064362288,0.4367842766292171,0.0896322664499292,0.034785092607575736,0.37208588957055216,0.9236453832586955,0.05173664
ml1m,44,SASRec,keps,3,0.01,0.25,double,0.0636,0.336830866498072,0.5106918063582364,0.31739009660593215,0.1335357092628696,0.843558282208589,0.561296928816645,0.57741135
ml1m,44,B_blind,keps,3,0.03,0.25,double,0.1724,0.13309001241406612,0.37798031086838907,0.06273727095957778,0.02386164151383936,0.6877300613496933,0.7395830308158513,0.24449687
ml1m,44,EASE,keps,3,0.03,0.25,double,0.1724,0.12752097754782996,0.37929962973513753,0.07140162621700497,0.02667976845193188,0.41932515337423315,0.910834465400405,0.017427135
ml1m,44,AFM,keps,3,0.03,0.25,double,0.1724,0.21545185703639033,0.43765497183577734,0.08993576751475496,0.0348481932740803,0.37300613496932516,0.9238777801180387,0.05165433
ml1m,44,SASRec,keps,3,0.03,0.25,double,0.1724,0.3378317381889572,0.5124680383723619,0.3180691159374068,0.13373713371440002,0.8432515337423313,0.5622676648381282,0.5774267
ml1m,44,B_blind,keps,3,0.05,0.25,double,0.2661,0.13334705890116139,0.37800498259491017,0.06272698278788877,0.023869868730511418,0.6883435582822086,0.7398685165346381,0.24410333
ml1m,44,EASE,keps,3,0.05,0.25,double,0.2661,0.13022148047271012,0.3859218533949772,0.07231212941148228,0.026996012701327735,0.4205521472392638,0.9122538310342634,0.017026924
ml1m,44,AFM,keps,3,0.05,0.25,double,0.2661,0.21536781921333215,0.4389406709679056,0.08992033525722146,0.03489595448280493,0.37147239263803683,0.9241897329474658,0.05155351
ml1m,44,SASRec,keps,3,0.05,0.25,double,0.2661,0.33881311342857795,0.5142354396678466,0.3185475159209457,0.13402046993514136,0.842638036809816,0.5630637550425452,0.5771068
ml1m,44,B_blind,keps,3,0.1,0.25,double,0.4692,0.1329386359440664,0.37764069926774213,0.06294303439335795,0.023913231643647757,0.6861963190184049,0.7405142959195028,0.24331734
ml1m,44,EASE,keps,3,0.1,0.25,double,0.4692,0.13474611033829353,0.3989408007726794,0.0734592605548068,0.027473570476083335,0.41779141104294476,0.9163449931981298,0.015697177
ml1m,44,AFM,keps,3,0.1,0.25,double,0.4692,0.21509332462082853,0.4400266806374683,0.089976920201511,0.035019639447590956,0.36871165644171777,0.9249783863185745,0.05091668
ml1m,44,SASRec,keps,3,0.1,0.25,double,0.4692,0.3402480579542396,0.5181660937922127,0.3202244879062542,0.13460531975542367,0.8404907975460123,0.5650581837135464,0.5757343
ml1m,44,B_blind,keps,4,0.01,0.25,double,0.0712,0.1353833585746782,0.37660778871280726,0.06275784730295579,0.02386257697007433,0.6865030674846626,0.7387514842896776,0.24675559
ml1m,44,EASE,keps,4,0.01,0.25,double,0.0712,0.1332497497748083,0.35155100757790614,0.0668113869484254,0.025143897800403173,0.42822085889570555,0.9062429238049798,0.03667836
ml1m,44,AFM,keps,4,0.01,0.25,double,0.0712,0.22019252373508655,0.4393096856461861,0.09037644420210085,0.03497826355358958,0.3684049079754601,0.9234331436417489,0.05318625
ml1m,44,SASRec,keps,4,0.01,0.25,double,0.0712,0.34141106740796373,0.5089028803884859,0.31862467720861326,0.1336599496865658,0.8432515337423313,0.5632803554557007,0.5793717
ml1m,44,B_blind,keps,4,0.03,0.25,double,0.2043,0.13551498250597419,0.37749746421910985,0.06291216987829093,0.023936484863538898,0.6874233128834356,0.7392525681138504,0.24596444
ml1m,44,EASE,keps,4,0.03,0.25,double,0.2043,0.13543528122622617,0.3623586199653556,0.06886387720038271,0.025856703245869403,0.4340490797546012,0.907666312555792,0.03414284
ml1m,44,AFM,keps,4,0.03,0.25,double,0.2043,0.22028029881931063,0.4399985425151935,0.09040216463132336,0.035036558541633074,0.3693251533742331,0.9237929090133661,0.053138413
ml1m,44,SASRec,keps,4,0.03,0.25,double,0.2043,0.3424878049947505,0.5108145346860342,0.3187892879556374,0.13384717833146562,0.843558282208589,0.5640368516629313,0.5785466
ml1m,44,B_blind,keps,4,0.05,0.25,double,0.3292,0.13510680644864972,0.37865562120122404,0.06289159353491292,0.02393927496989311,0.6883435582822086,0.7398632339056228,0.24509047
ml1m,44,EASE,keps,4,0.05,0.25,double,0.3292,0.13811566182450355,0.37613915518802377,0.07117871583040977,0.026641684947940544,0.4361963190184049,0.9093732474209983,0.030705048
ml1m,44,AFM,keps,4,0.05,0.25,double,0.3292,0.22038101527919998,0.440807491400177,0.09042274097470139,0.03506331265624587,0.3693251533742331,0.9241055959006874,0.05315126
ml1m,44,SASRec,keps,4,0.05,0.25,double,0.3292,0.3422250357523658,0.513196822288318,0.31917509439397523,0.1341023798314213,0.843558282208589,0.5646313681810329,0.57783365
ml1m,44,B_blind,keps,4,0.1,0.25,double,0.6615,0.13216717195027428,0.372147222843066,0.061975946254591095,0.02356030651906377,0.6834355828220859,0.741127818099065,0.24318409
ml1m,44,EASE,keps,4,0.1,0.25,double,0.6615,0.1406160468716875,0.39847790653445425,0.07313346845132151,0.027360059302346546,0.41779141104294476,0.9200906889710863,0.016018681
ml1m,44,AFM,keps,4,0.1,0.25,double,0.6615,0.2156190969599082,0.43881772049443357,0.0897694420724493,0.03490540545742874,0.36809815950920244,0.9263489345777687,0.050717086
ml1m,44,SASRec,keps,4,0.1,0.25,double,0.6615,0.34283557311333057,0.5197471960340381,0.32070803197563763,0.13490210700498803,0.8401840490797546,0.5664414167203744,0.5758573
ml1m,44,B_blind,keps,5,0.01,0.25,double,0.1225,0.13617858903756586,0.37615595942399277,0.06288130536322391,0.024046022646152902,0.6874233128834356,0.7385850832114269,0.24664448
ml1m,44,EASE,keps,5,0.01,0.25,double,0.1225,0.13496265233698423,0.3371178876817953,0.0655870945174333,0.02481396841553215,0.4294478527607362,0.9028571410988662,0.046666633
ml1m,44,AFM,keps,5,0.01,0.25,double,0.1225,0.21897790828100225,0.43657376015483534,0.09034557968703381,0.034997400392980826,0.36809815950920244,0.9233679889029127,0.053703226
ml1m,44,SASRec,keps,5,0.01,0.25,double,0.1225,0.34351743442309846,0.5079538267265281,0.31895389870266155,0.1336825197645826,0.8420245398773006,0.5640695469045005,0.5800445
ml1m,44,B_blind,keps,5,0.05,0.25,double,0.3449,0.1356532194703431,0.3789966877178626,0.06306649245362607,0.024007348565011258,0.6883435582822086,0.7400009221483947,0.24496394
ml1m,44,EASE,keps,5,0.05,0.25,double,0.3449,0.14316276599078262,0.3819764910059743,0.07169826850070474,0.02692483992130188,0.4368098159509202,0.9082862960858809,0.032277595
ml1m,44,AFM,keps,5,0.05,0.25,double,0.3449,0.2197219396689207,0.4399373719428335,0.09027356248521075,0.03506376251494503,0.37116564417177916,0.9237050710650725,0.05343625
ml1m,44,SASRec,keps,5,0.05,0.25,double,0.3449,0.34290321723294054,0.5139198934173661,0.3195866212615356,0.13416678529253956,0.8423312883435583,0.5644737095240129,0.5773964
ml1m,44,B_blind,keps,5,0.1,0.25,double,0.7885,0.13223471536673267,0.3725847188006197,0.06187306453770101,0.023579354145482793,0.6834355828220859,0.7417822767875428,0.24188368
ml1m,44,EASE,keps,5,0.1,0.25,double,0.7885,0.1455219947862295,0.4080726987111007,0.07403882755995432,0.027816503780644916,0.41840490797546015,0.9220312824168138,0.017749153
ml1m,44,AFM,keps,5,0.1,0.25,double,0.7885,0.21734176021515644,0.43941890656191185,0.08988775604687291,0.03497117750241084,0.3628834355828221,0.9268890071011737,0.051090542
ml1m,44,SASRec,keps,5,0.1,0.25,double,0.7885,0.34355229188106967,0.5215575685344186,0.32213294375456536,0.13549006548680037,0.8404907975460123,0.5675813401473428,0.5751263
ml1m,44,B_blind,keps,6,0.01,0.25,double,0.106,0.13674308607283922,0.3774452374155711,0.0634471548061194,0.024154801462368824,0.6920245398773006,0.7379830910426821,0.24701695
ml1m,44,EASE,keps,6,0.01,0.25,double,0.106,0.1363883342955388,0.3409445409114465,0.0661426557886398,0.02490748410652625,0.4343558282208589,0.8998390989909575,0.05742549
ml1m,44,AFM,keps,6,0.01,0.25,double,0.106,0.22055456193878611,0.43532890876975466,0.09072624203952716,0.03511010309635675,0.37331288343558283,0.9222353495646176,0.05519244
ml1m,44,SASRec,keps,6,0.01,0.25,double,0.106,0.3433291108359672,0.5070086455886939,0.3184754987191226,0.13351685013673267,0.842638036809816,0.5639274959719913,0.579685
ml1m,44,B_blind,keps,6,0.03,0.25,double,0.3156,0.13599459699719976,0.3781576544704534,0.06302533976687003,0.024064984374643297,0.6868098159509203,0.7393571719949401,0.24569236
ml1m,44,EASE,keps,6,0.03,0.25,double,0.3156,0.14483812450797254,0.37782374226235066,0.07130731797652239,0.02667813946458907,0.4423312883435583,0.9079103281062055,0.030727684
ml1m,44,AFM,keps,6,0.03,0.25,double,0.3156,0.219728919651881,0.4383089572981529,0.09029928291443327,0.035070323535904606,0.3696319018404908,0.9236931408885583,0.05352627
ml1m,44,SASRec,keps,6,0.03,0.25,double,0.3156,0.3438513912925106,0.5131750032750347,0.3198078169528493,0.13423156922291102,0.8429447852760736,0.5643723580937645,0.578363
ml1m,44,B_blind,keps,6,0.05,0.25,double,0.4417,0.13564778788737508,0.37810974937625313,0.06284015267646786,0.023994772194653652,0.6858895705521473,0.7402338264733843,0.24442276
ml1m,44,EASE,keps,6,0.05,0.25,double,0.4417,0.14567684550077448,0.3856744489765064,0.07238243191802385,0.02719826434885196,0.4395705521472393,0.9106851335351034,0.027522404
ml1m,44,AFM,keps,6,0.05,0.25,double,0.4417,0.21940540984617857,0.4391617290372668,0.09037130011625634,0.03513912615510376,0.36809815950920244,0.9242712818563295,0.0527099
ml1m,44,SASRec,keps,6,0.05,0.25,double,0.4417,0.3438616437921903,0.5157327030618543,0.3203993868249673,0.1346088696945988,0.8429447852760736,0.565190229556882,0.5770424
ml1m,44,B_blind,keps,6,0.1,0.25,double,0.6899,0.13191566561534881,0.37574045005237044,0.06266525375775471,0.023873740151316384,0.6809815950920245,0.74344283377401,0.23987181
ml1m,44,EASE,keps,6,0.1,0.25,double,0.6899,0.1392126134468749,0.4059396608673674,0.07470241463389542,0.02806262207091343,0.4128834355828221,0.9223043576340157,0.014784617
ml1m,44,AFM,keps,6,0.1,0.25,double,0.6899,0.2137067241996469,0.4392950727043961,0.08998034959207399,0.035017550067162694,0.36165644171779143,0.9268247833471992,0.0495072
ml1m,44,SASRec,keps,6,0.1,0.25,double,0.6899,0.3425094673379835,0.5220613406837584,0.3224930297636807,0.1357341926535579,0.839877300613497,0.5676241398883335,0.5719338
ml1m,45,B_blind,kappa,5,0.03,0.0,double,0.2423,0.12647804061904258,0.35961871698587405,0.06087511188386712,0.02313640038643617,0.6717791411042945,0.7451459563351057,0.23823033
ml1m,45,B_blind,kappa,5,0.03,0.05,double,0.2423,0.12869893761060472,0.36439653476532935,0.06146153767014064,0.023352129610149566,0.6751533742331288,0.7444853499906616,0.23888928
ml1m,45,B_blind,kappa,5,0.03,0.1,double,0.2423,0.13089290050834199,0.3691860327335318,0.061975946254591095,0.023575848046028733,0.6745398773006135,0.7431236003273785,0.24101792
ml1m,45,B_blind,kappa,5,0.03,0.25,double,0.2423,0.13563657611176275,0.3790007248010938,0.06308706879700408,0.024043041711418835,0.6877300613496933,0.7394011930618336,0.24563009
ml1m,45,B_blind,kappa,5,0.03,0.5,double,0.2423,0.14032212185994888,0.384790460536435,0.06484634615582464,0.024645009643510313,0.7079754601226994,0.7306605331280074,0.25712866
ml1m,45,B_blind,kappa,5,0.03,1.0,double,0.2423,0.14302164212254956,0.3768915735455603,0.0660191977283717,0.024983391175884974,0.7386503067484662,0.7137916684365897,0.28147408
ml1m,45,B_blind,kappa,5,0.03,1.5,double,0.2423,0.14229744233240177,0.3650248088526722,0.06630726653566395,0.024979708078248637,0.75,0.7057948745590996,0.30032152
ml1m,45,B_blind,kappa,5,0.03,0.0,single,0.2423,0.12647804061904258,0.35961871698587405,0.06087511188386712,0.02313640038643617,0.6717791411042945,0.7451459563351057,0.23823033
ml1m,45,B_blind,kappa,5,0.03,0.05,single,0.2423,0.12888519844901372,0.36454001190891905,0.06150269035689668,0.02336571232231391,0.6745398773006135,0.7444400700428826,0.23890778
ml1m,45,B_blind,kappa,5,0.03,0.1,single,0.2423,0.13125635546086767,0.36903572498918696,0.06201709894134713,0.023585726122821667,0.6748466257668712,0.7428907979373414,0.24143767
ml1m,45,B_blind,kappa,5,0.03,0.25,single,0.2423,0.13624600164325795,0.3781278133561107,0.06306649245362607,0.024015518181245282,0.6877300613496933,0.7386879794453689,0.24671502
ml1m,45,B_blind,kappa,5,0.03,0.5,single,0.2423,0.14111524911052395,0.38261688333209837,0.06511383861973889,0.024665588388897795,0.7101226993865031,0.7289016663492902,0.25973672
ml1m,45,B_blind,kappa,5,0.03,1.0,single,0.2423,0.1453602200821509,0.3696070545543628,0.06599862138499367,0.024935202359338417,0.7392638036809815,0.7113784736228634,0.28757548
ml1m,45,B_blind,kappa,5,0.03,1.5,single,0.2423,0.14365504242038207,0.3544595338000716,0.0655768063457443,0.024692020220436466,0.7515337423312883,0.7037939261537758,0.30918476
ml1m,45,EASE,kappa,5,0.03,0.0,double,0.2423,0.12939490074495386,0.3754534444626602,0.06893760909748728,0.026030772680193826,0.36319018404907977,0.9323181150655631,0.010699699
ml1m,45,EASE,kappa,5,0.03,0.05,double,0.2423,0.13799832069681936,0.39535838611324076,0.07233613514542331,0.027114901031520054,0.40797546012269936,0.928423461714778,0.013369479
ml1m,45,EASE,kappa,5,0.03,0.1,double,0.2423,0.1422413111343175,0.4009865169509494,0.07291570215057082,0.02733601208994392,0.4251533742331288,0.9222781082791567,0.017316537
ml1m,45,EASE,kappa,5,0.03,0.25,double,0.2423,0.14099615590527365,0.3749209223782407,0.07062315455920329,0.02651672595782398,0.4377300613496933,0.9059740964034508,0.0349767
ml1m,45,EASE,kappa,5,0.03,0.5,double,0.2423,0.1387935647756134,0.35011426019958075,0.06589059558225907,0.02485836288535772,0.43282208588957055,0.8945896180860251,0.07252029
ml1m,45,EASE,kappa,5,0.03,1.0,double,0.2423,0.13704343948985,0.3235213273528766,0.059222145632499654,0.022535964611548318,0.42392638036809815,0.8910380784169494,0.12808722
ml1m,45,EASE,kappa,5,0.03,1.5,double,0.2423,0.13489187408437753,0.3022964462414989,0.055765319944992585,0.0212948628219434,0.42024539877300615,0.8923912579700981,0.17112882
ml1m,45,EASE,kappa,5,0.03,0.0,single,0.2423,0.12939490074495386,0.3754534444626602,0.06893760909748728,0.026030772680193826,0.36319018404907977,0.9323181150655631,0.010699699
ml1m,45,EASE,kappa,5,0.03,0.05,single,0.2423,0.13846596172295686,0.39446881381571264,0.07258305126595953,0.027182108005746476,0.40950920245398775,0.9281580218357921,0.013658062
ml1m,45,EASE,kappa,5,0.03,0.1,single,0.2423,0.14334761981881405,0.39854305154249114,0.07279738817614721,0.027353419027343524,0.4269938650306748,0.9215533618115817,0.018149365
ml1m,45,EASE,kappa,5,0.03,0.25,single,0.2423,0.1425229206911598,0.365127301487178,0.06938857395652219,0.02602801572179088,0.4414110429447853,0.9048839128151296,0.037863556
ml1m,45,EASE,kappa,5,0.03,0.5,single,0.2423,0.14136089638064242,0.33281621738778366,0.06324653545818372,0.02392165530414883,0.43650306748466255,0.8943580916186304,0.0802426
ml1m,45,EASE,kappa,5,0.03,1.0,single,0.2423,0.13566530768277354,0.30686954082829077,0.05651121239244575,0.021565254098976368,0.4233128834355828,0.8908706456812368,0.14725357
ml1m,45,EASE,kappa,5,0.03,1.5,single,0.2423,0.13249529357876322,0.2860743391502206,0.05333216734054192,0.02032527695063265,0.4144171779141104,0.8923108735812815,0.19759822
ml1m,45,AFM,kappa,5,0.03,0.0,double,0.2423,0.21024525072491407,0.4306562232586529,0.08825022205303894,0.03443995951214658,0.36073619631901843,0.930159838423948,0.04815533
ml1m,45,AFM,kappa,5,0.03,0.05,double,0.2423,0.21413153716014915,0.43623807610075327,0.08904927005421867,0.03469360590255921,0.36257668711656443,0.9290642727963634,0.049105443
ml1m,45,AFM,kappa,5,0.03,0.1,double,0.2423,0.21626583159087828,0.4384603468261311,0.08991347647609543,0.034948942071816654,0.36226993865030677,0.9277705680276318,0.050282415
ml1m,45,AFM,kappa,5,0.03,0.25,double,0.2423,0.21998201333708828,0.44020495838106277,0.09047418183314643,0.03509276204264195,0.3696319018404908,0.9232823607024156,0.053622976
ml1m,45,AFM,kappa,5,0.03,0.5,double,0.2423,0.2134646230547004,0.42534948202797024,0.0890012585863366,0.03425855871263708,0.3843558282208589,0.9154260660108029,0.058896694
ml1m,45,AFM,kappa,5,0.03,1.0,double,0.2423,0.19118518285497912,0.39209583187070923,0.08118224810268967,0.03128586474197278,0.4076687116564417,0.9051157324638586,0.06823939
ml1m,45,AFM,kappa,5,0.03,1.5,double,0.2423,0.17990604995065182,0.3720430527775823,0.07658857944354708,0.029526595488217667,0.4226993865030675,0.9012999767664047,0.07866645
ml1m,45,AFM,kappa,5,0.03,0.0,single,0.2423,0.21024525072491407,0.4306562232586529,0.08825022205303894,0.03443995951214658,0.36073619631901843,0.930159838423948,0.04815533
ml1m,45,AFM,kappa,5,0.03,0.05,single,0.2423,0.21435403680801868,0.43633860677931335,0.0890801345692857,0.03470294821143862,0.36257668711656443,0.9289739647401001,0.049235594
ml1m,45,AFM,kappa,5,0.03,0.1,single,0.2423,0.21662675025891026,0.4380961122440487,0.09000607002129651,0.03496060724855874,0.36257668711656443,0.9276058875356401,0.050590023
ml1m,45,AFM,kappa,5,0.03,0.25,single,0.2423,0.2208706506149313,0.4391346370650801,0.09075196246874968,0.03516132765605384,0.36809815950920244,0.9228642030135252,0.05424027
ml1m,45,AFM,kappa,5,0.03,0.5,single,0.2423,0.21497109373937415,0.42211667563244754,0.08880063923840092,0.034171666030999345,0.3852760736196319,0.9145137027401313,0.060151342
ml1m,45,AFM,kappa,5,0.03,1.0,single,0.2423,0.19171252389182594,0.38065400784138,0.07986021804065199,0.030778516333714107,0.4088957055214724,0.9034441134837092,0.07032686
ml1m,45,AFM,kappa,5,0.03,1.5,single,0.2423,0.1789476582221572,0.3552607370506765,0.07410398598065138,0.028590988788774252,0.42208588957055215,0.8999498928168173,0.0818959
ml1m,45,SASRec,kappa,5,0.03,0.0,double,0.2423,0.34299384177216885,0.5250473002193938,0.3234935544604368,0.13629475639791075,0.838036809815951,0.5699278881217502,0.56930315
ml1m,45,SASRec,kappa,5,0.03,0.05,double,0.2423,0.3442923961285403,0.5243590926687087,0.32345497381660304,0.13620836127231917,0.8383435582822086,0.5691822137456664,0.5712831
ml1m,45,SASRec,kappa,5,0.03,0.1,double,0.2423,0.34438617713971076,0.522519734229904,0.32299200609059764,0.13584255807310022,0.839877300613497,0.5681521761976267,0.5732039
ml1m,45,SASRec,kappa,5,0.03,0.25,double,0.2423,0.341962405121823,0.512242884104843,0.3190104836469511,0.13391190030629768,0.8423312883435583,0.5637827511795577,0.5783243
ml1m,45,SASRec,kappa,5,0.03,0.5,double,0.2423,0.3351904827786296,0.4897176828273848,0.3102929728357973,0.13007150612495105,0.8475460122699386,0.5544853506218379,0.5851907
ml1m,45,SASRec,kappa,5,0.03,1.0,double,0.2423,0.31130030557457045,0.45197348251477143,0.28635411201075456,0.12030865724220191,0.8552147239263803,0.5414665495245758,0.5962222
ml1m,45,SASRec,kappa,5,0.03,1.5,double,0.2423,0.2851211213823891,0.42337032886866066,0.2648689801335405,0.11159239074561854,0.8607361963190184,0.5369812314083111,0.6049224
ml1m,45,SASRec,kappa,5,0.03,0.0,single,0.2423,0.34299384177216885,0.5250473002193938,0.3234935544604368,0.13629475639791075,0.838036809815951,0.5699278881217502,0.56930315
ml1m,45,SASRec,kappa,5,0.03,0.05,single,0.2423,0.3445796414955915,0.5241053025970326,0.323372668443091,0.13618531586116359,0.8383435582822086,0.5691474933753324,0.57147145
ml1m,45,SASRec,kappa,5,0.03,0.1,single,0.2423,0.34505050064053916,0.5218772989852241,0.322853115772796,0.13578541012126116,0.8401840490797546,0.5681175145266775,0.5736504
ml1m,45,SASRec,kappa,5,0.03,0.25,single,0.2423,0.3432517569253625,0.509903604131443,0.3183108879720985,0.1336465949900483,0.8429447852760736,0.563623829223419,0.57936144
ml1m,45,SASRec,kappa,5,0.03,0.5,single,0.2423,0.3366078117081814,0.48338503457096577,0.30834850838657457,0.1292686186810192,0.8478527607361963,0.5541810583776738,0.58724266
ml1m,45,SASRec,kappa,5,0.03,1.0,single,0.2423,0.3110403333780971,0.4382032061929863,0.28137978099911864,0.1181996153436432,0.8558282208588958,0.54178181823805,0.60008323
ml1m,45,SASRec,kappa,5,0.03,1.5,single,0.2423,0.28244101869856375,0.40554705773100475,0.2567824771859793,0.10827708617309074,0.8607361963190184,0.5390350045258487,0.60988075
ml1m,45,B_blind,keps,3,0.01,0.25,double,0.0627,0.1329093070343928,0.37775466642641115,0.0625417956974866,0.023748196875447294,0.6858895705521473,0.7391909826762968,0.24520007
ml1m,45,EASE,keps,3,0.01,0.25,double,0.0627,0.12429045154997637,0.36957763337223887,0.06971436606000747,0.026123698993719607,0.4174846625766871,0.908996869492396,0.017911706
ml1m,45,AFM,keps,3,0.01,0.25,double,0.0627,0.21571875015787872,0.4368636018663021,0.08976601268188632,0.03482673265462094,0.3726993865030675,0.923537628230541,0.05184981
ml1m,45,SASRec,keps,3,0.01,0.25,double,0.0627,0.33680576358715575,0.5104554161413244,0.3173335116616426,0.13346653126860739,0.8438650306748466,0.5612194759255835,0.57776517
ml1m,45,B_blind,keps,3,0.03,0.25,double,0.1721,0.1330883267546594,0.3779705955146662,0.06273727095957778,0.023861616257822807,0.6877300613496933,0.7395885110030103,0.24449328
ml1m,45,EASE,keps,3,0.03,0.25,double,0.1721,0.12750457590008477,0.37917058980365015,0.07139133804531596,0.02667711207658769,0.41932515337423315,0.9108180737550822,0.017434336
ml1m,45,AFM,keps,3,0.03,0.25,double,0.1721,0.2154248685243948,0.4376388965383448,0.08992547934306595,0.034843936628230744,0.37300613496932516,0.9238728285409283,0.051658966
ml1m,45,SASRec,keps,3,0.03,0.25,double,0.1721,0.3378337069136529,0.5124835584662006,0.31803310733649526,0.13372533990311633,0.8432515337423313,0.5622678491415718,0.577457
ml1m,45,B_blind,keps,3,0.05,0.25,double,0.2662,0.13335110484858506,0.3780109081350595,0.06271669461619976,0.023866907392599678,0.6883435582822086,0.7398587191024271,0.24412136
ml1m,45,EASE,keps,3,0.05,0.25,double,0.2662,0.1302484832923701,0.38597534384323984,0.07229155306810427,0.02699196767362584,0.4205521472392638,0.9122770062455512,0.017022809
ml1m,45,AFM,keps,3,0.05,0.25,double,0.2662,0.21536860758035084,0.4389559752513866,0.08994091160059947,0.03490101124907722,0.37147239263803683,0.9242011865859661,0.051544763
ml1m,45,SASRec,keps,3,0.05,0.25,double,0.2662,0.3388265198386943,0.5142279758428548,0.3185372277492567,0.13402331872797063,0.8423312883435583,0.5630652420936189,0.57710516
ml1m,45,B_blind,keps,3,0.1,0.25,double,0.4692,0.1329386359440664,0.37764069926774213,0.06294303439335795,0.023913231643647757,0.6861963190184049,0.7405142959195028,0.24331734
ml1m,45,EASE,keps,3,0.1,0.25,double,0.4692,0.13474621110655075,0.3989408943015129,0.0734592605548068,0.027473570476083335,0.41779141104294476,0.9163453930482381,0.015697177
ml1m,45,AFM,keps,3,0.1,0.25,double,0.4692,0.21509332462082853,0.4400266806374683,0.089976920201511,0.035019639447590956,0.36871165644171777,0.9249782780718603,0.05091668
ml1m,45,SASRec,keps,3,0.1,0.25,double,0.4692,0.3402480579542396,0.5181660937922127,0.3202244879062542,0.13460531975542367,0.8404907975460123,0.5650579571212988,0.5757343
ml1m,45,B_blind,keps,4,0.01,0.25,double,0.071,0.1353902736038759,0.37663861316711394,0.0627784236463338,0.023873166047468707,0.6865030674846626,0.7387428056172407,0.24675563
ml1m,45,EASE,keps,4,0.01,0.25,double,0.071,0.13324186951479464,0.35155990045988345,0.0668113869484254,0.025147550434464577,0.42822085889570555,0.9062501094301696,0.036684535
ml1m,45,AFM,keps,4,0.01,0.25,double,0.071,0.22016596039056266,0.4392945704589804,0.09037644420210085,0.03498067102316288,0.3684049079754601,0.9234346562554576,0.05318316
ml1m,45,SASRec,keps,4,0.01,0.25,double,0.071,0.34136016471772757,0.508897400848425,0.31862467720861326,0.13366379972188763,0.8432515337423313,0.5632844672529072,0.5793619
ml1m,45,B_blind,keps,4,0.03,0.25,double,0.2134,0.135047555629731,0.37735629392231,0.06290188170660192,0.0239452232235841,0.6874233128834356,0.7393174631236896,0.24576025
ml1m,45,EASE,keps,4,0.03,0.25,double,0.2134,0.13385145063119797,0.3647301055709333,0.06924968363872057,0.025990614821616985,0.43558282208588955,0.9072446389000062,0.034680396
ml1m,45,AFM,keps,4,0.03,0.25,double,0.2134,0.2203290493082248,0.439420941190314,0.0904381732322349,0.03501983750112787,0.37055214723926383,0.9236579240981613,0.053439848
ml1m,45,SASRec,keps,4,0.03,0.25,double,0.2134,0.3414848178018578,0.5107615148769183,0.31892303418759455,0.13384223922736369,0.8432515337423313,0.5638778646956464,0.5784853
ml1m,45,B_blind,keps,4,0.05,0.25,double,0.3294,0.1350980641881761,0.37861866130124955,0.06289159353491292,0.023939196774083668,0.6883435582822086,0.7398355612484842,0.24513832
ml1m,45,EASE,keps,4,0.05,0.25,double,0.3294,0.13806303614155543,0.3760842065026787,0.07117871583040977,0.02663327538435678,0.4361963190184049,0.9093867347091416,0.030649493
ml1m,45,AFM,keps,4,0.05,0.25,double,0.3294,0.22036579797973824,0.44082237356694465,0.09039187645963435,0.03505579419509482,0.3693251533742331,0.9241085425466709,0.053142007
ml1m,45,SASRec,keps,4,0.05,0.25,double,0.3294,0.3421872642884296,0.5132102366919035,0.3191648062222862,0.1340921801909048,0.843558282208589,0.5646258378153679,0.57784134
ml1m,45,B_blind,keps,4,0.1,0.25,double,0.6245,0.13394476534659985,0.3757374628557692,0.06275784730295579,0.023922947843336383,0.6868098159509203,0.7410273130760705,0.24337335
ml1m,45,EASE,keps,4,0.1,0.25,double,0.6245,0.14328373203338696,0.3904392156572494,0.07324149425405611,0.02749344344672336,0.4279141104294479,0.9158234078249561,0.022968343
ml1m,45,AFM,keps,4,0.1,0.25,double,0.6245,0.2189270768945601,0.4402968151079865,0.09047932591899094,0.03518606627563189,0.36687116564417177,0.9256622442466238,0.052297343
ml1m,45,SASRec,keps,4,0.1,0.25,double,0.6245,0.3441338040916162,0.5175948751146211,0.32044568359756787,0.13470320217639042,0.8401840490797546,0.5666978544491323,0.57682794
ml1m,45,B_blind,keps,5,0.01,0.25,double,0.1089,0.1367117475508847,0.3763575874537329,0.06301505159518102,0.024041139443866186,0.6886503067484663,0.7384129624146578,0.2467875
ml1m,45,EASE,keps,5,0.01,0.25,double,0.1089,0.13736276224804805,0.33564221907179836,0.06597804504161565,0.02487670642857518,0.4263803680981595,0.9031709716774206,0.04797169
ml1m,45,AFM,keps,5,0.01,0.25,double,0.1089,0.21973207566095213,0.43697482476021837,0.09036101194456733,0.03501595368014113,0.37024539877300616,0.9232500182883296,0.053874012
ml1m,45,SASRec,keps,5,0.01,0.25,double,0.1089,0.3437998095462128,0.5077181791884934,0.31851665140587865,0.13353596652784241,0.8414110429447853,0.5643970822113913,0.5800425
ml1m,45,B_blind,keps,5,0.05,0.25,double,0.3449,0.13565366699180711,0.3789973426115902,0.06306649245362607,0.02400749707354655,0.6883435582822086,0.7400020973984369,0.2449624
ml1m,45,EASE,keps,5,0.05,0.25,double,0.3449,0.1431747866924834,0.3819720958989683,0.07169826850070474,0.026925013070448818,0.4371165644171779,0.9082816604124471,0.032279138
ml1m,45,AFM,keps,5,0.05,0.25,double,0.3449,0.21972349926098586,0.43994515266049056,0.09027356248521075,0.03506376251494503,0.37116564417177916,0.9237063416227171,0.053437278
ml1m,45,SASRec,keps,5,0.05,0.25,double,0.3449,0.3429096835538829,0.5139226187304403,0.3195866212615356,0.13416892955716525,0.8423312883435583,0.5644728176720744,0.5773923
ml1m,45,B_blind,keps,5,0.1,0.25,double,0.766,0.13128007759386887,0.37485403644545545,0.06257266021255363,0.023825673839854362,0.6803680981595092,0.7440350430275955,0.23972623
ml1m,45,EASE,keps,5,0.1,0.25,double,0.766,0.13625951913302584,0.40348559050532834,0.07380219961110711,0.027664037416367637,0.40644171779141103,0.9244257881039322,0.013924525
ml1m,45,AFM,keps,5,0.1,0.25,double,0.766,0.21184382408101698,0.4385478644059015,0.08998034959207399,0.03498327542046917,0.3638036809815951,0.9274152350907192,0.04893723
ml1m,45,SASRec,keps,5,0.1,0.25,double,0.766,0.34296706673923755,0.5229643734627922,0.32268850502577184,0.1357867756262543,0.839877300613497,0.5679975288821484,0.5716294
ml1m,45,B_blind,keps,6,0.01,0.25,double,0.0993,0.1371788287581054,0.3772820028667262,0.06343686663443039,0.024152332189701926,0.6914110429447853,0.737847699650019,0.2473678
ml1m,45,EASE,keps,6,0.01,0.25,double,0.0993,0.13853705704183633,0.339467266626288,0.06653360631282215,0.025019993797536312,0.43558282208588955,0.900107219475168,0.058538668
ml1m,45,AFM,keps,6,0.01,0.25,double,0.0993,0.22118583350795276,0.4354016054748196,0.09074167429706068,0.035122887123751834,0.37331288343558283,0.9222902562114519,0.05528864
ml1m,45,SASRec,keps,6,0.01,0.25,double,0.0993,0.34340852051692106,0.5065345530242392,0.3180073869072727,0.1333693303028808,0.842638036809816,0.5640765081465593,0.5800687
ml1m,45,B_blind,keps,6,0.03,0.25,double,0.3085,0.1358495193875938,0.3779502041580411,0.0631179333120711,0.02406438992815463,0.6868098159509203,0.7394397210024566,0.24558531
ml1m,45,EASE,keps,6,0.03,0.25,double,0.3085,0.14468430772240765,0.3770857584234772,0.0709729523966296,0.026598695556034706,0.4420245398773006,0.9075736890297224,0.030740026
ml1m,45,AFM,keps,6,0.03,0.25,double,0.3085,0.2193411224932743,0.4382282419067675,0.09017068076832066,0.035026609370193675,0.37024539877300616,0.9236689883009601,0.053466603
ml1m,45,SASRec,keps,6,0.03,0.25,double,0.3085,0.3434624653084555,0.5130558947688179,0.31975123200855976,0.13418462990734964,0.8429447852760736,0.5642956676635251,0.57818854
ml1m,45,B_blind,keps,6,0.05,0.25,double,0.4417,0.13564712723799488,0.378109117229304,0.06284015267646786,0.023994588360904873,0.6858895705521473,0.7402330441305127,0.24442276
ml1m,45,EASE,keps,6,0.05,0.25,double,0.4417,0.1456855066341051,0.3856773994289742,0.07238243191802385,0.027198190853782132,0.4395705521472393,0.9106998200579834,0.027485365
ml1m,45,AFM,keps,6,0.05,0.25,double,0.4417,0.2194063321444509,0.43916166158332964,0.09037130011625634,0.035139230290749876,0.36809815950920244,0.9242705055096314,0.052708875
ml1m,45,SASRec,keps,6,0.05,0.25,double,0.4417,0.34386166585570327,0.5157329159332718,0.3203993868249673,0.1346084188283261,0.8429447852760736,0.5651892098917677,0.5770424
ml1m,45,B_blind,keps,6,0.1,0.25,double,0.766,0.1307319827773233,0.3747870804844203,0.062377184950462454,0.023767315890441624,0.6797546012269938,0.744469008839433,0.23940833
ml1m,45,EASE,keps,6,0.1,0.25,double,0.766,0.13438474957971325,0.40308576616855957,0.07352441897550387,0.027569178716266504,0.401840490797546,0.9252403840782779,0.013322669
ml1m,45,AFM,keps,6,0.1,0.25,double,0.766,0.2113621620212215,0.43816525588381405,0.08986717970349489,0.03494850289845946,0.36349693251533743,0.927633646348327,0.048558116
ml1m,45,SASRec,keps,6,0.1,0.25,double,0.766,0.3422192153370973,0.5234566328120952,0.32296628566137514,0.1358925335236843,0.8401840490797546,0.5681960962763319,0.57063496
ml1m,46,B_blind,kappa,5,0.03,0.0,double,0.2423,0.12647804061904258,0.35961871698587405,0.06087511188386712,0.02313640038643617,0.6717791411042945,0.7451459563351057,0.23823033
ml1m,46,B_blind,kappa,5,0.03,0.05,double,0.2423,0.12869888858871606,0.3643962121578615,0.061451249498451634,0.023349923847541535,0.6751533742331288,0.7444798931570213,0.23888928
ml1m,46,B_blind,kappa,5,0.03,0.1,double,0.2423,0.13089266100505118,0.36918617796314096,0.061975946254591095,0.023575956295960505,0.6745398773006135,0.7431235807609169,0.24101792
ml1m,46,B_blind,kappa,5,0.03,0.25,double,0.2423,0.1356392866880428,0.37900099850185637,0.06307678062531508,0.024041288722265065,0.6877300613496933,0.7394018819906312,0.24562699
ml1m,46,B_blind,kappa,5,0.03,0.5,double,0.2423,0.1403215761935731,0.38479146606964015,0.06484634615582464,0.024645830977054004,0.7079754601226994,0.7306550431576178,0.25712866
ml1m,46,B_blind,kappa,5,0.03,1.0,double,0.2423,0.14303652720556376,0.37699662381433663,0.06603977407174971,0.02499336791826542,0.7386503067484662,0.7137890604166255,0.28147617
ml1m,46,B_blind,kappa,5,0.03,1.5,double,0.2423,0.14230477430958158,0.3650365689990667,0.06633813105073097,0.024989613956779747,0.75,0.7058020115837238,0.3002896
ml1m,46,B_blind,kappa,5,0.03,0.0,single,0.2423,0.12647804061904258,0.35961871698587405,0.06087511188386712,0.02313640038643617,0.6717791411042945,0.7451459563351057,0.23823033
ml1m,46,B_blind,kappa,5,0.03,0.05,single,0.2423,0.12888554471925506,0.3645406416297619,0.06149240218520767,0.02336366495949858,0.6745398773006135,0.7444346100533614,0.23890778
ml1m,46,B_blind,kappa,5,0.03,0.1,single,0.2423,0.13125589814495783,0.3690348046581569,0.06201709894134713,0.02358591244577261,0.6748466257668712,0.7428910879627948,0.24143665
ml1m,46,B_blind,kappa,5,0.03,0.25,single,0.2423,0.1362488498001922,0.37812867940615214,0.06306649245362607,0.024016790381061658,0.6877300613496933,0.7386891515395302,0.24671502
ml1m,46,B_blind,kappa,5,0.03,0.5,single,0.2423,0.14111472204149045,0.3826181482018079,0.0651241267914279,0.024669326212706795,0.7101226993865031,0.7288982381158835,0.2597321
ml1m,46,B_blind,kappa,5,0.03,1.0,single,0.2423,0.1453756056964683,0.36970937105515383,0.06600890955668268,0.024942167995328477,0.7392638036809815,0.711376534649647,0.28757754
ml1m,46,B_blind,kappa,5,0.03,1.5,single,0.2423,0.14367069938766613,0.3544932639661438,0.0655870945174333,0.024697850655831646,0.7515337423312883,0.7038047299964016,0.30914155
ml1m,46,EASE,kappa,5,0.03,0.0,double,0.2423,0.12939490074495386,0.3754534444626602,0.06893760909748728,0.026030772680193826,0.36319018404907977,0.9323181150655631,0.010699699
ml1m,46,EASE,kappa,5,0.03,0.05,double,0.2423,0.1379964179443798,0.3953587897271376,0.0723258469737343,0.02711309749712197,0.4076687116564417,0.9284211348838007,0.013369994
ml1m,46,EASE,kappa,5,0.03,0.1,double,0.2423,0.14224329130511407,0.4009919716703564,0.07291570215057082,0.027336376719981372,0.42484662576687116,0.9222864858805573,0.017305221
ml1m,46,EASE,kappa,5,0.03,0.25,double,0.2423,0.14099877269111885,0.3749398199719185,0.0706334427308923,0.02652061636066839,0.4377300613496933,0.9059688699491151,0.034968983
ml1m,46,EASE,kappa,5,0.03,0.5,double,0.2423,0.13879498399243922,0.3501480298020764,0.0659111719256371,0.024864483184294694,0.43282208588957055,0.8946077568270066,0.072513096
ml1m,46,EASE,kappa,5,0.03,1.0,double,0.2423,0.13705995697427797,0.32357226956319085,0.059242721975877675,0.022541374554160068,0.42392638036809815,0.8910355073207914,0.12809803
ml1m,46,EASE,kappa,5,0.03,1.5,double,0.2423,0.13489686189584393,0.30239128500267587,0.05574474360161456,0.02129060517310902,0.42024539877300615,0.8923909124011411,0.1710671
ml1m,46,EASE,kappa,5,0.03,0.0,single,0.2423,0.12939490074495386,0.3754534444626602,0.06893760909748728,0.026030772680193826,0.36319018404907977,0.9323181150655631,0.010699699
ml1m,46,EASE,kappa,5,0.03,0.05,single,0.2423,0.13846541186262698,0.39447528455596614,0.07257276309427052,0.027179953164993918,0.40950920245398775,0.928155842068864,0.013658577
ml1m,46,EASE,kappa,5,0.03,0.1,single,0.2423,0.14335270828393099,0.3985587586507305,0.07279738817614721,0.02735535908157642,0.4269938650306748,0.9215625993905237,0.018137535
ml1m,46,EASE,kappa,5,0.03,0.25,single,0.2423,0.14252309348106418,0.3651436879219912,0.06941943847158921,0.026035520543200727,0.4414110429447853,0.9048868313737732,0.03785481
ml1m,46,EASE,kappa,5,0.03,0.5,single,0.2423,0.14137734691125733,0.33284597114984044,0.06323624728649471,0.023920393116768825,0.43650306748466255,0.8943702663759132,0.08023385
ml1m,46,EASE,kappa,5,0.03,1.0,single,0.2423,0.13566895803132406,0.30692822430149796,0.05653178873582376,0.021570556051832744,0.4236196319018405,0.8908769148386173,0.14725357
ml1m,46,EASE,kappa,5,0.03,1.5,single,0.2423,0.1325157214904037,0.28618703899168374,0.0533115909971639,0.02032096964126355,0.4144171779141104,0.8923147613109452,0.19753134
ml1m,46,AFM,kappa,5,0.03,0.0,double,0.2423,0.21024525072491407,0.4306562232586529,0.08825022205303894,0.03443995951214658,0.36073619631901843,0.930159838423948,0.04815533
ml1m,46,AFM,kappa,5,0.03,0.05,double,0.2423,0.21413136783379333,0.4362376672118784,0.08904927005421867,0.03469348280284269,0.36257668711656443,0.9290642800548894,0.049105443
ml1m,46,AFM,kappa,5,0.03,0.1,double,0.2423,0.21626568854867093,0.4384606538977423,0.08991347647609543,0.03494923004121155,0.36226993865030677,0.9277703600550813,0.050282925
ml1m,46,AFM,kappa,5,0.03,0.25,double,0.2423,0.21998535457476404,0.44020090056707745,0.09047418183314643,0.03509272822177635,0.3696319018404908,0.92327887945021,0.05362195
ml1m,46,AFM,kappa,5,0.03,0.5,double,0.2423,0.21346497228647277,0.42534766036746247,0.0889909704146476,0.03425642190059373,0.3843558282208589,0.9154259653382026,0.058897212
ml1m,46,AFM,kappa,5,0.03,1.0,double,0.2423,0.19119569056695868,0.39225267449845125,0.08118224810268967,0.03128925872954887,0.4076687116564417,0.9051192260239995,0.06822087
ml1m,46,AFM,kappa,5,0.03,1.5,double,0.2423,0.17991394063231103,0.3720618512909231,0.0765988676152361,0.02953646732952027,0.4226993865030675,0.9012995475666044,0.07866645
ml1m,46,AFM,kappa,5,0.03,0.0,single,0.2423,0.21024525072491407,0.4306562232586529,0.08825022205303894,0.03443995951214658,0.36073619631901843,0.930159838423948,0.04815533
ml1m,46,AFM,kappa,5,0.03,0.05,single,0.2423,0.21435440808088907,0.43634037800301073,0.0890801345692857,0.03470323618083352,0.36257668711656443,0.9289740152341943,0.049235594
ml1m,46,AFM,kappa,5,0.03,0.1,single,0.2423,0.21662676862537059,0.4380966733979579,0.09000607002129651,0.034961221989000785,0.36257668711656443,0.9276056615745687,0.05059054
ml1m,46,AFM,kappa,5,0.03,0.25,single,0.2423,0.2208688359170997,0.4391267533201556,0.09075196246874968,0.03516114382230506,0.36809815950920244,0.9228660974888212,0.054239754
ml1m,46,AFM,kappa,5,0.03,0.5,single,0.2423,0.2149746491276743,0.4221289524729053,0.08880063923840092,0.03417594755208127,0.3852760736196319,0.9145143361254251,0.060148254
ml1m,46,AFM,kappa,5,0.03,1.0,single,0.2423,0.1917263227081645,0.3808243087566095,0.079870506212341,0.030784200311243456,0.4088957055214724,0.9034460843313228,0.07030988
ml1m,46,AFM,kappa,5,0.03,1.5,single,0.2423,0.17896076136821806,0.355282543806524,0.07410398598065138,0.02859201907789872,0.42208588957055215,0.8999491385612854,0.08188923
ml1m,46,SASRec,kappa,5,0.03,0.0,double,0.2423,0.34299384177216885,0.5250473002193938,0.3234935544604368,0.13629475639791075,0.838036809815951,0.5699278881217502,0.56930315
ml1m,46,SASRec,kappa,5,0.03,0.05,double,0.2423,0.3442910620056468,0.5243588114767864,0.323444685644914,0.13620642102216063,0.8383435582822086,0.5691822714982866,0.57128364
ml1m,46,SASRec,kappa,5,0.03,0.1,double,0.2423,0.34438519125080025,0.5225190932604773,0.32299200609059764,0.13584344914799645,0.839877300613497,0.5681524466566186,0.57320493
ml1m,46,SASRec,kappa,5,0.03,0.25,double,0.2423,0.34196091872758805,0.5122376891910659,0.31902077181864014,0.13391596831197103,0.8423312883435583,0.5637842114056437,0.57832795
ml1m,46,SASRec,kappa,5,0.03,0.5,double,0.2423,0.33518440354298806,0.48971537448107266,0.3102826846641083,0.13007143238513458,0.8475460122699386,0.5544876569395893,0.5851912
ml1m,46,SASRec,kappa,5,0.03,1.0,double,0.2423,0.311290949952979,0.451981865710533,0.28634382383906554,0.12030809918778088,0.8552147239263803,0.5414657185811387,0.5962145
ml1m,46,SASRec,kappa,5,0.03,1.5,double,0.2423,0.2851263936831331,0.42338072376670427,0.2648689801335405,0.11159488434065704,0.8607361963190184,0.5369718249897417,0.60491365
ml1m,46,SASRec,kappa,5,0.03,0.0,single,0.2423,0.34299384177216885,0.5250473002193938,0.3234935544604368,0.13629475639791075,0.838036809815951,0.5699278881217502,0.56930315
ml1m,46,SASRec,kappa,5,0.03,0.05,single,0.2423,0.34457834425101086,0.524105205122462,0.32336238027140196,0.13618341375918003,0.8383435582822086,0.5691481122435744,0.571472
ml1m,46,SASRec,kappa,5,0.03,0.1,single,0.2423,0.34504950245885774,0.5218765967766802,0.32286340394448504,0.13578887883689927,0.8401840490797546,0.5681171102583358,0.5736515
ml1m,46,SASRec,kappa,5,0.03,0.25,single,0.2423,0.3432504073786655,0.5098985231922868,0.3183108879720985,0.13364821949516853,0.8429447852760736,0.5636254396694353,0.579365
ml1m,46,SASRec,kappa,5,0.03,0.5,single,0.2423,0.3365949274552209,0.4833821678875307,0.3083279320431966,0.12926329237413664,0.8478527607361963,0.5541811536852765,0.5872417
ml1m,46,SASRec,kappa,5,0.03,1.0,single,0.2423,0.3110309362518435,0.4382174881475944,0.2813694928274296,0.11820428139777418,0.8558282208588958,0.5417831194077396,0.6000741
ml1m,46,SASRec,kappa,5,0.03,1.5,single,0.2423,0.2824422526807563,0.4055538169926764,0.2567824771859793,0.10827731995051132,0.8607361963190184,0.5390192023990752,0.60987765
ml1m,46,B_blind,keps,3,0.01,0.25,double,0.0636,0.1328340536660059,0.3776854663888249,0.0625417956974866,0.023767231845001482,0.6861963190184049,0.7393380495658863,0.24496701
ml1m,46,EASE,keps,3,0.01,0.25,double,0.0636,0.1240945406047335,0.3696168594839783,0.0697555187467635,0.02614622740916285,0.4162576687116564,0.9089992250418895,0.017871069
ml1m,46,AFM,keps,3,0.01,0.25,double,0.0636,0.21576470064362288,0.4367842766292171,0.0896322664499292,0.034785092607575736,0.37208588957055216,0.9236453832586955,0.05173664
ml1m,46,SASRec,keps,3,0.01,0.25,double,0.0636,0.336830866498072,0.5106918063582364,0.31739009660593215,0.1335357092628696,0.843558282208589,0.561296928816645,0.57741135
ml1m,46,B_blind,keps,3,0.03,0.25,double,0.172,0.13308270386602525,0.3779639833443893,0.06275784730295579,0.023867918212376504,0.6877300613496933,0.7395823179023591,0.24449122
ml1m,46,EASE,keps,3,0.03,0.25,double,0.172,0.12750776672452108,0.37926625307624123,0.07140162621700497,0.026680330359037868,0.41932515337423315,0.9108063266196595,0.017448742
ml1m,46,AFM,keps,3,0.03,0.25,double,0.172,0.21542904415512704,0.4376488227971795,0.08994605568644397,0.034849893223111134,0.37300613496932516,0.9238769154066759,0.051655363
ml1m,46,SASRec,keps,3,0.03,0.25,double,0.172,0.3378092371557804,0.5124443100661574,0.31805882776571776,0.13372658430379072,0.8432515337423313,0.5622610359103266,0.5774067
ml1m,46,B_blind,keps,3,0.05,0.25,double,0.2662,0.1333535926123885,0.3780269865293394,0.06272698278788877,0.023869868730511418,0.6883435582822086,0.7398702096647336,0.24410333
ml1m,46,EASE,keps,3,0.05,0.25,double,0.2662,0.13023115135489324,0.3859283890219925,0.07232241758317129,0.02699835501193481,0.4205521472392638,0.9122607859645604,0.017006863
ml1m,46,AFM,keps,3,0.05,0.25,double,0.2662,0.2153684099260895,0.43894089142872755,0.08992033525722146,0.03489595448280493,0.37147239263803683,0.9241899819464676,0.051553
ml1m,46,SASRec,keps,3,0.05,0.25,double,0.2662,0.33882363041922126,0.5142359204163287,0.3185475159209457,0.1340198288960772,0.842638036809816,0.5630598187123159,0.5771083
ml1m,46,B_blind,keps,3,0.1,0.25,double,0.469,0.1329401422274354,0.37764242268310233,0.06294303439335795,0.023913663737195334,0.6861963190184049,0.7405166808186885,0.2433271
ml1m,46,EASE,keps,3,0.1,0.25,double,0.469,0.1347640875345555,0.39898655914486686,0.07343868421142878,0.027467646523225007,0.41779141104294476,0.9163412102437116,0.015698722
ml1m,46,AFM,keps,3,0.1,0.25,double,0.469,0.2150935365247901,0.4400273121791725,0.08998720837320001,0.035014758106997626,0.36871165644171777,0.92497557853135,0.05091616
ml1m,46,SASRec,keps,3,0.1,0.25,double,0.469,0.34024708845483576,0.5181657430263388,0.32021419973456516,0.13460641098878562,0.8401840490797546,0.5650649477130498,0.57572865
ml1m,46,B_blind,keps,4,0.01,0.25,double,0.0712,0.1353835026919655,0.376607882612787,0.06275784730295579,0.02386257697007433,0.6865030674846626,0.7387506214718433,0.24675559
ml1m,46,EASE,keps,4,0.01,0.25,double,0.0712,0.13324956042364033,0.3515504811243514,0.0668113869484254,0.025143793062576456,0.42822085889570555,0.9062412827469191,0.03667939
ml1m,46,AFM,keps,4,0.01,0.25,double,0.0712,0.22019244595457196,0.4393095757298219,0.09037644420210085,0.03497825982711761,0.3684049079754601,0.9234319639734736,0.05318625
ml1m,46,SASRec,keps,4,0.01,0.25,double,0.0712,0.34141084087069623,0.5089021314873415,0.31862467720861326,0.133659947768578,0.8432515337423313,0.5632797233327591,0.57937217
ml1m,46,B_blind,keps,4,0.03,0.25,double,0.2043,0.13551498250597419,0.37749746421910985,0.06291216987829093,0.023936484863538898,0.6874233128834356,0.7392525681138504,0.24596444
ml1m,46,EASE,keps,4,0.03,0.25,double,0.2043,0.13543528122622617,0.3623586199653556,0.06886387720038271,0.025856703245869403,0.4340490797546012,0.907666312555792,0.03414284
ml1m,46,AFM,keps,4,0.03,0.25,double,0.2043,0.22028029881931063,0.4399985425151935,0.09040216463132336,0.035036558541633074,0.3693251533742331,0.9237929090133661,0.053138413
ml1m,46,SASRec,keps,4,0.03,0.25,double,0.2043,0.3424878049947505,0.5108145346860342,0.3187892879556374,0.13384717833146562,0.843558282208589,0.5640368516629313,0.5785466
ml1m,46,B_blind,keps,4,0.05,0.25,double,0.3294,0.1350986732350803,0.3786349632056898,0.06289159353491292,0.02393966833031366,0.6883435582822086,0.7398641244952089,0.24508892
ml1m,46,EASE,keps,4,0.05,0.25,double,0.3294,0.1381125232025232,0.37616168580741055,0.0711890040020988,0.026639146532202267,0.4361963190184049,0.909381882542279,0.030662868
ml1m,46,AFM,keps,4,0.05,0.25,double,0.3294,0.22038442067404038,0.44082719262310427,0.09042274097470139,0.03506355747690863,0.3693251533742331,0.9241062147689292,0.05314972
ml1m,46,SASRec,keps,4,0.05,0.25,double,0.3294,0.3422299283058084,0.5132102574797128,0.31917509439397523,0.1341029823767538,0.843558282208589,0.5646255850293089,0.5778403
ml1m,46,B_blind,keps,4,0.1,0.25,double,0.5962,0.13357866503911578,0.3770472578604168,0.06286072901984588,0.023924839893305083,0.6843558282208589,0.7414831194771689,0.24262595
ml1m,46,EASE,keps,4,0.1,0.25,double,0.5962,0.1414395602678708,0.3990536220375626,0.0744606425992037,0.027832881899701054,0.4294478527607362,0.9164133161257875,0.020101031
ml1m,46,AFM,keps,4,0.1,0.25,double,0.5962,0.21654689710605587,0.4403297649847676,0.09016553668247616,0.035111062059279115,0.36717791411042944,0.9256710715610508,0.050900217
ml1m,46,SASRec,keps,4,0.1,0.25,double,0.5962,0.34297253416381035,0.518609098927382,0.3209189394952623,0.1350148399043413,0.8411042944785276,0.5663244436797394,0.57540715
ml1m,46,B_blind,keps,5,0.01,0.25,double,0.0659,0.13629031712706377,0.3769166926911255,0.06312822148376013,0.02397329838909925,0.6886503067484663,0.73809291601311,0.24750973
ml1m,46,EASE,keps,5,0.01,0.25,double,0.0659,0.13456025888754633,0.3526162935359939,0.06682681920595891,0.025147989940504913,0.43282208588957055,0.9037680163717001,0.04918209
ml1m,46,AFM,keps,5,0.01,0.25,double,0.0659,0.22080233639957417,0.436836676655638,0.09027356248521075,0.03498887885618991,0.3745398773006135,0.9224975868556802,0.054589044
ml1m,46,SASRec,keps,5,0.01,0.25,double,0.0659,0.34174445756913463,0.5070323672013848,0.3181051245383183,0.13345943039247474,0.8438650306748466,0.5632340668883904,0.57933617
ml1m,46,B_blind,keps,5,0.05,0.25,double,0.3536,0.1357788539511392,0.37899277750532173,0.06306649245362607,0.024032732231325942,0.6883435582822086,0.7399537650826646,0.24511825
ml1m,46,EASE,keps,5,0.05,0.25,double,0.3536,0.14335597117459264,0.3813707594176787,0.07173942118746078,0.026922900005253936,0.4386503067484663,0.9086957902505624,0.03195249
ml1m,46,AFM,keps,5,0.05,0.25,double,0.3536,0.22012810896375398,0.4401234195989938,0.09038158828794535,0.03510838954222427,0.37024539877300616,0.923775291623907,0.053419273
ml1m,46,SASRec,keps,5,0.05,0.25,double,0.3536,0.34329679407726127,0.5140274589303988,0.3194940277163345,0.1341482018131756,0.8423312883435583,0.5645213194586503,0.57770705
ml1m,46,B_blind,keps,5,0.1,0.25,double,0.6167,0.13384017188164574,0.3772335214384381,0.0627681354746448,0.023950198688027488,0.6865030674846626,0.7417476075424794,0.24244541
ml1m,46,EASE,keps,5,0.1,0.25,double,0.6167,0.14660064220142305,0.40405158117943807,0.07485673720923054,0.028101745871973238,0.4325153374233129,0.9163810497684308,0.022841284
ml1m,46,AFM,keps,5,0.1,0.25,double,0.6167,0.21831981762275657,0.4406962453983241,0.09022212162676571,0.0351237612352396,0.37024539877300616,0.9253491900147675,0.051848788
ml1m,46,SASRec,keps,5,0.1,0.25,double,0.6167,0.34439300136829676,0.5191013895095541,0.3212584491609996,0.13510920634841694,0.8420245398773006,0.5667189805469608,0.57477754
ml1m,46,B_blind,keps,6,0.01,0.25,double,0.0945,0.13672509107605046,0.376844334704202,0.06314879782713814,0.024055269574117587,0.6883435582822086,0.7382890123525594,0.24696498
ml1m,46,EASE,keps,6,0.01,0.25,double,0.0945,0.14056115435368402,0.354307945652547,0.06786592454654883,0.025525713733465644,0.44171779141104295,0.903592273570438,0.040061627
ml1m,46,AFM,keps,6,0.01,0.25,double,0.0945,0.22018568769662886,0.43566511552233184,0.09053076677743598,0.03508641086576839,0.36901840490797544,0.9229054200802513,0.05432206
ml1m,46,SASRec,keps,6,0.01,0.25,double,0.0945,0.3434599481516706,0.5085148837843895,0.318336608401321,0.13355688802844773,0.843558282208589,0.5634183081612909,0.5798583
ml1m,46,B_blind,keps,6,0.03,0.25,double,0.2982,0.1355110307850784,0.3794637984141986,0.06322081502896121,0.024067628951145004,0.6895705521472393,0.7402285826617039,0.24418357
ml1m,46,EASE,keps,6,0.03,0.25,double,0.2982,0.14365396955973445,0.37982654934118854,0.07103982551260815,0.02666181813130095,0.4386503067484663,0.9063672610936628,0.036097594
ml1m,46,AFM,keps,6,0.03,0.25,double,0.2982,0.2193666824570076,0.43834486200304196,0.09072109795368265,0.035161982935220354,0.37147239263803683,0.9232727785012809,0.053388923
ml1m,46,SASRec,keps,6,0.03,0.25,double,0.2982,0.34299654221475206,0.5127464433678277,0.32008559758845256,0.13424026527243152,0.8420245398773006,0.5641320172510547,0.57699776
ml1m,46,B_blind,keps,6,0.05,0.25,double,0.3978,0.13549477287185366,0.3792541367923415,0.06329283223078427,0.02412466249108194,0.6901840490797546,0.7403522120863042,0.24415632
ml1m,46,EASE,keps,6,0.05,0.25,double,0.3978,0.14403515510210824,0.38648471519974553,0.07208921902488709,0.02711504112627411,0.4420245398773006,0.9090983657775771,0.03237379
ml1m,46,AFM,keps,6,0.05,0.25,double,0.3978,0.21978954535619546,0.43910372418776306,0.09060792806510355,0.03518111003654747,0.3717791411042945,0.9237627498376773,0.053237174
ml1m,46,SASRec,keps,6,0.05,0.25,double,0.3978,0.34387299938639654,0.514525467549354,0.32024506424963217,0.1344534906801405,0.8420245398773006,0.5647848528699926,0.57676214
ml1m,46,B_blind,keps,6,0.1,0.25,double,0.6899,0.1320136129999837,0.37568879665719346,0.06263438924268769,0.02385135798656269,0.6815950920245398,0.7430942638898363,0.24015886
ml1m,46,EASE,keps,6,0.1,0.25,double,0.6899,0.13980361922323628,0.4074518089455109,0.07466126194713937,0.02803137468654098,0.41226993865030676,0.9216234239451957,0.015662713
ml1m,46,AFM,keps,6,0.1,0.25,double,0.6899,0.21410472532873054,0.4402312478325771,0.08994948507700697,0.03499898581226044,0.36226993865030677,0.9266941371370365,0.049707297
ml1m,46,SASRec,keps,6,0.1,0.25,double,0.6899,0.34239173663146383,0.5219559515647871,0.32224096955729997,0.13560561556541767,0.839877300613497,0.5675318764482731,0.57275176
nyc_tist,42,B_blind,kappa,8,0.02,0.0,double,0.2568,0.22641591395733046,0.2803172058174838,0.07010507287312168,0.034517331351844725,0.18660647103085026,0.97313765784444,0.015876738
nyc_tist,42,B_blind,kappa,8,0.02,0.05,double,0.2568,0.2307618666001252,0.2856395917549932,0.07072647158513162,0.03461620793995492,0.1908703285678455,0.9725375193364425,0.01656875
nyc_tist,42,B_blind,kappa,8,0.02,0.1,double,0.2568,0.23649310546065294,0.29281065912987825,0.07061349000112982,0.034526522716140304,0.19388011035866567,0.9718348231911886,0.017339848
nyc_tist,42,B_blind,kappa,8,0.02,0.25,double,0.2568,0.2544631381122231,0.31502888585563515,0.06970963732911535,0.03329891256890305,0.2237271131176323,0.9664296320402057,0.022124618
nyc_tist,42,B_blind,kappa,8,0.02,0.5,double,0.2568,0.2745408255439188,0.3416243469027141,0.06502090159304033,0.028282792863171282,0.28893905191873587,0.9491164596428618,0.035052538
nyc_tist,42,B_blind,kappa,8,0.02,1.0,double,0.2568,0.25571542326614066,0.33055172777731284,0.0484126087447746,0.02065930355392164,0.38951592676197644,0.9152452622758231,0.06288272
nyc_tist,42,B_blind,kappa,8,0.02,1.5,double,0.2568,0.24579876300752262,0.3226187640140752,0.04208564004067337,0.01831431015153982,0.41183847504389265,0.9049199781789969,0.07302
nyc_tist,42,B_blind,kappa,8,0.02,0.0,single,0.2568,0.22641591395733046,0.2803172058174838,0.07010507287312168,0.034517331351844725,0.18660647103085026,0.97313765784444,0.015876738
nyc_tist,42,B_blind,kappa,8,0.02,0.05,single,0.2568,0.2311005410825132,0.2860633725779405,0.07089594396113434,0.034649496875231625,0.1911211437170805,0.9725037424618372,0.016534856
nyc_tist,42,B_blind,kappa,8,0.02,0.1,single,0.2568,0.23729566004913683,0.29387744167918683,0.07055699920912892,0.03448275750228734,0.19538500125407574,0.971612709671589,0.017562987
nyc_tist,42,B_blind,kappa,8,0.02,0.25,single,0.2568,0.25712112576523344,0.3185960212187352,0.06954016495311265,0.032953987285882454,0.22498118886380739,0.9657758322388685,0.022494635
nyc_tist,42,B_blind,kappa,8,0.02,0.5,single,0.2568,0.277576410075485,0.34541660946276725,0.06468195684103491,0.027172935145043913,0.2921996488587911,0.9470655732701725,0.03662016
nyc_tist,42,B_blind,kappa,8,0.02,1.0,single,0.2568,0.2525501526490035,0.32889282515335116,0.044288780928708624,0.018537145286916978,0.3945322297466767,0.9099311577449896,0.06606316
nyc_tist,42,B_blind,kappa,8,0.02,1.5,single,0.2568,0.2402005869522305,0.3194221273760374,0.037283922720596545,0.01655712985002285,0.41735640832706294,0.8994232781792209,0.07660152
nyc_tist,42,EASE,kappa,8,0.02,0.0,double,0.2568,0.21306425580782934,0.2704083856292141,0.07072647158513162,0.033712126120111055,0.20943064961123653,0.981301365070872,0.010128798
nyc_tist,42,EASE,kappa,8,0.02,0.05,double,0.2568,0.2493782161443382,0.3218362977071282,0.04925997062478816,0.023466454932402243,0.5425131677953349,0.916800899953433,0.06538244
nyc_tist,42,EASE,kappa,8,0.02,0.1,double,0.2568,0.24683505606421757,0.3193519724149495,0.04013670771664219,0.018825010045117947,0.5650865312264861,0.9026368688861328,0.089145295
nyc_tist,42,EASE,kappa,8,0.02,0.25,double,0.2568,0.24921172477927167,0.3073697674497819,0.0344876285165518,0.015594776865831364,0.5741158765989466,0.8908364794326336,0.13227883
nyc_tist,42,EASE,kappa,8,0.02,0.5,double,0.2568,0.24528836651284835,0.2949422827545824,0.031719579708507514,0.014251728031840135,0.5741158765989466,0.8867436655856196,0.16538808
nyc_tist,42,EASE,kappa,8,0.02,1.0,double,0.2568,0.24370456115956746,0.2866132506518661,0.030137837532482205,0.013430981464080621,0.5738650614497116,0.8862878839337098,0.18889956
nyc_tist,42,EASE,kappa,8,0.02,1.5,double,0.2568,0.24185884851866138,0.2826160156736708,0.029403457236470455,0.013163682108147858,0.5746175068974166,0.8868359990554546,0.1978929
nyc_tist,42,EASE,kappa,8,0.02,0.0,single,0.2568,0.21306425580782934,0.2704083856292141,0.07072647158513162,0.033712126120111055,0.20943064961123653,0.981301365070872,0.010128798
nyc_tist,42,EASE,kappa,8,0.02,0.05,single,0.2568,0.25010225836867234,0.3227919426160525,0.046435431024742964,0.022134440240989785,0.5603210433910208,0.910965724187158,0.070650205
nyc_tist,42,EASE,kappa,8,0.02,0.1,single,0.2568,0.24713108925969973,0.3161960599089058,0.03702971415659247,0.016954821079203146,0.5718585402558315,0.8946687583703641,0.104691565
nyc_tist,42,EASE,kappa,8,0.02,0.25,single,0.2568,0.24957280630262627,0.3012852165768455,0.03222799683651565,0.014613860560478097,0.5716077251065964,0.8869152080154752,0.16334876
nyc_tist,42,EASE,kappa,8,0.02,0.5,single,0.2568,0.245000225645767,0.2864944999506307,0.03025081911648401,0.013514312401120901,0.5726109857035365,0.8866951801353495,0.19383967
nyc_tist,42,EASE,kappa,8,0.02,1.0,single,0.2568,0.2409293725168582,0.27944904621417527,0.02906451248446503,0.012981143721847593,0.5728618008527715,0.8871725875449294,0.20549655
nyc_tist,42,EASE,kappa,8,0.02,1.5,single,0.2568,0.23784431108718673,0.2767355932083082,0.028838549316461418,0.012839364215510587,0.5736142463004765,0.8870328879557918,0.20714891
nyc_tist,42,AFM,kappa,8,0.02,0.0,double,0.2568,0.1801282580366647,0.23393889527963274,0.05561518472488984,0.026099662281431846,0.07725106596438425,0.9882781535754392,0.032397468
nyc_tist,42,AFM,kappa,8,0.02,0.05,double,0.2568,0.18376580112089877,0.2373179962148445,0.055191503784883064,0.025951705626152035,0.07950840230749938,0.9880129047242199,0.03322506
nyc_tist,42,AFM,kappa,8,0.02,0.1,double,0.2568,0.18780967733189222,0.24101777120593448,0.055304485368884874,0.025967547783151874,0.08427389014296463,0.9875245278711569,0.033883177
nyc_tist,42,AFM,kappa,8,0.02,0.25,double,0.2568,0.2007436697790023,0.2537863291736059,0.055219749180883515,0.025494863937421668,0.10308502633559068,0.9849321318463062,0.036413968
nyc_tist,42,AFM,kappa,8,0.02,0.5,double,0.2568,0.23179579848244738,0.28884243052675207,0.05219749180883516,0.02333784890874199,0.127163280662152,0.9769257387945689,0.047644336
nyc_tist,42,AFM,kappa,8,0.02,1.0,double,0.2568,0.25114774832101955,0.3266538016302149,0.04022144390464354,0.01648488228732888,0.1595184349134688,0.9586209765967164,0.06771269
nyc_tist,42,AFM,kappa,8,0.02,1.5,double,0.2568,0.24115920665373652,0.313479534317256,0.032538696192520616,0.013369967012458371,0.17306245297215953,0.9489072892731225,0.0799034
nyc_tist,42,AFM,kappa,8,0.02,0.0,single,0.2568,0.1801282580366647,0.23393889527963274,0.05561518472488984,0.026099662281431846,0.07725106596438425,0.9882781535754392,0.032397468
nyc_tist,42,AFM,kappa,8,0.02,0.05,single,0.2568,0.18399524875049375,0.23755582038612078,0.05513501299288216,0.025967465192319503,0.0797592174567344,0.9879978036742789,0.033258952
nyc_tist,42,AFM,kappa,8,0.02,0.1,single,0.2568,0.1882098675927907,0.24142159167196564,0.055360976160885776,0.025968324219263546,0.08477552044143466,0.9874681660147484,0.034018755
nyc_tist,42,AFM,kappa,8,0.02,0.25,single,0.2568,0.20201643825799587,0.2547635832906834,0.05553044853688849,0.02541895918432714,0.10308502633559068,0.9847040008600996,0.036597557
nyc_tist,42,AFM,kappa,8,0.02,0.5,single,0.2568,0.23537821018123697,0.2922369822769867,0.052253982600836066,0.022975323655721136,0.127163280662152,0.9761531978138076,0.048090614
nyc_tist,42,AFM,kappa,8,0.02,1.0,single,0.2568,0.2540742336048068,0.3298968733024413,0.03773584905660377,0.014631638582330837,0.16027088036117382,0.9560475695258261,0.069096714
nyc_tist,42,AFM,kappa,8,0.02,1.5,single,0.2568,0.24124607622260374,0.31506325664084245,0.02756750649644108,0.011279826752629072,0.17406571356909958,0.9456935880499886,0.08232686
nyc_tist,42,SASRec,kappa,8,0.02,0.0,double,0.2568,0.3179513418559644,0.42035048893694543,0.0661507174330584,0.03156238670231341,0.9972410333584149,0.5073487506863694,0.59769803
nyc_tist,42,SASRec,kappa,8,0.02,0.05,double,0.2568,0.32052921508510357,0.42372756150706414,0.06617896282905886,0.03158521934591875,0.9974918485076498,0.506343354859343,0.59860474
nyc_tist,42,SASRec,kappa,8,0.02,0.1,double,0.2568,0.32233464965294367,0.4268395618821435,0.06654615297706473,0.03173945961383342,0.9974918485076498,0.5047643855069932,0.5996695
nyc_tist,42,SASRec,kappa,8,0.02,0.25,double,0.2568,0.3262586681226196,0.43151467104024743,0.06682860693706925,0.03165171623625906,0.9979934788061199,0.49896664781940014,0.6014547
nyc_tist,42,SASRec,kappa,8,0.02,0.5,double,0.2568,0.3178736401238769,0.4185846732513603,0.06535984634504576,0.03042220177175769,0.9977426636568849,0.489065748849278,0.6015789
nyc_tist,42,SASRec,kappa,8,0.02,1.0,double,0.2568,0.2900492999773147,0.3781166373997097,0.058411478928934585,0.026936477097873602,0.9977426636568849,0.47396209044211224,0.6054514
nyc_tist,42,SASRec,kappa,8,0.02,1.5,double,0.2568,0.2748079800885581,0.35811375220006697,0.05366625240085866,0.02480885677175217,0.9984951091045899,0.46939227866228994,0.6076912
nyc_tist,42,SASRec,kappa,8,0.02,0.0,single,0.2568,0.3179513418559644,0.42035048893694543,0.0661507174330584,0.03156238670231341,0.9972410333584149,0.5073487506863694,0.59769803
nyc_tist,42,SASRec,kappa,8,0.02,0.05,single,0.2568,0.32037623015766176,0.4238094965324322,0.06606598124505705,0.031522434735606036,0.9977426636568849,0.5059172383118256,0.59894365
nyc_tist,42,SASRec,kappa,8,0.02,0.1,single,0.2568,0.32250685773553633,0.42709240636953216,0.06671562535306745,0.03176411927672168,0.9974918485076498,0.504134777423304,0.6001666
nyc_tist,42,SASRec,kappa,8,0.02,0.25,single,0.2568,0.3261207929991372,0.4314468689783706,0.06711106089707378,0.031617243652942294,0.9979934788061199,0.49754894855574694,0.6025308
nyc_tist,42,SASRec,kappa,8,0.02,0.5,single,0.2568,0.317024964163926,0.417600379271883,0.06558580951304938,0.03030036546502213,0.9974918485076498,0.485768868583375,0.60319173
nyc_tist,42,SASRec,kappa,8,0.02,1.0,single,0.2568,0.28427510774982434,0.3701254279889276,0.056829736752909275,0.026218927137511436,0.9979934788061199,0.47057662433980374,0.6067704
nyc_tist,42,SASRec,kappa,8,0.02,1.5,single,0.2568,0.26881850594794815,0.3482954218921023,0.052253982600836066,0.02398009131502569,0.9984951091045899,0.4681576622724566,0.6082137
nyc_tist,42,B_blind,keps,3,0.01,0.25,double,0.031,0.25655460226953253,0.30989915962080683,0.0687492938651,0.031319133766563645,0.2129420617005267,0.9673015441071517,0.021997513
nyc_tist,42,EASE,keps,3,0.01,0.25,double,0.031,0.1882079546504029,0.25258035922386435,0.02813241441645012,0.013548259119181779,0.32806621519939805,0.939958527229086,0.10069766
nyc_tist,42,AFM,keps,3,0.01,0.25,double,0.031,0.19961558106267194,0.24549643863338236,0.0542876511128686,0.0242131568606957,0.09380486581389516,0.9857077460281674,0.034820925
nyc_tist,42,SASRec,keps,3,0.01,0.25,double,0.031,0.32146455670758445,0.42472564883718794,0.06575528188905208,0.03129748922400491,0.9972410333584149,0.4978980508820654,0.60418314
nyc_tist,42,B_blind,keps,3,0.03,0.25,double,0.1433,0.2552855876462698,0.31254337116277725,0.06925771099310812,0.032135572818584555,0.21118635565588162,0.9673504007785783,0.021003278
nyc_tist,42,EASE,keps,3,0.03,0.25,double,0.1433,0.20750029147691404,0.2716030586451685,0.03282115015252514,0.015323346295430187,0.34813142713819917,0.9352342010188632,0.09204609
nyc_tist,42,AFM,keps,3,0.03,0.25,double,0.1433,0.19845040702463024,0.2502054600874562,0.05471133205287538,0.02489199998179254,0.09430649611236519,0.9856847699889628,0.035193764
nyc_tist,42,SASRec,keps,3,0.03,0.25,double,0.1433,0.3208798096758189,0.42550586102591886,0.06572703649305163,0.031126447234706194,0.9977426636568849,0.49941399481656235,0.6031974
nyc_tist,42,B_blind,keps,3,0.05,0.25,double,0.2335,0.2557456512782417,0.31447208229546497,0.06959665574511355,0.03263493884347531,0.21319287684976174,0.9674606123726537,0.020969382
nyc_tist,42,EASE,keps,3,0.05,0.25,double,0.2335,0.20938676540325765,0.27342124232765447,0.03451587391255225,0.016191597079217076,0.35540506646601455,0.9362647959614085,0.083555534
nyc_tist,42,AFM,keps,3,0.05,0.25,double,0.2335,0.1987514059791964,0.2515330827882793,0.0549937860128799,0.025082563714395528,0.09480812641083522,0.985617376346587,0.035524234
nyc_tist,42,SASRec,keps,3,0.05,0.25,double,0.2335,0.3215501177075972,0.42635943970467555,0.06646141678906338,0.03138658769408665,0.9977426636568849,0.5018358303056847,0.6009095
nyc_tist,42,B_blind,keps,3,0.1,0.25,double,0.5691,0.24304366503566913,0.3009703700131165,0.06948367416111174,0.03365126784049596,0.20265864058189115,0.9700094579216143,0.018766241
nyc_tist,42,EASE,keps,3,0.1,0.25,double,0.5691,0.24075635090040176,0.30064621675854386,0.04708507513275336,0.02167983595002163,0.41183847504389265,0.9378694730872736,0.061764207
nyc_tist,42,AFM,keps,3,0.1,0.25,double,0.5691,0.19089613477493123,0.24432280024636152,0.05544571234888713,0.02555184574537735,0.08954100827689992,0.9865532177974077,0.03509773
nyc_tist,42,SASRec,keps,3,0.1,0.25,double,0.5691,0.3238703584600504,0.42708608820964983,0.06617896282905886,0.03171824686412682,0.9972410333584149,0.5068404908314466,0.59716696
nyc_tist,42,B_blind,keps,4,0.01,0.25,double,0.1396,0.25269967822175565,0.3074924214803439,0.06812789515309005,0.03241195663738959,0.21795836468522697,0.9672653146225401,0.021952322
nyc_tist,42,EASE,keps,4,0.01,0.25,double,0.1396,0.2354873206446556,0.2503657512496387,0.030420291492486724,0.014739680523448026,0.3980436418359669,0.9318721275169042,0.1961219
nyc_tist,42,AFM,keps,4,0.01,0.25,double,0.1396,0.19868688762159215,0.24772737300454511,0.05408993334086544,0.024738110036797267,0.0980687233508904,0.9851074332445888,0.03457519
nyc_tist,42,SASRec,keps,4,0.01,0.25,double,0.1396,0.3244842457534756,0.42599153151500835,0.06654615297706473,0.031634601680782574,0.9977426636568849,0.5014535886983504,0.5984408
nyc_tist,42,B_blind,keps,4,0.03,0.25,double,0.3161,0.24691747118681714,0.30457552433931323,0.06863631228109818,0.0330128441182339,0.21168798595435165,0.9686048392446618,0.020466613
nyc_tist,42,EASE,keps,4,0.03,0.25,double,0.3161,0.22678370673140014,0.25129683475197817,0.035560953564568974,0.016559375762124864,0.37547027840481567,0.9314689487529759,0.14979945
nyc_tist,42,AFM,keps,4,0.03,0.25,double,0.3161,0.19385499213342888,0.2460457870462551,0.05441004782887056,0.025247424577683357,0.09556057185854025,0.9855900575866028,0.034659926
nyc_tist,42,SASRec,keps,4,0.03,0.25,double,0.3161,0.324965044546088,0.425369134407601,0.0665743983730652,0.031611623560316854,0.9972410333584149,0.5084640605637964,0.59402895
nyc_tist,42,B_blind,keps,4,0.05,0.25,double,0.3945,0.2495546678977702,0.30689290207322534,0.06970963732911535,0.0332398008278209,0.21670428893905191,0.9692040454491446,0.018300192
nyc_tist,42,EASE,keps,4,0.05,0.25,double,0.3945,0.22638753658698704,0.2514594960686087,0.03686024178058976,0.017560311005055142,0.39202407825432656,0.9380313141764514,0.19944638
nyc_tist,42,AFM,keps,4,0.05,0.25,double,0.3945,0.195466855994934,0.2476846808081693,0.05510676759688171,0.025332160560539947,0.09530975670930525,0.9857339468740585,0.035529885
nyc_tist,42,SASRec,keps,4,0.05,0.25,double,0.3945,0.32638891359226685,0.4298382527204678,0.06694158852107107,0.031782445581702685,0.9977426636568849,0.5060871938420815,0.59748054
nyc_tist,42,B_blind,keps,4,0.1,0.25,double,0.6885,0.23935737741821328,0.2971177096411531,0.06959665574511355,0.03391978390338959,0.21319287684976174,0.9707984204794833,0.017783303
nyc_tist,42,EASE,keps,4,0.1,0.25,double,0.6885,0.24222729497044554,0.29362431956926577,0.04934470681278952,0.023054593201538357,0.4494607474291447,0.941241753754158,0.07772003
nyc_tist,42,AFM,keps,4,0.1,0.25,double,0.6885,0.18961081688282438,0.24293726573769814,0.0556999209128912,0.025801327970455232,0.09029345372460497,0.986650501827244,0.03471077
nyc_tist,42,SASRec,keps,4,0.1,0.25,double,0.6885,0.32583995661133713,0.42961233925527265,0.06660264376906565,0.03185161594965109,0.9977426636568849,0.5077555297287646,0.59593266
nyc_tist,42,B_blind,keps,5,0.01,0.25,double,0.0472,0.2543761155193818,0.31196688419361257,0.06942718336911083,0.03260280606423397,0.2217205919237522,0.9659742244432015,0.0217885
nyc_tist,42,EASE,keps,5,0.01,0.25,double,0.0472,0.2299480222946427,0.22715618656578607,0.027200316348435206,0.012592806152018752,0.42262352646099827,0.9328010432844718,0.24649757
nyc_tist,42,AFM,keps,5,0.01,0.25,double,0.0472,0.20131812100704416,0.25339555910400385,0.05558693932888939,0.02549025024617656,0.10233258088788563,0.9845736384748569,0.03618235
nyc_tist,42,SASRec,keps,5,0.01,0.25,double,0.0472,0.32640754917648923,0.42853688938635043,0.06708281550107333,0.031545533235544855,0.9974918485076498,0.49912245869009886,0.6000282
nyc_tist,42,B_blind,keps,5,0.03,0.25,double,0.2226,0.2537431101806801,0.31171930370902085,0.06948367416111174,0.033008101024269494,0.2199648858791071,0.966928862153031,0.020819683
nyc_tist,42,EASE,keps,5,0.03,0.25,double,0.2226,0.24058645236051351,0.26077690627124317,0.032510450796520166,0.015699089035411774,0.40807624780536744,0.9294382216727015,0.18655238
nyc_tist,42,AFM,keps,5,0.03,0.25,double,0.2226,0.19985846138996427,0.25176777139568945,0.055191503784883064,0.02539825301669234,0.10082768999247554,0.9849339752002164,0.036142807
nyc_tist,42,SASRec,keps,5,0.03,0.25,double,0.2226,0.3277807097538222,0.4315679988151152,0.06705457010507287,0.031646237941662006,0.9974918485076498,0.5015929992450607,0.598712
nyc_tist,42,B_blind,keps,5,0.05,0.25,double,0.5259,0.24829341366093027,0.30538062836961083,0.06931420178510903,0.03346575675415453,0.20943064961123653,0.969095451925911,0.020000566
nyc_tist,42,EASE,keps,5,0.05,0.25,double,0.5259,0.22960756033779114,0.27377733987533115,0.04149248672466388,0.019394276843542786,0.3985452721344369,0.9346854993110163,0.054957066
nyc_tist,42,AFM,keps,5,0.05,0.25,double,0.5259,0.1951745820701341,0.24736290894444168,0.05506910706888111,0.025524158244516967,0.09355405066466015,0.9858814718618472,0.035388656
nyc_tist,42,SASRec,keps,5,0.05,0.25,double,0.5259,0.32528440846292195,0.427079205353719,0.06711106089707378,0.031754763899047495,0.9972410333584149,0.505340680848505,0.59676874
nyc_tist,42,B_blind,keps,5,0.1,0.25,double,0.91,0.23377548541404206,0.2898430489818599,0.06976612812111625,0.0343470199676284,0.19914722849260094,0.9721318907962571,0.016661959
nyc_tist,42,EASE,keps,5,0.1,0.25,double,0.91,0.23130597740699002,0.2938273660669164,0.0666308891650661,0.031774498432256604,0.3416102332580888,0.9732442861625443,0.017393516
nyc_tist,42,AFM,keps,5,0.1,0.25,double,0.91,0.1844576381796649,0.2388923749012344,0.05555869393288894,0.026105143289698103,0.08602959618760973,0.987317504066501,0.033725005
nyc_tist,42,SASRec,keps,5,0.1,0.25,double,0.91,0.32177122661253277,0.4246038630871712,0.0661507174330584,0.03160098586170406,0.9972410333584149,0.5070806567508677,0.5976415
nyc_tist,42,B_blind,keps,6,0.01,0.25,double,0.073,0.254925026974171,0.3134413221841773,0.06942718336911083,0.03271408973275049,0.22272385252069224,0.9659798466017833,0.02202011
nyc_tist,42,EASE,keps,6,0.01,0.25,double,0.073,0.2359125069131363,0.237545180103067,0.02872556773245961,0.013581833692067738,0.4053172811637823,0.9321739331507775,0.23886001
nyc_tist,42,AFM,keps,6,0.01,0.25,double,0.073,0.2009235545553101,0.25331298457442486,0.055360976160885776,0.02544277869831409,0.10258339603712065,0.9846192207489843,0.036213424
nyc_tist,42,SASRec,keps,6,0.01,0.25,double,0.073,0.3265479092033536,0.4294002129277516,0.06708281550107333,0.03166046419457898,0.9974918485076498,0.49936074441686906,0.6004039
nyc_tist,42,B_blind,keps,6,0.03,0.25,double,0.3727,0.2511942236121385,0.3074681067298307,0.06931420178510903,0.03340193275321513,0.20993227990970656,0.9686854849155699,0.020161564
nyc_tist,42,EASE,keps,6,0.03,0.25,double,0.3727,0.22904483743146453,0.26852563522549167,0.03821602078861146,0.017598222287585275,0.3930273388512666,0.9309546558458248,0.06154107
nyc_tist,42,AFM,keps,6,0.03,0.25,double,0.3727,0.19680481022634155,0.248511137017799,0.054871389296877945,0.02532468952616718,0.09480812641083522,0.9856296705678609,0.035493165
nyc_tist,42,SASRec,keps,6,0.03,0.25,double,0.3727,0.32684219713598295,0.4273417554654208,0.06705457010507287,0.03163792723546909,0.9972410333584149,0.5054467069948863,0.59589595
nyc_tist,42,B_blind,keps,6,0.05,0.25,double,0.4725,0.24980400470280018,0.30704747675918004,0.06959665574511355,0.03351466687416307,0.21745673438675697,0.9684649767149405,0.019650321
nyc_tist,42,EASE,keps,6,0.05,0.25,double,0.4725,0.24551939113399548,0.27028996438647335,0.03702971415659247,0.017571128856442346,0.43666917481815903,0.9190687551738947,0.144752
nyc_tist,42,AFM,keps,6,0.05,0.25,double,0.4725,0.19740541630437136,0.2495062891016384,0.055304485368884874,0.025565689454259008,0.09706546275395034,0.9856614992398325,0.036247317
nyc_tist,42,SASRec,keps,6,0.05,0.25,double,0.4725,0.3269594196150548,0.43075864402795827,0.06716755168907468,0.03168609352141676,0.9977426636568849,0.5026922190940464,0.5986866
nyc_tist,42,B_blind,keps,6,0.1,0.25,double,0.7909,0.23366657805170632,0.2917197339626125,0.07004858208112077,0.034473993851875905,0.2036619011788312,0.9715807194759083,0.017862387
nyc_tist,42,EASE,keps,6,0.1,0.25,double,0.7909,0.23856755060032991,0.30145868494605044,0.06262004293300193,0.029865677965563307,0.3837471783295711,0.9630506198018942,0.026858546
nyc_tist,42,AFM,keps,6,0.1,0.25,double,0.7909,0.18422793979028734,0.23927175408061407,0.05527623997288442,0.0260578784187315,0.08778530223225482,0.9869881841439427,0.03380974
nyc_tist,42,SASRec,keps,6,0.1,0.25,double,0.7909,0.32487316744453554,0.42924566522853874,0.06648966218506383,0.03185299773194885,0.9964885879107098,0.5104939077649178,0.5943933
nyc_tist,43,B_blind,kappa,8,0.02,0.0,double,0.2336,0.22641591395733046,0.2803172058174838,0.07010507287312168,0.034517331351844725,0.18660647103085026,0.97313765784444,0.015876738
nyc_tist,43,B_blind,kappa,8,0.02,0.05,double,0.2336,0.23115854185369442,0.2861116492001897,0.07078296237713252,0.03465975753253488,0.19036869826937547,0.9725940398828108,0.01645577
nyc_tist,43,B_blind,kappa,8,0.02,0.1,double,0.2336,0.23668035309696242,0.2927587778826689,0.07078296237713252,0.03459275804712791,0.19337848006019565,0.9718612705732677,0.017229691
nyc_tist,43,B_blind,kappa,8,0.02,0.25,double,0.2336,0.2543496853583018,0.313532453505045,0.06914472940910632,0.03305817435870429,0.2217205919237522,0.9663820378040857,0.021844989
nyc_tist,43,B_blind,kappa,8,0.02,0.5,double,0.2336,0.2704259989420074,0.333587482774,0.06496441080103943,0.028340116561508078,0.291196388261851,0.9481983914675582,0.035015818
nyc_tist,43,B_blind,kappa,8,0.02,1.0,double,0.2336,0.2532157263219076,0.32189715702631017,0.04626595864874025,0.020906833371759897,0.40105342362678703,0.911530929650842,0.06470173
nyc_tist,43,B_blind,kappa,8,0.02,1.5,double,0.2336,0.24444533119576584,0.3138705576836004,0.04135125974466162,0.019124037242494382,0.42663656884875845,0.8999365126810137,0.076465935
nyc_tist,43,B_blind,kappa,8,0.02,0.0,single,0.2336,0.22641591395733046,0.2803172058174838,0.07010507287312168,0.034517331351844725,0.18660647103085026,0.97313765784444,0.015876738
nyc_tist,43,B_blind,kappa,8,0.02,0.05,single,0.2336,0.2313947646826697,0.2863044300426072,0.07078296237713252,0.03463001324288456,0.1906195134186105,0.9725308146856335,0.01648119
nyc_tist,43,B_blind,kappa,8,0.02,0.1,single,0.2336,0.23752656312338014,0.29390082005591905,0.07066998079313072,0.034581287690577646,0.1943817406571357,0.9717063339142236,0.017455654
nyc_tist,43,B_blind,kappa,8,0.02,0.25,single,0.2336,0.25689503594421903,0.3164379818721713,0.06948367416111174,0.03290258599557581,0.22548281916227741,0.9657206704752823,0.022452265
nyc_tist,43,B_blind,kappa,8,0.02,0.5,single,0.2336,0.2747179708875046,0.33841608836680753,0.06423003050502768,0.027591952990468335,0.2942061700526712,0.9462949904101672,0.03645916
nyc_tist,43,B_blind,kappa,8,0.02,1.0,single,0.2336,0.25444497512468567,0.32109176533488143,0.04485368884871766,0.019072903787697913,0.4058189114622523,0.9066171474646572,0.06800079
nyc_tist,43,B_blind,kappa,8,0.02,1.5,single,0.2336,0.24379119711792685,0.3095197437792361,0.037227431928595636,0.016399759769123622,0.43365939302733886,0.8936777721584528,0.08078183
nyc_tist,43,EASE,kappa,8,0.02,0.0,double,0.2336,0.21306425580782934,0.2704083856292141,0.07072647158513162,0.033712126120111055,0.20943064961123653,0.981301365070872,0.010128798
nyc_tist,43,EASE,kappa,8,0.02,0.05,double,0.2336,0.24266815048427975,0.31225409723756575,0.04852559032877641,0.023638299088113657,0.564083270629546,0.9137214079301963,0.06344763
nyc_tist,43,EASE,kappa,8,0.02,0.1,double,0.2336,0.2400193294391181,0.30820542708989224,0.040419161676646706,0.018862486357753006,0.5811387007775269,0.899353236398138,0.07628517
nyc_tist,43,EASE,kappa,8,0.02,0.25,double,0.2336,0.24086895506642522,0.29886865642785454,0.035560953564568974,0.016496867041244912,0.5849009280160522,0.8893353064162857,0.09351768
nyc_tist,43,EASE,kappa,8,0.02,0.5,double,0.2336,0.23961808503730728,0.2888281057068285,0.0330753587165292,0.014995320113500913,0.5851517431652872,0.8844683731901586,0.111125864
nyc_tist,43,EASE,kappa,8,0.02,1.0,double,0.2336,0.23756765758760734,0.28276955935613296,0.0315501073325048,0.014323604084252511,0.5833960371206421,0.8817160814450149,0.12641792
nyc_tist,43,EASE,kappa,8,0.02,1.5,double,0.2336,0.23625678615672088,0.27848512190256514,0.03121116258049938,0.014197890509908526,0.5718585402558315,0.8811599949865307,0.1332053
nyc_tist,43,EASE,kappa,8,0.02,0.0,single,0.2336,0.21306425580782934,0.2704083856292141,0.07072647158513162,0.033712126120111055,0.20943064961123653,0.981301365070872,0.010128798
nyc_tist,43,EASE,kappa,8,0.02,0.05,single,0.2336,0.2454202348771,0.31184627616986627,0.04575754152073212,0.02189690918759944,0.5748683220466516,0.906261091117593,0.07203141
nyc_tist,43,EASE,kappa,8,0.02,0.1,single,0.2336,0.24161395183364137,0.30125895063765795,0.036464806236583436,0.016837876663622967,0.5833960371206421,0.8900467843505742,0.09441024
nyc_tist,43,EASE,kappa,8,0.02,0.25,single,0.2336,0.23923542470079384,0.2863013994979458,0.03211501525251384,0.01456165863488263,0.5906696764484575,0.8825383093857431,0.120525934
nyc_tist,43,EASE,kappa,8,0.02,0.5,single,0.2336,0.23491938438471427,0.2798546606764084,0.031041690204496666,0.014141125305879498,0.5909204915976926,0.8803697317377397,0.13118574
nyc_tist,43,EASE,kappa,8,0.02,1.0,single,0.2336,0.23230910918155911,0.2762252120285185,0.03109818099649757,0.014118079632215313,0.5833960371206421,0.8794553431858827,0.1356231
nyc_tist,43,EASE,kappa,8,0.02,1.5,single,0.2336,0.2319269636113419,0.2741832300821061,0.03109818099649757,0.014087290004379117,0.5718585402558315,0.8798970751088364,0.1379477
nyc_tist,43,AFM,kappa,8,0.02,0.0,double,0.2336,0.1801282580366647,0.23393889527963274,0.05561518472488984,0.026099662281431846,0.07725106596438425,0.9882781535754392,0.032397468
nyc_tist,43,AFM,kappa,8,0.02,0.05,double,0.2336,0.18360710470957922,0.23737209236863188,0.055191503784883064,0.026016666214807874,0.07925758715826436,0.9880018743551271,0.033129025
nyc_tist,43,AFM,kappa,8,0.02,0.1,double,0.2336,0.1876110359266137,0.24113532805502944,0.055360976160885776,0.02606786490297038,0.08477552044143466,0.9874778871916714,0.033662867
nyc_tist,43,AFM,kappa,8,0.02,0.25,double,0.2336,0.2004725012502534,0.25365719657439684,0.055473957744887586,0.025634052942262175,0.10258339603712065,0.9846672669681151,0.03580951
nyc_tist,43,AFM,kappa,8,0.02,0.5,double,0.2336,0.2322659220647895,0.28973640064305967,0.051406620720822506,0.023230624482826298,0.13017306245297217,0.9758290083943304,0.046316803
nyc_tist,43,AFM,kappa,8,0.02,1.0,double,0.2336,0.24232096795426555,0.3130439216051077,0.038780928708620495,0.01662012238525472,0.1690494105843993,0.9555898680087755,0.06675517
nyc_tist,43,AFM,kappa,8,0.02,1.5,double,0.2336,0.23516404662561852,0.30488399143643713,0.032369223816517904,0.01414690073385715,0.1835966892400301,0.9454761969735728,0.08076771
nyc_tist,43,AFM,kappa,8,0.02,0.0,single,0.2336,0.1801282580366647,0.23393889527963274,0.05561518472488984,0.026099662281431846,0.07725106596438425,0.9882781535754392,0.032397468
nyc_tist,43,AFM,kappa,8,0.02,0.05,single,0.2336,0.18378877569291377,0.2374839415888513,0.055191503784883064,0.02601108851327945,0.0797592174567344,0.9879835839203657,0.03318552
nyc_tist,43,AFM,kappa,8,0.02,0.1,single,0.2336,0.18817372549361572,0.24164312723216005,0.05553044853688849,0.026118936439513577,0.08502633559066967,0.9874135965047628,0.03375325
nyc_tist,43,AFM,kappa,8,0.02,0.25,single,0.2336,0.20176144103994315,0.25476852498865193,0.05558693932888939,0.025548815816003847,0.1038374717832957,0.9844082396134517,0.03622472
nyc_tist,43,AFM,kappa,8,0.02,0.5,single,0.2336,0.23647267152016427,0.2932592461087354,0.05163258388882612,0.02303004906496964,0.1306746927514422,0.9750198511221801,0.047138743
nyc_tist,43,AFM,kappa,8,0.02,1.0,single,0.2336,0.25101633747632046,0.31970071580555326,0.03691673257259067,0.015265400312461519,0.16955104088286932,0.9532508998500011,0.06929161
nyc_tist,43,AFM,kappa,8,0.02,1.5,single,0.2336,0.2421117852107456,0.3063679118871125,0.02886679471246187,0.011768296861037537,0.18610484073238023,0.9419350631049044,0.08486047
nyc_tist,43,SASRec,kappa,8,0.02,0.0,double,0.2336,0.3179513418559644,0.42035048893694543,0.0661507174330584,0.03156238670231341,0.9972410333584149,0.5073487506863694,0.59769803
nyc_tist,43,SASRec,kappa,8,0.02,0.05,double,0.2336,0.32098657240476103,0.42415646875756025,0.06629194441306067,0.031618294298868796,0.9972410333584149,0.5070716525125141,0.59790134
nyc_tist,43,SASRec,kappa,8,0.02,0.1,double,0.2336,0.3231248585253846,0.42679020020356645,0.0668003615410688,0.03188012218853925,0.9972410333584149,0.5060226863733526,0.59825444
nyc_tist,43,SASRec,kappa,8,0.02,0.25,double,0.2336,0.32671592462447907,0.43006604367030415,0.06725228787707603,0.03182852900329449,0.9979934788061199,0.5023966477086006,0.597376
nyc_tist,43,SASRec,kappa,8,0.02,0.5,double,0.2336,0.31659240707917813,0.4140476732078584,0.06519037396904305,0.03067347520230226,0.9974918485076498,0.4977193333990195,0.59374934
nyc_tist,43,SASRec,kappa,8,0.02,1.0,double,0.2336,0.28325053055674526,0.3640143546407156,0.058411478928934585,0.027020325818663933,0.9977426636568849,0.4918224059851959,0.5939244
nyc_tist,43,SASRec,kappa,8,0.02,1.5,double,0.2336,0.2674210242606719,0.3426266954063692,0.0528188905208451,0.02468751659434649,0.9967394030599448,0.48668902523190183,0.5963055
nyc_tist,43,SASRec,kappa,8,0.02,0.0,single,0.2336,0.3179513418559644,0.42035048893694543,0.0661507174330584,0.03156238670231341,0.9972410333584149,0.5073487506863694,0.59769803
nyc_tist,43,SASRec,kappa,8,0.02,0.05,single,0.2336,0.32112207535306814,0.4242065829570897,0.06617896282905886,0.031601578172975014,0.9974918485076498,0.5066381597156071,0.5982064
nyc_tist,43,SASRec,kappa,8,0.02,0.1,single,0.2336,0.32330593064282087,0.42644681031308934,0.0669133431250706,0.03191561047731341,0.9972410333584149,0.505230530180039,0.59875715
nyc_tist,43,SASRec,kappa,8,0.02,0.25,single,0.2336,0.326876932736763,0.43001629880471975,0.06759123262908145,0.03183685289921833,0.9979934788061199,0.5006025840336306,0.59872055
nyc_tist,43,SASRec,kappa,8,0.02,0.5,single,0.2336,0.31716935355475606,0.4126448437209017,0.06504914698904078,0.030279880053591307,0.9974918485076498,0.4931419101686174,0.5959383
nyc_tist,43,SASRec,kappa,8,0.02,1.0,single,0.2336,0.28107993362724876,0.3559269185388562,0.0571121907129138,0.02618749376569733,0.9969902182091799,0.483879827550487,0.5972941
nyc_tist,43,SASRec,kappa,8,0.02,1.5,single,0.2336,0.2668197569354571,0.332683152265611,0.05101118517681618,0.02362352853898277,0.9969902182091799,0.47955028228818564,0.5999463
nyc_tist,43,B_blind,keps,3,0.01,0.25,double,0.031,0.25655460226953253,0.30989915962080683,0.0687492938651,0.031319133766563645,0.2129420617005267,0.9673015441071517,0.021997513
nyc_tist,43,EASE,keps,3,0.01,0.25,double,0.031,0.1882079546504029,0.25258035922386435,0.02813241441645012,0.013548259119181779,0.32806621519939805,0.939958527229086,0.10069766
nyc_tist,43,AFM,keps,3,0.01,0.25,double,0.031,0.19961558106267194,0.24549643863338236,0.0542876511128686,0.0242131568606957,0.09380486581389516,0.9857077460281674,0.034820925
nyc_tist,43,SASRec,keps,3,0.01,0.25,double,0.031,0.32146455670758445,0.42472564883718794,0.06575528188905208,0.03129748922400491,0.9972410333584149,0.4978980508820654,0.60418314
nyc_tist,43,B_blind,keps,3,0.03,0.25,double,0.1433,0.2552855876462698,0.31254337116277725,0.06925771099310812,0.032135572818584555,0.21118635565588162,0.9673504007785783,0.021003278
nyc_tist,43,EASE,keps,3,0.03,0.25,double,0.1433,0.20750029147691404,0.2716030586451685,0.03282115015252514,0.015323346295430187,0.34813142713819917,0.9352342010188632,0.09204609
nyc_tist,43,AFM,keps,3,0.03,0.25,double,0.1433,0.19845040702463024,0.2502054600874562,0.05471133205287538,0.02489199998179254,0.09430649611236519,0.9856847699889628,0.035193764
nyc_tist,43,SASRec,keps,3,0.03,0.25,double,0.1433,0.3208798096758189,0.42550586102591886,0.06572703649305163,0.031126447234706194,0.9977426636568849,0.49941399481656235,0.6031974
nyc_tist,43,B_blind,keps,3,0.05,0.25,double,0.2335,0.2557456512782417,0.31447208229546497,0.06959665574511355,0.03263493884347531,0.21319287684976174,0.9674606123726537,0.020969382
nyc_tist,43,EASE,keps,3,0.05,0.25,double,0.2335,0.20938676540325765,0.27342124232765447,0.03451587391255225,0.016191597079217076,0.35540506646601455,0.9362647959614085,0.083555534
nyc_tist,43,AFM,keps,3,0.05,0.25,double,0.2335,0.1987514059791964,0.2515330827882793,0.0549937860128799,0.025082563714395528,0.09480812641083522,0.985617376346587,0.035524234
nyc_tist,43,SASRec,keps,3,0.05,0.25,double,0.2335,0.3215501177075972,0.42635943970467555,0.06646141678906338,0.03138658769408665,0.9977426636568849,0.5018358303056847,0.6009095
nyc_tist,43,B_blind,keps,3,0.1,0.25,double,0.565,0.24323384830170497,0.3011467635976512,0.06948367416111174,0.03364744861846337,0.20290945573112615,0.9699766360205182,0.018834032
nyc_tist,43,EASE,keps,3,0.1,0.25,double,0.565,0.24013768750198658,0.2997467799984539,0.04685911196474975,0.021606837238123695,0.41183847504389265,0.9377912800263719,0.06293074
nyc_tist,43,AFM,keps,3,0.1,0.25,double,0.565,0.19106449957690097,0.2444665227890394,0.05550220314088804,0.025555136949146323,0.08979182342613494,0.9865446499564439,0.035044067
nyc_tist,43,SASRec,keps,3,0.1,0.25,double,0.565,0.32399265082845097,0.4270027339548266,0.06617896282905886,0.031743045075785806,0.9972410333584149,0.5067539339595295,0.5972037
nyc_tist,43,B_blind,keps,4,0.01,0.25,double,0.0409,0.2572058023234732,0.3155180728391701,0.06920122020110722,0.03235711124795985,0.21871081013293203,0.9659983382327442,0.021585131
nyc_tist,43,EASE,keps,4,0.01,0.25,double,0.0409,0.20543720365260365,0.25593102731911677,0.02844311377245509,0.013104185915323982,0.3669425633308252,0.931835876779173,0.08824144
nyc_tist,43,AFM,keps,4,0.01,0.25,double,0.0409,0.20175747751551146,0.254330315727122,0.05490904982487854,0.025282185155394304,0.09781790820165538,0.984855776471816,0.03654389
nyc_tist,43,SASRec,keps,4,0.01,0.25,double,0.0409,0.3254374544654933,0.4289441751336668,0.06688509772907016,0.03155478734492806,0.9982442939553549,0.4998051485653987,0.60120887
nyc_tist,43,B_blind,keps,4,0.03,0.25,double,0.1676,0.25654887332133774,0.3152182891852247,0.06914472940910632,0.03273677341085952,0.2126912465512917,0.9670217751245949,0.020797087
nyc_tist,43,EASE,keps,4,0.03,0.25,double,0.1676,0.2160787479861087,0.26613263977664214,0.033301321884532824,0.01553986746439351,0.37747679959869573,0.9305713813368761,0.08138064
nyc_tist,43,AFM,keps,4,0.03,0.25,double,0.1676,0.2008057011287264,0.2531362070019644,0.05496554061687945,0.02546944899970811,0.09756709305242037,0.9851078979794714,0.036123034
nyc_tist,43,SASRec,keps,4,0.03,0.25,double,0.1676,0.3264760447452205,0.43003399742638315,0.0669133431250706,0.03161292811651267,0.9979934788061199,0.5017775301647651,0.59981924
nyc_tist,43,B_blind,keps,4,0.05,0.25,double,0.2442,0.25367692922041146,0.31286079832170366,0.06948367416111174,0.03315002928238918,0.2126912465512917,0.9673820367555985,0.020876173
nyc_tist,43,EASE,keps,4,0.05,0.25,double,0.2442,0.22501231439609848,0.27739825590532846,0.035673935148570785,0.016773153504949994,0.3850012540757462,0.9319577591696797,0.07556774
nyc_tist,43,AFM,keps,4,0.05,0.25,double,0.2442,0.19889616681418099,0.25213920400102047,0.055304485368884874,0.02554736265157725,0.09505894156007023,0.9853641355079639,0.035651337
nyc_tist,43,SASRec,keps,4,0.05,0.25,double,0.2442,0.3253053890229103,0.42933841707535697,0.06705457010507287,0.03168383510476941,0.9979934788061199,0.5031323740355227,0.59954816
nyc_tist,43,B_blind,keps,4,0.1,0.25,double,0.5804,0.24258843822133752,0.2995705089987304,0.06987910970511807,0.03383151660170533,0.2051667920742413,0.9700258270743605,0.019319851
nyc_tist,43,EASE,keps,4,0.1,0.25,double,0.5804,0.2343941874376051,0.2855038651073378,0.04849734493277596,0.023643815551813205,0.3930273388512666,0.9472826568847907,0.041560277
nyc_tist,43,AFM,keps,4,0.1,0.25,double,0.5804,0.19140162844695377,0.24423982628038804,0.05550220314088804,0.025735319720066468,0.09104589917231001,0.9864392755723981,0.03497345
nyc_tist,43,SASRec,keps,4,0.1,0.25,double,0.5804,0.3265137408065286,0.42863169465330303,0.0668003615410688,0.03187263490956906,0.9969902182091799,0.5089629846316992,0.59460515
nyc_tist,43,B_blind,keps,5,0.01,0.25,double,0.0654,0.25489495196388223,0.3127167318808242,0.06931420178510903,0.032701336107334826,0.2219714070729872,0.9660480521133294,0.021661395
nyc_tist,43,EASE,keps,5,0.01,0.25,double,0.0654,0.23489601660998755,0.2394349491314427,0.02844311377245509,0.013535396781217974,0.41359418108853774,0.9322828511383043,0.23570217
nyc_tist,43,AFM,keps,5,0.01,0.25,double,0.0654,0.20102581711688888,0.2531432535111017,0.05541746695288668,0.025456356554967516,0.10283421118635566,0.9845696202183702,0.036295332
nyc_tist,43,SASRec,keps,5,0.01,0.25,double,0.0654,0.3268516864528739,0.42903978177674856,0.06705457010507287,0.03165877807182082,0.9974918485076498,0.49923461423618387,0.60006493
nyc_tist,43,B_blind,keps,5,0.03,0.25,double,0.2804,0.25407282145704513,0.3125879353637941,0.06954016495311265,0.03327004070521082,0.21896162528216703,0.9670478626205148,0.021076716
nyc_tist,43,EASE,keps,5,0.03,0.25,double,0.2804,0.24569346948837134,0.2783075252091605,0.035617444356569876,0.016687557738092856,0.4592425382493103,0.922327908318689,0.12106541
nyc_tist,43,AFM,keps,5,0.03,0.25,double,0.2804,0.19949911131402098,0.25158090757700724,0.05496554061687945,0.025374044876024515,0.1000752445447705,0.9849098939987906,0.035560954
nyc_tist,43,SASRec,keps,5,0.03,0.25,double,0.2804,0.32815141813468035,0.4310844160457572,0.06747825104507965,0.03190640898072793,0.9974918485076498,0.5029310800719216,0.59804827
nyc_tist,43,B_blind,keps,5,0.05,0.25,double,0.4141,0.2516838390441841,0.310241585508546,0.06914472940910632,0.03343356063474868,0.21394532229746677,0.9680249252053128,0.020364933
nyc_tist,43,EASE,keps,5,0.05,0.25,double,0.4141,0.24512534733491537,0.2892065331488915,0.04087108801265394,0.019009479453118774,0.45422623526461,0.9271443115444367,0.080937184
nyc_tist,43,AFM,keps,5,0.05,0.25,double,0.4141,0.19752815725281594,0.2505553337072326,0.05502203140888035,0.025579526753877736,0.09882116879859544,0.9853107391701823,0.035411254
nyc_tist,43,SASRec,keps,5,0.05,0.25,double,0.4141,0.3281595806024742,0.4321128972581616,0.06776070500508417,0.03200382691722186,0.9974918485076498,0.5063637266829544,0.5962547
nyc_tist,43,B_blind,keps,5,0.1,0.25,double,0.7979,0.2346588484328409,0.29067595440012345,0.06970963732911535,0.03423849319932854,0.20040130423877603,0.9718217836938527,0.017356798
nyc_tist,43,EASE,keps,5,0.1,0.25,double,0.7979,0.23486946777282253,0.28127579136169323,0.05623658343689979,0.027011816612709866,0.31878605467770255,0.9662824740229494,0.027652243
nyc_tist,43,AFM,keps,5,0.1,0.25,double,0.7979,0.1871463531147655,0.2397647918577866,0.05561518472488984,0.025966046123712797,0.08653122648607976,0.9872749553209834,0.034292735
nyc_tist,43,SASRec,keps,5,0.1,0.25,double,0.7979,0.32662645233364906,0.4291042978347053,0.066687379957067,0.03199274100167266,0.9967394030599448,0.5109739505613331,0.5932663
nyc_tist,43,B_blind,keps,6,0.01,0.25,double,0.089,0.25698334366656833,0.31844985715651053,0.06937069257710993,0.03305746909132903,0.2287434161023326,0.965223484912566,0.02272907
nyc_tist,43,EASE,keps,6,0.01,0.25,double,0.089,0.23319083796324577,0.2866642512537372,0.033244831092531915,0.015173664405141436,0.5151743165287184,0.9021388091117621,0.14655972
nyc_tist,43,AFM,keps,6,0.01,0.25,double,0.089,0.20165127140346703,0.25538614602853815,0.05553044853688849,0.025461349199966118,0.10509154752947078,0.9843362737166041,0.036207773
nyc_tist,43,SASRec,keps,6,0.01,0.25,double,0.089,0.3258708320008713,0.4297683511898311,0.06711106089707378,0.03171923594158425,0.9977426636568849,0.4980469799926248,0.6010564
nyc_tist,43,B_blind,keps,6,0.03,0.25,double,0.3342,0.251633796010956,0.31021533453128214,0.06920122020110722,0.03339107102655377,0.21670428893905191,0.9674867480423113,0.021212293
nyc_tist,43,EASE,keps,6,0.03,0.25,double,0.3342,0.2383230081090029,0.29021900870896744,0.03838549316461417,0.01816505700321571,0.5495359919739152,0.905551834842744,0.110716306
nyc_tist,43,AFM,keps,6,0.03,0.25,double,0.3342,0.1981018941258982,0.2510442824545926,0.055473957744887586,0.02574341734599407,0.10132932029094557,0.9850014850263129,0.035253074
nyc_tist,43,SASRec,keps,6,0.03,0.25,double,0.3342,0.3275739745366467,0.42951596514800006,0.06736526946107785,0.03188453700183974,0.9974918485076498,0.505986445553744,0.59583384
nyc_tist,43,B_blind,keps,6,0.05,0.25,double,0.5837,0.2429164404189984,0.29845034287937794,0.06931420178510903,0.03368900830728204,0.2014045648357161,0.9705683285387712,0.01791323
nyc_tist,43,EASE,keps,6,0.05,0.25,double,0.5837,0.22432324077378357,0.2708257023710264,0.0477064738447633,0.022688951476312696,0.3375971908703286,0.9545097377118499,0.033496216
nyc_tist,43,AFM,keps,6,0.05,0.25,double,0.5837,0.19213716022635613,0.2448019975452486,0.054570105072873125,0.025748858124884248,0.0928016052169551,0.986315544160483,0.035597675
nyc_tist,43,SASRec,keps,6,0.05,0.25,double,0.5837,0.32948371995890774,0.43003361731504336,0.06719579708507513,0.03202734667612402,0.9969902182091799,0.5141127642921066,0.59043324
nyc_tist,43,B_blind,keps,6,0.1,0.25,double,0.798,0.2338703736620181,0.2899728656256163,0.06993560049711897,0.0343431707712249,0.19914722849260094,0.9719264170524604,0.017136483
nyc_tist,43,EASE,keps,6,0.1,0.25,double,0.798,0.23157627046580068,0.28247007899584936,0.06084058298497345,0.029285860297234567,0.3102583396037121,0.9684317070814572,0.02327138
nyc_tist,43,AFM,keps,6,0.1,0.25,double,0.798,0.18640761261690317,0.23939771451103495,0.05550220314088804,0.02600646656868744,0.08653122648607976,0.9872889016180906,0.034298386
nyc_tist,43,SASRec,keps,6,0.1,0.25,double,0.798,0.3265282461225165,0.4291396349570956,0.06671562535306745,0.032002886419670765,0.9967394030599448,0.5114405840561307,0.59300077
nyc_tist,44,B_blind,kappa,8,0.02,0.0,double,0.2026,0.22641591395733046,0.2803172058174838,0.07010507287312168,0.034517331351844725,0.18660647103085026,0.97313765784444,0.015876738
nyc_tist,44,B_blind,kappa,8,0.02,0.05,double,0.2026,0.23103512414637764,0.2858572397780658,0.0703875268331262,0.034576493751547324,0.19312766491096062,0.9725761745104422,0.01666196
nyc_tist,44,B_blind,kappa,8,0.02,0.1,double,0.2026,0.2372578298182041,0.2938394654769582,0.07089594396113434,0.034689570783071486,0.19764233759719088,0.9719152223259091,0.017413288
nyc_tist,44,B_blind,kappa,8,0.02,0.25,double,0.2026,0.2561275100142986,0.31685124715890683,0.06965314653711445,0.0333077891768821,0.22974667669927262,0.9667732538954064,0.021573832
nyc_tist,44,B_blind,kappa,8,0.02,0.5,double,0.2026,0.2741855144811356,0.34002428417103137,0.06569879109705118,0.028710562403510484,0.2992224730373715,0.948980040118522,0.034676872
nyc_tist,44,B_blind,kappa,8,0.02,1.0,double,0.2026,0.2578887052800418,0.3306921627803602,0.04779121003276466,0.0210250613204964,0.4128417356408327,0.9097457299436364,0.066407755
nyc_tist,44,B_blind,kappa,8,0.02,1.5,double,0.2026,0.24736997965431312,0.3191431741530963,0.04293300192068693,0.018896313705572026,0.4376724354150991,0.8961013348177644,0.08210654
nyc_tist,44,B_blind,kappa,8,0.02,0.0,single,0.2026,0.22641591395733046,0.2803172058174838,0.07010507287312168,0.034517331351844725,0.18660647103085026,0.97313765784444,0.015876738
nyc_tist,44,B_blind,kappa,8,0.02,0.05,single,0.2026,0.2314564247922148,0.2864726796314851,0.070500508417128,0.03458941558984657,0.19337848006019565,0.9725371396140381,0.016673258
nyc_tist,44,B_blind,kappa,8,0.02,0.1,single,0.2026,0.2380894467131441,0.2949865033777164,0.07095243475313524,0.034626509067119386,0.1986455981941309,0.9717986843865543,0.017495198
nyc_tist,44,B_blind,kappa,8,0.02,0.25,single,0.2026,0.25855680359778865,0.3199015584236023,0.06993560049711897,0.03321831692064186,0.2310007524454477,0.9662549994067544,0.021734832
nyc_tist,44,B_blind,kappa,8,0.02,0.5,single,0.2026,0.2787209872263927,0.34551621871945953,0.06564230030505028,0.028105553506085332,0.30248306997742663,0.9472118825795177,0.035959214
nyc_tist,44,B_blind,kappa,8,0.02,1.0,single,0.2026,0.25815035551085136,0.3306652102650145,0.04479719805671675,0.019452944684877512,0.4163531477301229,0.9049322270602822,0.0696249
nyc_tist,44,B_blind,kappa,8,0.02,1.5,single,0.2026,0.24601859861404002,0.3167818185307638,0.03909162806462547,0.01736140269869546,0.44168547780285927,0.8910839691770822,0.08569936
nyc_tist,44,EASE,kappa,8,0.02,0.0,double,0.2026,0.21306425580782934,0.2704083856292141,0.07072647158513162,0.033712126120111055,0.20943064961123653,0.981301365070872,0.010128798
nyc_tist,44,EASE,kappa,8,0.02,0.05,double,0.2026,0.24918194029396268,0.3171169084108903,0.04750875607276014,0.02289238327538955,0.5711060948081265,0.907813386387921,0.07794317
nyc_tist,44,EASE,kappa,8,0.02,0.1,double,0.2026,0.25257254090055453,0.3157813185424284,0.038752683312620044,0.018086811510668488,0.5874090795084023,0.8923045216692131,0.10832958
nyc_tist,44,EASE,kappa,8,0.02,0.25,double,0.2026,0.25130961421136294,0.2990486102125221,0.03279290475652469,0.015003156236824371,0.5899172310007524,0.8831933404511447,0.14826009
nyc_tist,44,EASE,kappa,8,0.02,0.5,double,0.2026,0.24791966016764425,0.28648670851052044,0.030843972432493504,0.013790165692058494,0.5811387007775269,0.881953356940165,0.16889335
nyc_tist,44,EASE,kappa,8,0.02,1.0,double,0.2026,0.24490127001798165,0.27539079273216066,0.02945994802847136,0.01307726533378559,0.5530474040632054,0.8853991946541206,0.18857755
nyc_tist,44,EASE,kappa,8,0.02,1.5,double,0.2026,0.24485077681871703,0.26895504760364985,0.028499604564455994,0.012711032904468624,0.5367444193629295,0.8888973731342489,0.20652185
nyc_tist,44,EASE,kappa,8,0.02,0.0,single,0.2026,0.21306425580782934,0.2704083856292141,0.07072647158513162,0.033712126120111055,0.20943064961123653,0.981301365070872,0.010128798
nyc_tist,44,EASE,kappa,8,0.02,0.05,single,0.2026,0.2519935403223026,0.3197535107295264,0.045927013896734835,0.022034433199094816,0.5851517431652872,0.9017642923049793,0.0843238
nyc_tist,44,EASE,kappa,8,0.02,0.1,single,0.2026,0.25358795754457186,0.31350777543238917,0.03604112529657666,0.01677625288954725,0.5921745673438675,0.8853658584275292,0.12035927
nyc_tist,44,EASE,kappa,8,0.02,0.25,single,0.2026,0.2519603942125077,0.2927602872588274,0.031182917184498928,0.014067938584673631,0.5876598946576373,0.880766871781941,0.16506892
nyc_tist,44,EASE,kappa,8,0.02,0.5,single,0.2026,0.24402852944894704,0.2791105776903983,0.02974240198847588,0.013193511963187392,0.5801354401805869,0.8822142389837357,0.18160094
nyc_tist,44,EASE,kappa,8,0.02,1.0,single,0.2026,0.2434371492766855,0.2728231139922653,0.02872556773245961,0.01278148801906343,0.5517933283170303,0.8862268322222344,0.19436787
nyc_tist,44,EASE,kappa,8,0.02,1.5,single,0.2026,0.24405698249346397,0.26768658069853174,0.028217150604451475,0.01261275540907858,0.5347378981690494,0.8893361976304357,0.20979832
nyc_tist,44,AFM,kappa,8,0.02,0.0,double,0.2026,0.1801282580366647,0.23393889527963274,0.05561518472488984,0.026099662281431846,0.07725106596438425,0.9882781535754392,0.032397468
nyc_tist,44,AFM,kappa,8,0.02,0.05,double,0.2026,0.18376387198696353,0.23734978100323506,0.05527623997288442,0.02610103106062486,0.0800100326059694,0.9879729346905519,0.032905888
nyc_tist,44,AFM,kappa,8,0.02,0.1,double,0.2026,0.1881979842738547,0.24140019651324499,0.05567167551689075,0.02616443666976385,0.08502633559066967,0.9874093572158322,0.033179868
nyc_tist,44,AFM,kappa,8,0.02,0.25,double,0.2026,0.20055926317765904,0.2528142055230067,0.05564343012089029,0.02560033390433283,0.10132932029094557,0.9846023146007485,0.0356005
nyc_tist,44,AFM,kappa,8,0.02,0.5,double,0.2026,0.23239999023137367,0.28798179252695333,0.05236696418483787,0.02359519628809354,0.12816654125909205,0.9763927403083861,0.045862053
nyc_tist,44,AFM,kappa,8,0.02,1.0,double,0.2026,0.2540317124661129,0.3269424724799623,0.038809174104620946,0.016615306727297687,0.16603962879357914,0.956231737725622,0.06663371
nyc_tist,44,AFM,kappa,8,0.02,1.5,double,0.2026,0.24600866994513293,0.3138553264275752,0.03135238956050164,0.013355664040063641,0.18485076498620517,0.944880685978158,0.080680154
nyc_tist,44,AFM,kappa,8,0.02,0.0,single,0.2026,0.1801282580366647,0.23393889527963274,0.05561518472488984,0.026099662281431846,0.07725106596438425,0.9882781535754392,0.032397468
nyc_tist,44,AFM,kappa,8,0.02,0.05,single,0.2026,0.1839046664590487,0.23746923016652077,0.055247994576883966,0.026122578813416918,0.08026084775520441,0.9879590408178063,0.032869168
nyc_tist,44,AFM,kappa,8,0.02,0.1,single,0.2026,0.18852553920751164,0.24161229107787593,0.05572816630889165,0.026112342543325808,0.08477552044143466,0.9873589037266834,0.033109255
nyc_tist,44,AFM,kappa,8,0.02,0.25,single,0.2026,0.2023196892819018,0.2544718750778512,0.055812902496893003,0.025553428290088803,0.1018309505894156,0.9844244316568673,0.035575077
nyc_tist,44,AFM,kappa,8,0.02,0.5,single,0.2026,0.23632299332882006,0.29225427673658194,0.052253982600836066,0.023364086536244322,0.12816654125909205,0.975869491336619,0.046206642
nyc_tist,44,AFM,kappa,8,0.02,1.0,single,0.2026,0.2588650975602552,0.3317002749171234,0.03776409445260422,0.015396803536335971,0.16679207424128417,0.9545211775577145,0.068096824
nyc_tist,44,AFM,kappa,8,0.02,1.5,single,0.2026,0.24946935258006045,0.318592490860914,0.028358377584453733,0.011758104811940909,0.1853523952846752,0.9424479065492961,0.08362331
nyc_tist,44,SASRec,kappa,8,0.02,0.0,double,0.2026,0.3179513418559644,0.42035048893694543,0.0661507174330584,0.03156238670231341,0.9972410333584149,0.5073487506863694,0.59769803
nyc_tist,44,SASRec,kappa,8,0.02,0.05,double,0.2026,0.3214871477846397,0.42448553720310983,0.06606598124505705,0.03160088597734077,0.9974918485076498,0.5067992413599762,0.5979974
nyc_tist,44,SASRec,kappa,8,0.02,0.1,double,0.2026,0.32358296903777134,0.4271158898960232,0.06716755168907468,0.031990726442496197,0.9972410333584149,0.5059499936198135,0.5984606
nyc_tist,44,SASRec,kappa,8,0.02,0.25,double,0.2026,0.3292318937028456,0.433515265941456,0.06716755168907468,0.031921518008921845,0.9974918485076498,0.5018400625102422,0.59862167
nyc_tist,44,SASRec,kappa,8,0.02,0.5,double,0.2026,0.3217012627291369,0.42132292284749434,0.0659247542650548,0.03092131081070057,0.9982442939553549,0.4923855513131494,0.59741277
nyc_tist,44,SASRec,kappa,8,0.02,1.0,double,0.2026,0.29162043139537,0.37397470408047806,0.05773358942492374,0.026767862817620624,0.9977426636568849,0.47937663721636037,0.6009405
nyc_tist,44,SASRec,kappa,8,0.02,1.5,double,0.2026,0.27505285717153927,0.34890799245155407,0.050389786464806234,0.023917971806396616,0.9979934788061199,0.4742250085345443,0.60513216
nyc_tist,44,SASRec,kappa,8,0.02,0.0,single,0.2026,0.3179513418559644,0.42035048893694543,0.0661507174330584,0.03156238670231341,0.9972410333584149,0.5073487506863694,0.59769803
nyc_tist,44,SASRec,kappa,8,0.02,0.05,single,0.2026,0.32132764787228796,0.4246355662350226,0.06606598124505705,0.03157362986460989,0.9974918485076498,0.5065130751884082,0.59825724
nyc_tist,44,SASRec,kappa,8,0.02,0.1,single,0.2026,0.32404748913205844,0.4277172751014836,0.06711106089707378,0.03193333200328766,0.9972410333584149,0.5054532685413562,0.5988617
nyc_tist,44,SASRec,kappa,8,0.02,0.25,single,0.2026,0.3296568375740205,0.43449982945056154,0.06722404248107558,0.03176732216862493,0.9974918485076498,0.5003460617133353,0.59953964
nyc_tist,44,SASRec,kappa,8,0.02,0.5,single,0.2026,0.32225279189689726,0.42071962886806485,0.0659247542650548,0.030719663356713302,0.9982442939553549,0.48940030979113924,0.59880805
nyc_tist,44,SASRec,kappa,8,0.02,1.0,single,0.2026,0.289221228977479,0.36836727174434114,0.056095356456897526,0.02609221894159485,0.9982442939553549,0.4761289975949119,0.60307586
nyc_tist,44,SASRec,kappa,8,0.02,1.5,single,0.2026,0.27220380200703226,0.34089017414249945,0.04925997062478816,0.023401261366124908,0.9982442939553549,0.47229830980740495,0.6078381
nyc_tist,44,B_blind,keps,3,0.01,0.25,double,0.0308,0.2565663395582796,0.30996195141027305,0.06869280307309908,0.03132402513115341,0.2129420617005267,0.9672913355253516,0.02202011
nyc_tist,44,EASE,keps,3,0.01,0.25,double,0.0308,0.18831744243621748,0.2527601452162962,0.028075923624449214,0.013529469793644413,0.3288186606471031,0.9398940070084854,0.10070049
nyc_tist,44,AFM,keps,3,0.01,0.25,double,0.0308,0.19955912795688124,0.24546187049026674,0.054344141904869504,0.024220732987496406,0.09380486581389516,0.9857069936677321,0.03482375
nyc_tist,44,SASRec,keps,3,0.01,0.25,double,0.0308,0.3214699796492033,0.42475162322300625,0.06575528188905208,0.0313017525374138,0.9972410333584149,0.49801695075144936,0.60412383
nyc_tist,44,B_blind,keps,3,0.03,0.25,double,0.1433,0.2552855876462698,0.31254337116277725,0.06925771099310812,0.032135572818584555,0.21118635565588162,0.9673504007785783,0.021003278
nyc_tist,44,EASE,keps,3,0.03,0.25,double,0.1433,0.20750029147691404,0.2716030586451685,0.03282115015252514,0.015323346295430187,0.34813142713819917,0.9352342010188632,0.09204609
nyc_tist,44,AFM,keps,3,0.03,0.25,double,0.1433,0.19845040702463024,0.2502054600874562,0.05471133205287538,0.02489199998179254,0.09430649611236519,0.9856847699889628,0.035193764
nyc_tist,44,SASRec,keps,3,0.03,0.25,double,0.1433,0.3208798096758189,0.42550586102591886,0.06572703649305163,0.031126447234706194,0.9977426636568849,0.49941399481656235,0.6031974
nyc_tist,44,B_blind,keps,3,0.05,0.25,double,0.2335,0.2557456512782417,0.31447208229546497,0.06959665574511355,0.03263493884347531,0.21319287684976174,0.9674606123726537,0.020969382
nyc_tist,44,EASE,keps,3,0.05,0.25,double,0.2335,0.20938676540325765,0.27342124232765447,0.03451587391255225,0.016191597079217076,0.35540506646601455,0.9362647959614085,0.083555534
nyc_tist,44,AFM,keps,3,0.05,0.25,double,0.2335,0.1987514059791964,0.2515330827882793,0.0549937860128799,0.025082563714395528,0.09480812641083522,0.985617376346587,0.035524234
nyc_tist,44,SASRec,keps,3,0.05,0.25,double,0.2335,0.3215501177075972,0.42635943970467555,0.06646141678906338,0.03138658769408665,0.9977426636568849,0.5018358303056847,0.6009095
nyc_tist,44,B_blind,keps,3,0.1,0.25,double,0.8804,0.2313237536318795,0.28751973489466853,0.07010507287312168,0.03433235949434078,0.19388011035866567,0.9721824094616394,0.017418934
nyc_tist,44,EASE,keps,3,0.1,0.25,double,0.8804,0.23404712840171701,0.285330560404322,0.05779008021692464,0.026618376208457785,0.33182844243792325,0.9613779256088104,0.031809967
nyc_tist,44,AFM,keps,3,0.1,0.25,double,0.8804,0.1840380519729155,0.23663147988449754,0.05564343012089029,0.02580726403973405,0.07925758715826436,0.9878948478952483,0.0329991
nyc_tist,44,SASRec,keps,3,0.1,0.25,double,0.8804,0.321029322730072,0.42433205087337394,0.0668003615410688,0.03200303123179735,0.9967394030599448,0.5093987075892934,0.596458
nyc_tist,44,B_blind,keps,4,0.01,0.25,double,0.0409,0.2572058023234732,0.3155180728391701,0.06920122020110722,0.03235711124795985,0.21871081013293203,0.9659983382327442,0.021585131
nyc_tist,44,EASE,keps,4,0.01,0.25,double,0.0409,0.20543720365260365,0.25593102731911677,0.02844311377245509,0.013104185915323982,0.3669425633308252,0.931835876779173,0.08824144
nyc_tist,44,AFM,keps,4,0.01,0.25,double,0.0409,0.20175747751551146,0.254330315727122,0.05490904982487854,0.025282185155394304,0.09781790820165538,0.984855776471816,0.03654389
nyc_tist,44,SASRec,keps,4,0.01,0.25,double,0.0409,0.3254374544654933,0.4289441751336668,0.06688509772907016,0.03155478734492806,0.9982442939553549,0.4998051485653987,0.60120887
nyc_tist,44,B_blind,keps,4,0.03,0.25,double,0.1676,0.25654887332133774,0.3152182891852247,0.06914472940910632,0.03273677341085952,0.2126912465512917,0.9670217751245949,0.020797087
nyc_tist,44,EASE,keps,4,0.03,0.25,double,0.1676,0.2160787479861087,0.26613263977664214,0.033301321884532824,0.01553986746439351,0.37747679959869573,0.9305713813368761,0.08138064
nyc_tist,44,AFM,keps,4,0.03,0.25,double,0.1676,0.2008057011287264,0.2531362070019644,0.05496554061687945,0.02546944899970811,0.09756709305242037,0.9851078979794714,0.036123034
nyc_tist,44,SASRec,keps,4,0.03,0.25,double,0.1676,0.3264760447452205,0.43003399742638315,0.0669133431250706,0.03161292811651267,0.9979934788061199,0.5017775301647651,0.59981924
nyc_tist,44,B_blind,keps,4,0.05,0.25,double,0.2442,0.25367692922041146,0.31286079832170366,0.06948367416111174,0.03315002928238918,0.2126912465512917,0.9673820367555985,0.020876173
nyc_tist,44,EASE,keps,4,0.05,0.25,double,0.2442,0.22501231439609848,0.27739825590532846,0.035673935148570785,0.016773153504949994,0.3850012540757462,0.9319577591696797,0.07556774
nyc_tist,44,AFM,keps,4,0.05,0.25,double,0.2442,0.19889616681418099,0.25213920400102047,0.055304485368884874,0.02554736265157725,0.09505894156007023,0.9853641355079639,0.035651337
nyc_tist,44,SASRec,keps,4,0.05,0.25,double,0.2442,0.3253053890229103,0.42933841707535697,0.06705457010507287,0.03168383510476941,0.9979934788061199,0.5031323740355227,0.59954816
nyc_tist,44,B_blind,keps,4,0.1,0.25,double,0.9441,0.22883499729669543,0.2829127063579066,0.07004858208112077,0.03434629833870958,0.19212440431402056,0.9726473398731166,0.016580047
nyc_tist,44,EASE,keps,4,0.1,0.25,double,0.9441,0.22924378188949024,0.2682544916590968,0.05688622754491018,0.02643704076793672,0.2992224730373715,0.9714470387702525,0.019528868
nyc_tist,44,AFM,keps,4,0.1,0.25,double,0.9441,0.18347177020689154,0.2352835182268625,0.05572816630889165,0.025992377050628037,0.0797592174567344,0.9880896072329977,0.032911535
nyc_tist,44,SASRec,keps,4,0.1,0.25,double,0.9441,0.3220854565242072,0.4237892350605078,0.06648966218506383,0.03184730490743029,0.9972410333584149,0.5088975802813216,0.59552586
nyc_tist,44,B_blind,keps,5,0.01,0.25,double,0.051,0.25388987725430695,0.31153403702342786,0.06925771099310812,0.03249338727594144,0.2219714070729872,0.9660470985566949,0.021777203
nyc_tist,44,EASE,keps,5,0.01,0.25,double,0.051,0.2269104043711071,0.226868397685119,0.026748390012427976,0.012311774809258134,0.4128417356408327,0.9333825810621612,0.2461671
nyc_tist,44,AFM,keps,5,0.01,0.25,double,0.051,0.20080764373786933,0.2526822032422928,0.055473957744887586,0.025458578877209447,0.10208176573865062,0.9845886105892052,0.03625579
nyc_tist,44,SASRec,keps,5,0.01,0.25,double,0.051,0.32636120466753304,0.4284130197639472,0.0669133431250706,0.03153884849393488,0.9974918485076498,0.49914284751620586,0.6000254
nyc_tist,44,B_blind,keps,5,0.03,0.25,double,0.3071,0.25424240277170945,0.31272457827964134,0.06914472940910632,0.03323845441413217,0.21745673438675697,0.9671339887625405,0.02114733
nyc_tist,44,EASE,keps,5,0.03,0.25,double,0.3071,0.2465622401131169,0.2815160969183813,0.03702971415659247,0.017105443157905787,0.45196889892149483,0.9227176451928829,0.10156479
nyc_tist,44,AFM,keps,5,0.03,0.25,double,0.3071,0.1994903340291766,0.25164977335372585,0.055078522200881254,0.02548115885573409,0.1000752445447705,0.9849279322298656,0.035366062
nyc_tist,44,SASRec,keps,5,0.03,0.25,double,0.3071,0.32869459713269683,0.43109373492582514,0.06764772342108237,0.031907883691311215,0.9974918485076498,0.5043066556524498,0.5972348
nyc_tist,44,B_blind,keps,5,0.05,0.25,double,0.4141,0.2516838390441841,0.310241585508546,0.06914472940910632,0.03343356063474868,0.21394532229746677,0.9680249252053128,0.020364933
nyc_tist,44,EASE,keps,5,0.05,0.25,double,0.4141,0.24512534733491537,0.2892065331488915,0.04087108801265394,0.019009479453118774,0.45422623526461,0.9271443115444367,0.080937184
nyc_tist,44,AFM,keps,5,0.05,0.25,double,0.4141,0.19752815725281594,0.2505553337072326,0.05502203140888035,0.025579526753877736,0.09882116879859544,0.9853107391701823,0.035411254
nyc_tist,44,SASRec,keps,5,0.05,0.25,double,0.4141,0.3281595806024742,0.4321128972581616,0.06776070500508417,0.03200382691722186,0.9974918485076498,0.5063637266829544,0.5962547
nyc_tist,44,B_blind,keps,5,0.1,0.25,double,0.9441,0.2278870289342587,0.2822678175751943,0.06993560049711897,0.034434822104561814,0.19137195886631553,0.9727618219273648,0.016690204
nyc_tist,44,EASE,keps,5,0.1,0.25,double,0.9441,0.22429329815978408,0.27186665137653165,0.06287425149700598,0.029579449450190715,0.2799097065462754,0.9742996211532242,0.016568748
nyc_tist,44,AFM,keps,5,0.1,0.25,double,0.9441,0.18220268814355564,0.23469264361863693,0.05561518472488984,0.02605312769441386,0.07950840230749938,0.9881152753340232,0.03277031
nyc_tist,44,SASRec,keps,5,0.1,0.25,double,0.9441,0.32146138599976354,0.42382653093971195,0.06643317139306293,0.03184348963538562,0.9969902182091799,0.5093493011705055,0.5953226
nyc_tist,44,B_blind,keps,6,0.01,0.25,double,0.1073,0.25520807987616895,0.3149852246378285,0.06999209128911987,0.033291752720888815,0.2289942312515676,0.9667259288654684,0.021045644
nyc_tist,44,EASE,keps,6,0.01,0.25,double,0.1073,0.23717247476693432,0.2574186409257869,0.03121116258049938,0.014348108586175896,0.4451968898921495,0.9166725070239434,0.1647441
nyc_tist,44,AFM,keps,6,0.01,0.25,double,0.1073,0.20016570638335668,0.252964042343346,0.055954129476895265,0.025761834553188062,0.09857035364936043,0.98466835796159,0.03479268
nyc_tist,44,SASRec,keps,6,0.01,0.25,double,0.1073,0.32980331790329465,0.43364650644072683,0.06725228787707603,0.03203853860384497,0.9974918485076498,0.5017448782886262,0.5983251
nyc_tist,44,B_blind,keps,6,0.03,0.25,double,0.2479,0.25411053474167716,0.31337725657496945,0.06937069257710993,0.03327462961333825,0.22548281916227741,0.9672710232104753,0.020777313
nyc_tist,44,EASE,keps,6,0.03,0.25,double,0.2479,0.25119971696111604,0.27807451683404283,0.034233419952547736,0.016179829898343143,0.5096563832455481,0.912277337795695,0.15051687
nyc_tist,44,AFM,keps,6,0.03,0.25,double,0.2479,0.19914022216634925,0.25166922836397393,0.05564343012089029,0.025627713342401076,0.09882116879859544,0.9849165788133545,0.03487459
nyc_tist,44,SASRec,keps,6,0.03,0.25,double,0.2479,0.32985983466643887,0.43316011128544246,0.06730877866907695,0.03189768018424522,0.9974918485076498,0.5025505500491556,0.59849167
nyc_tist,44,B_blind,keps,6,0.05,0.25,double,0.483,0.24826135860204573,0.3061955683636609,0.06942718336911083,0.03370649100193643,0.21720591923752194,0.9689755262392856,0.019277481
nyc_tist,44,EASE,keps,6,0.05,0.25,double,0.483,0.23962667784335812,0.28056689987323685,0.04132301434866117,0.019556044805633853,0.4309004263857537,0.9284622571657513,0.084035695
nyc_tist,44,AFM,keps,6,0.05,0.25,double,0.483,0.19528264825430974,0.24847478201989315,0.05496554061687945,0.025687868065136434,0.09581138700777526,0.9855313267157919,0.034970623
nyc_tist,44,SASRec,keps,6,0.05,0.25,double,0.483,0.3296770549976006,0.43251931043593617,0.06759123262908145,0.03218884771109065,0.9974918485076498,0.5091624664126324,0.59383124
nyc_tist,44,B_blind,keps,6,0.1,0.25,double,0.9451,0.22762867824927183,0.28238564538394706,0.06993560049711897,0.03444770723000872,0.19212440431402056,0.9726806945190782,0.016659133
nyc_tist,44,EASE,keps,6,0.1,0.25,double,0.9451,0.2281177696065777,0.28405320056094463,0.06479493842503672,0.030562488651510067,0.31502382743917734,0.9700769479114657,0.022195231
nyc_tist,44,AFM,keps,6,0.1,0.25,double,0.9451,0.1820842478525477,0.23496638738616957,0.05555869393288894,0.0260706041988356,0.07925758715826436,0.9880700146904395,0.03290024
nyc_tist,44,SASRec,keps,6,0.1,0.25,double,0.9451,0.3211537574815551,0.424079838245617,0.06660264376906565,0.03185415976469545,0.9967394030599448,0.5090450315916288,0.5956248
nyc_tist,45,B_blind,kappa,8,0.02,0.0,double,0.1929,0.22641591395733046,0.2803172058174838,0.07010507287312168,0.034517331351844725,0.18660647103085026,0.97313765784444,0.015876738
nyc_tist,45,B_blind,kappa,8,0.02,0.05,double,0.1929,0.23121673857041763,0.28602826216898264,0.07055699920912892,0.03464911782869757,0.19312766491096062,0.9725077493833265,0.016523559
nyc_tist,45,B_blind,kappa,8,0.02,0.1,double,0.1929,0.23761110808414124,0.294066517251005,0.07089594396113434,0.03484032308397845,0.1986455981941309,0.9718358900977946,0.016924642
nyc_tist,45,B_blind,kappa,8,0.02,0.25,double,0.1929,0.25482898018694383,0.3143640426220069,0.06959665574511355,0.03337224031559454,0.22623526460998244,0.9670756092766408,0.021198172
nyc_tist,45,B_blind,kappa,8,0.02,0.5,double,0.1929,0.2701363097571729,0.32800000760336007,0.06626369901706022,0.028692094030037155,0.27840481565086533,0.9524390675185257,0.032886114
nyc_tist,45,B_blind,kappa,8,0.02,1.0,double,0.1929,0.25555865252552246,0.3107469815944427,0.048977516664783644,0.021253902465111652,0.3471281665412591,0.9261760633367901,0.056270476
nyc_tist,45,B_blind,kappa,8,0.02,1.5,double,0.1929,0.24591489899395055,0.29939523181614996,0.044232290136707715,0.01931012735749563,0.36092299974918485,0.9180521348659496,0.06676648
nyc_tist,45,B_blind,kappa,8,0.02,0.0,single,0.1929,0.22641591395733046,0.2803172058174838,0.07010507287312168,0.034517331351844725,0.18660647103085026,0.97313765784444,0.015876738
nyc_tist,45,B_blind,kappa,8,0.02,0.05,single,0.1929,0.23145206219723877,0.28629807819670827,0.07066998079313072,0.034668594801645636,0.19413092550790068,0.9724662236213009,0.01651791
nyc_tist,45,B_blind,kappa,8,0.02,0.1,single,0.1929,0.23813622470898993,0.29465628868062094,0.07072647158513162,0.03472584686447938,0.1986455981941309,0.9717730177024033,0.01694159
nyc_tist,45,B_blind,kappa,8,0.02,0.25,single,0.1929,0.2566451519044662,0.31633292847870675,0.06982261891311717,0.03329680529326149,0.22824178580386256,0.9666240980849039,0.021398714
nyc_tist,45,B_blind,kappa,8,0.02,0.5,single,0.1929,0.27340588960693446,0.33123203477283125,0.06620720822505932,0.028142323300142526,0.28091296714321545,0.9513056315637958,0.03354141
nyc_tist,45,B_blind,kappa,8,0.02,1.0,single,0.1929,0.25244297324944687,0.30745089476010495,0.046830866568749296,0.019889167403583687,0.35415099071983946,0.9227180022452928,0.058256134
nyc_tist,45,B_blind,kappa,8,0.02,1.5,single,0.1929,0.2426192753069914,0.29621328463372815,0.04022144390464354,0.0179359636752041,0.37346375721093555,0.913878570499304,0.069031745
nyc_tist,45,EASE,kappa,8,0.02,0.0,double,0.1929,0.21306425580782934,0.2704083856292141,0.07072647158513162,0.033712126120111055,0.20943064961123653,0.981301365070872,0.010128798
nyc_tist,45,EASE,kappa,8,0.02,0.05,double,0.1929,0.25043364962985976,0.3018571092884358,0.05027680488080443,0.024127957655910637,0.45196889892149483,0.9313144428238231,0.07699695
nyc_tist,45,EASE,kappa,8,0.02,0.1,double,0.1929,0.25373192337310224,0.28885063928529914,0.03991074454863857,0.018962028388714518,0.4780536744419363,0.9208674619470685,0.13034685
nyc_tist,45,EASE,kappa,8,0.02,0.25,double,0.1929,0.25198032211051585,0.264623597220767,0.03358377584453734,0.01561792774128062,0.5038876348131427,0.9149045492642638,0.18925828
nyc_tist,45,EASE,kappa,8,0.02,0.5,double,0.1929,0.2475291010492048,0.2596981913892349,0.03025081911648401,0.014152408413117108,0.5001254075746175,0.9125944966831956,0.2114507
nyc_tist,45,EASE,kappa,8,0.02,1.0,double,0.1929,0.24652060939874218,0.25477951347904515,0.0286125861484578,0.013253884934828056,0.44996237772761477,0.914940875096351,0.2393317
nyc_tist,45,EASE,kappa,8,0.02,1.5,double,0.1929,0.24330113938145212,0.24451706342966248,0.027369788724437915,0.012672068143713638,0.4233759719087033,0.9182188159989064,0.25892553
nyc_tist,45,EASE,kappa,8,0.02,0.0,single,0.1929,0.21306425580782934,0.2704083856292141,0.07072647158513162,0.033712126120111055,0.20943064961123653,0.981301365070872,0.010128798
nyc_tist,45,EASE,kappa,8,0.02,0.05,single,0.1929,0.2513350590123587,0.30249700235722915,0.04849734493277596,0.023225028767702147,0.4823175319789315,0.9263250930454492,0.07953056
nyc_tist,45,EASE,kappa,8,0.02,0.1,single,0.1929,0.25420006266703565,0.2878167660227584,0.0381312846006101,0.017903665656711726,0.5023827439177326,0.9151649807416982,0.1353124
nyc_tist,45,EASE,kappa,8,0.02,0.25,single,0.1929,0.25415185289336106,0.26734624235798865,0.03138063495650209,0.014746608117141092,0.5038876348131427,0.9119741762127886,0.20390068
nyc_tist,45,EASE,kappa,8,0.02,0.5,single,0.1929,0.24688621514635634,0.25552755839113434,0.02889504010846232,0.013346827016110334,0.4512164534737898,0.9147699036669763,0.23888543
nyc_tist,45,EASE,kappa,8,0.02,1.0,single,0.1929,0.24221377545184694,0.23660930916649775,0.02669189922042707,0.012198523364837534,0.40682217205919236,0.9207358158733996,0.27233645
nyc_tist,45,EASE,kappa,8,0.02,1.5,single,0.1929,0.23861821294040453,0.22669072069408758,0.025731555756411704,0.011867506838167539,0.3897667419112114,0.9234490373002733,0.2834736
nyc_tist,45,AFM,kappa,8,0.02,0.0,double,0.1929,0.1801282580366647,0.23393889527963274,0.05561518472488984,0.026099662281431846,0.07725106596438425,0.9882781535754392,0.032397468
nyc_tist,45,AFM,kappa,8,0.02,0.05,double,0.1929,0.18355374722521203,0.23724289006136737,0.055191503784883064,0.026060391127894794,0.08026084775520441,0.9879958342185258,0.03280985
nyc_tist,45,AFM,kappa,8,0.02,0.1,double,0.1929,0.18783674960811955,0.24123945915369707,0.05538922155688623,0.026009587109029855,0.08402307499372962,0.9874833733302875,0.032973677
nyc_tist,45,AFM,kappa,8,0.02,0.25,double,0.1929,0.20008469894919662,0.252359936702519,0.05586939328889391,0.025618634013675343,0.09957361424630047,0.9849530449160313,0.03471924
nyc_tist,45,AFM,kappa,8,0.02,0.5,double,0.1929,0.2301656469677687,0.2842959685937977,0.05377923398486047,0.023716884889918494,0.11963882618510158,0.9780842293436041,0.042611007
nyc_tist,45,AFM,kappa,8,0.02,1.0,double,0.1929,0.24829545288489507,0.2946900060806485,0.04229277294467668,0.01732625207592165,0.14773012289942314,0.9642490917195947,0.056456897
nyc_tist,45,AFM,kappa,8,0.02,1.5,double,0.1929,0.24396528929077485,0.28382463142145326,0.03319775543253116,0.014121037152234624,0.16102332580887885,0.9571301977727467,0.067252286
nyc_tist,45,AFM,kappa,8,0.02,0.0,single,0.1929,0.1801282580366647,0.23393889527963274,0.05561518472488984,0.026099662281431846,0.07725106596438425,0.9882781535754392,0.032397468
nyc_tist,45,AFM,kappa,8,0.02,0.05,single,0.1929,0.18380089069384525,0.2374648308620367,0.055191503784883064,0.026067899625504078,0.08026084775520441,0.9879935402984794,0.032823976
nyc_tist,45,AFM,kappa,8,0.02,0.1,single,0.1929,0.1882467018656762,0.24160924531370112,0.05538922155688623,0.026042624872438035,0.08427389014296463,0.9874640698301567,0.033001922
nyc_tist,45,AFM,kappa,8,0.02,0.25,single,0.1929,0.20102498203899424,0.25316158053962645,0.05615184724889843,0.02561375874231194,0.10032605969400551,0.9848302968151179,0.034883063
nyc_tist,45,AFM,kappa,8,0.02,0.5,single,0.1929,0.2338238038121256,0.2879260558992375,0.05355327081685685,0.02337774892738482,0.11988964133433659,0.9776735397271954,0.043133542
nyc_tist,45,AFM,kappa,8,0.02,1.0,single,0.1929,0.2504745506472222,0.29496134217687303,0.04102173012465635,0.01621388248710234,0.14973664409330323,0.9630822883670311,0.058083836
nyc_tist,45,AFM,kappa,8,0.02,1.5,single,0.1929,0.24133289106977163,0.27907861160845376,0.029469363160471506,0.012329859325342868,0.16428392274893402,0.9548679108696303,0.06962773
nyc_tist,45,SASRec,kappa,8,0.02,0.0,double,0.1929,0.3179513418559644,0.42035048893694543,0.0661507174330584,0.03156238670231341,0.9972410333584149,0.5073487506863694,0.59769803
nyc_tist,45,SASRec,kappa,8,0.02,0.05,double,0.1929,0.3213451412785858,0.42441174809822346,0.0659247542650548,0.0315936848713739,0.9974918485076498,0.5067044637813827,0.5980539
nyc_tist,45,SASRec,kappa,8,0.02,0.1,double,0.1929,0.32384980229641086,0.42681374876558303,0.06640492599706248,0.03183598013644224,0.9972410333584149,0.5054539273880649,0.5986499
nyc_tist,45,SASRec,kappa,8,0.02,0.25,double,0.1929,0.32970595708315603,0.4331384184910557,0.06722404248107558,0.032006375708088904,0.9974918485076498,0.5003094567569433,0.59990114
nyc_tist,45,SASRec,kappa,8,0.02,0.5,double,0.1929,0.32403426611041747,0.4237992862031808,0.06725228787707603,0.0313997686284173,0.9977426636568849,0.49120696806480724,0.59983057
nyc_tist,45,SASRec,kappa,8,0.02,1.0,double,0.1929,0.2969455683720061,0.38187982068230725,0.06055812902496893,0.02808318385549543,0.9964885879107098,0.48597208241211676,0.60360414
nyc_tist,45,SASRec,kappa,8,0.02,1.5,double,0.1929,0.2856810278526995,0.3618992826631061,0.055247994576883966,0.02596386381695159,0.9964885879107098,0.488160122250211,0.6062168
nyc_tist,45,SASRec,kappa,8,0.02,0.0,single,0.1929,0.3179513418559644,0.42035048893694543,0.0661507174330584,0.03156238670231341,0.9972410333584149,0.5073487506863694,0.59769803
nyc_tist,45,SASRec,kappa,8,0.02,0.05,single,0.1929,0.32122867981778797,0.4244034870189893,0.06581177268105298,0.03153048882310719,0.9974918485076498,0.5064225836556084,0.5983392
nyc_tist,45,SASRec,kappa,8,0.02,0.1,single,0.1929,0.32395598721175745,0.42713230427035287,0.06646141678906338,0.031804962078338925,0.9974918485076498,0.5049215480761009,0.5992261
nyc_tist,45,SASRec,kappa,8,0.02,0.25,single,0.1929,0.32941537195508697,0.43381922582765337,0.0675064964410801,0.03200726461255959,0.9974918485076498,0.4987866934047913,0.6009829
nyc_tist,45,SASRec,kappa,8,0.02,0.5,single,0.1929,0.32284109389095145,0.42300495644591923,0.06719579708507513,0.031142875798011324,0.9977426636568849,0.4882445325570446,0.6011524
nyc_tist,45,SASRec,kappa,8,0.02,1.0,single,0.1929,0.29445887081135846,0.3784498806562177,0.05937182239294995,0.02759549266064541,0.9969902182091799,0.4802061535602502,0.6052028
nyc_tist,45,SASRec,kappa,8,0.02,1.5,single,0.1929,0.28294975120755006,0.35777990441719604,0.053722743192859565,0.02528475856003431,0.9972410333584149,0.48259115739303793,0.60768557
nyc_tist,45,B_blind,keps,3,0.01,0.25,double,0.031,0.25655460226953253,0.30989915962080683,0.0687492938651,0.031319133766563645,0.2129420617005267,0.9673015441071517,0.021997513
nyc_tist,45,EASE,keps,3,0.01,0.25,double,0.031,0.1882079546504029,0.25258035922386435,0.02813241441645012,0.013548259119181779,0.32806621519939805,0.939958527229086,0.10069766
nyc_tist,45,AFM,keps,3,0.01,0.25,double,0.031,0.19961558106267194,0.24549643863338236,0.0542876511128686,0.0242131568606957,0.09380486581389516,0.9857077460281674,0.034820925
nyc_tist,45,SASRec,keps,3,0.01,0.25,double,0.031,0.32146455670758445,0.42472564883718794,0.06575528188905208,0.03129748922400491,0.9972410333584149,0.4978980508820654,0.60418314
nyc_tist,45,B_blind,keps,3,0.03,0.25,double,0.1433,0.2552855876462698,0.31254337116277725,0.06925771099310812,0.032135572818584555,0.21118635565588162,0.9673504007785783,0.021003278
nyc_tist,45,EASE,keps,3,0.03,0.25,double,0.1433,0.20750029147691404,0.2716030586451685,0.03282115015252514,0.015323346295430187,0.34813142713819917,0.9352342010188632,0.09204609
nyc_tist,45,AFM,keps,3,0.03,0.25,double,0.1433,0.19845040702463024,0.2502054600874562,0.05471133205287538,0.02489199998179254,0.09430649611236519,0.9856847699889628,0.035193764
nyc_tist,45,SASRec,keps,3,0.03,0.25,double,0.1433,0.3208798096758189,0.42550586102591886,0.06572703649305163,0.031126447234706194,0.9977426636568849,0.49941399481656235,0.6031974
nyc_tist,45,B_blind,keps,3,0.05,0.25,double,0.2342,0.25571144349249614,0.31443673644074593,0.06959665574511355,0.032633773173366486,0.21319287684976174,0.9674631400770162,0.020972207
nyc_tist,45,EASE,keps,3,0.05,0.25,double,0.2342,0.20875454002220145,0.2726548289025947,0.03451587391255225,0.01615093355602604,0.35590669676448455,0.9362248882702247,0.08354424
nyc_tist,45,AFM,keps,3,0.05,0.25,double,0.2342,0.1986913063747606,0.25146164342940486,0.0549937860128799,0.025082563714395528,0.09480812641083522,0.9856220662016539,0.035524234
nyc_tist,45,SASRec,keps,3,0.05,0.25,double,0.2342,0.3214481610092641,0.4262490381089639,0.06646141678906338,0.03138573844202981,0.9977426636568849,0.5018384600250214,0.6008953
nyc_tist,45,B_blind,keps,3,0.1,0.25,double,0.923,0.2325208347083545,0.2879565128964651,0.06970963732911535,0.03430395221566181,0.19287684976172562,0.9723712986877444,0.016385155
nyc_tist,45,EASE,keps,3,0.1,0.25,double,0.923,0.22805897453198712,0.286375774944063,0.06589650886905435,0.03146805270361778,0.29169801856032107,0.9755616384817711,0.015786352
nyc_tist,45,AFM,keps,3,0.1,0.25,double,0.923,0.18381395962545044,0.2379046768879843,0.055332730764885325,0.026029634165303062,0.08527715073990469,0.9876445059821439,0.033998985
nyc_tist,45,SASRec,keps,3,0.1,0.25,double,0.923,0.32114194022034814,0.42385986855138796,0.06606598124505705,0.031554717624648454,0.9972410333584149,0.5068613698961801,0.5977743
nyc_tist,45,B_blind,keps,4,0.01,0.25,double,0.0282,0.2576320910264513,0.3161707375401176,0.0689187662411027,0.03228322054940809,0.218209179834462,0.965987761263537,0.021511693
nyc_tist,45,EASE,keps,4,0.01,0.25,double,0.0282,0.20510428095855762,0.25700082761003923,0.02929047565246865,0.013648053252882923,0.3651868572861801,0.9330317699850239,0.09000395
nyc_tist,45,AFM,keps,4,0.01,0.25,double,0.0282,0.2020363382875191,0.2548677037089014,0.054937295220879,0.025333213781929285,0.09756709305242037,0.9848338418354738,0.036594737
nyc_tist,45,SASRec,keps,4,0.01,0.25,double,0.0282,0.3243458429578321,0.42832872713517006,0.06694158852107107,0.03162372464635077,0.9979934788061199,0.49941753133567035,0.6016863
nyc_tist,45,B_blind,keps,4,0.03,0.25,double,0.1796,0.2564216084050421,0.31551465758938424,0.06920122020110722,0.03276364666989008,0.21218961625282168,0.9670532821660227,0.020839455
nyc_tist,45,EASE,keps,4,0.03,0.25,double,0.1796,0.21540591896189598,0.2671317857090034,0.03341430346853463,0.015601053716500782,0.37647353900175573,0.9310431708384981,0.08118857
nyc_tist,45,AFM,keps,4,0.03,0.25,double,0.1796,0.20013674844382512,0.2532063663798125,0.05490904982487854,0.02549030952803796,0.09681464760471532,0.9851677666006204,0.03583493
nyc_tist,45,SASRec,keps,4,0.03,0.25,double,0.1796,0.32583955608181636,0.429705164321035,0.06696983391707152,0.0315838002178472,0.9977426636568849,0.5017176020348812,0.60032487
nyc_tist,45,B_blind,keps,4,0.05,0.25,double,0.4087,0.24955812898569674,0.30654366405741373,0.06914472940910632,0.03338380227094984,0.20867820416353147,0.968824032585623,0.020297142
nyc_tist,45,EASE,keps,4,0.05,0.25,double,0.4087,0.23416134783524706,0.2738736461916081,0.040984069596655744,0.019098965829033934,0.3925257085527966,0.9339029892002697,0.056363687
nyc_tist,45,AFM,keps,4,0.05,0.25,double,0.4087,0.19507224955819247,0.24719267401495465,0.05501261627688021,0.025492139403900375,0.09505894156007023,0.9857150755206936,0.035148572
nyc_tist,45,SASRec,keps,4,0.05,0.25,double,0.4087,0.32622958506868666,0.4278055919288725,0.06696983391707152,0.031902171225293416,0.9969902182091799,0.5068685052768804,0.59509665
nyc_tist,45,B_blind,keps,4,0.1,0.25,double,0.8027,0.23382369995518124,0.29118974105172335,0.07010507287312168,0.03425745826221908,0.19939804364183597,0.9716731747969625,0.017707039
nyc_tist,45,EASE,keps,4,0.1,0.25,double,0.8027,0.2374772097412288,0.29335790405132023,0.05719692690091515,0.026352367383296018,0.2841735640832706,0.9663547813865858,0.027287878
nyc_tist,45,AFM,keps,4,0.1,0.25,double,0.8027,0.18492981544722717,0.23908545834862827,0.05510676759688171,0.025843950320315227,0.0872836719337848,0.9872818597511168,0.034493275
nyc_tist,45,SASRec,keps,4,0.1,0.25,double,0.8027,0.32412787128381143,0.4276633014128731,0.06651790758106428,0.03178778113160917,0.9967394030599448,0.5104974867902652,0.5946503
nyc_tist,45,B_blind,keps,5,0.01,0.25,double,0.0273,0.2574195823165706,0.31641915271230037,0.0689187662411027,0.03234208751124168,0.21871081013293203,0.9659542238407464,0.021743307
nyc_tist,45,EASE,keps,5,0.01,0.25,double,0.0273,0.20534079021336657,0.25843451683536217,0.029403457236470455,0.013730847685920235,0.36468522698771005,0.9327559243283525,0.09055192
nyc_tist,45,AFM,keps,5,0.01,0.25,double,0.0273,0.2018396889937577,0.25476218165522657,0.0549937860128799,0.025357615047522576,0.09731627790318535,0.9848369646271862,0.03662863
nyc_tist,45,SASRec,keps,5,0.01,0.25,double,0.0273,0.32474766122326637,0.42899624194425606,0.06722404248107558,0.031715727427026184,0.9979934788061199,0.49958191429795673,0.6017201
nyc_tist,45,B_blind,keps,5,0.03,0.25,double,0.2583,0.25371346179599047,0.31198802370876993,0.06970963732911535,0.03318582254390077,0.22397792826686733,0.9678795793707244,0.019534517
nyc_tist,45,EASE,keps,5,0.03,0.25,double,0.2583,0.23589115110125794,0.2445206925272256,0.03200203366851203,0.015485033076049756,0.4033107599699022,0.9296059442085205,0.23760027
nyc_tist,45,AFM,keps,5,0.03,0.25,double,0.2583,0.19874302196790258,0.25090799314333595,0.055360976160885776,0.02555162170422584,0.09831953850012541,0.9849966648187787,0.03531522
nyc_tist,45,SASRec,keps,5,0.03,0.25,double,0.2583,0.3305978555213671,0.43488061403424044,0.0668568523330697,0.031822779050562675,0.9974918485076498,0.5026774920990109,0.59863853
nyc_tist,45,B_blind,keps,5,0.05,0.25,double,0.602,0.24650685402933417,0.303297540039431,0.0690317478251045,0.033385791811124076,0.20441434662653624,0.9696226511441814,0.01935657
nyc_tist,45,EASE,keps,5,0.05,0.25,double,0.602,0.22735926754245758,0.271375288258589,0.04217037622867473,0.019813358750396907,0.38023576624028094,0.9359881086811994,0.080358155
nyc_tist,45,AFM,keps,5,0.05,0.25,double,0.602,0.19276890622462192,0.24592381325281404,0.05526682484088427,0.02559081344076744,0.09330323551542513,0.9861802354658629,0.035363235
nyc_tist,45,SASRec,keps,5,0.05,0.25,double,0.602,0.32175706936726195,0.424257231356493,0.06634843520506158,0.031383543967973805,0.9977426636568849,0.5048335644114188,0.5992289
nyc_tist,45,B_blind,keps,5,0.1,0.25,double,0.923,0.23245573658576277,0.2879205425427748,0.06970963732911535,0.034297987948763986,0.19312766491096062,0.9723748082862342,0.01638233
nyc_tist,45,EASE,keps,5,0.1,0.25,double,0.923,0.2239890669281934,0.2834223118546576,0.0667438707490679,0.03188222710460846,0.2583396037120642,0.9768876461198024,0.013817648
nyc_tist,45,AFM,keps,5,0.1,0.25,double,0.923,0.18358422619234338,0.23783354567899953,0.05550220314088804,0.02604890842005279,0.0855279658891397,0.9876434277405408,0.033976387
nyc_tist,45,SASRec,keps,5,0.1,0.25,double,0.923,0.3209234062809668,0.4236060294528537,0.06620720822505932,0.03152691823848073,0.9972410333584149,0.5072957581578612,0.5975144
nyc_tist,45,B_blind,keps,6,0.01,0.25,double,0.0798,0.2546646190617345,0.31311471079800673,0.06925771099310812,0.03273296908403919,0.22272385252069224,0.9660224831935289,0.022005988
nyc_tist,45,EASE,keps,6,0.01,0.25,double,0.0798,0.2352620713155085,0.23815668341786014,0.02844311377245509,0.013553413718997964,0.43365939302733886,0.9309777027287616,0.23739971
nyc_tist,45,AFM,keps,6,0.01,0.25,double,0.0798,0.20096282041397062,0.2534024957256966,0.055473957744887586,0.025532488313781063,0.10233258088788563,0.9846520270644592,0.036128685
nyc_tist,45,SASRec,keps,6,0.01,0.25,double,0.0798,0.32708544533486683,0.4296071464710044,0.06699807931307197,0.03164813137373247,0.9974918485076498,0.49934934282662,0.6002655
nyc_tist,45,B_blind,keps,6,0.03,0.25,double,0.4457,0.24540925402205171,0.3075640046691773,0.06976612812111625,0.033645918302603946,0.21143717080511662,0.9681492715408231,0.02055135
nyc_tist,45,EASE,keps,6,0.03,0.25,double,0.4457,0.23184742198024516,0.2812119320693722,0.04222686702067563,0.019945113580413905,0.40055179332831703,0.935064928422185,0.05889165
nyc_tist,45,AFM,keps,6,0.03,0.25,double,0.4457,0.19265856157633096,0.2481144356270783,0.05515384325688246,0.02589602211631296,0.09330323551542513,0.985701086717347,0.035049714
nyc_tist,45,SASRec,keps,6,0.03,0.25,double,0.4457,0.32153455753067567,0.4280236913805784,0.06648966218506383,0.031572755715995,0.9974918485076498,0.5045447699373886,0.6008163
nyc_tist,45,B_blind,keps,6,0.05,0.25,double,0.7474,0.24240070362488264,0.3003764073370304,0.06925771099310812,0.03369366069616802,0.20441434662653624,0.9699173724048418,0.01928313
nyc_tist,45,EASE,keps,6,0.05,0.25,double,0.7474,0.23859016778176226,0.2926478946926602,0.048949271268783186,0.02273740700691272,0.40431402056684224,0.9413088838578503,0.053748164
nyc_tist,45,AFM,keps,6,0.05,0.25,double,0.7474,0.19088029722540353,0.2453035183612648,0.0550502768048808,0.025658595780919086,0.09229997491848507,0.9863678084154248,0.035193764
nyc_tist,45,SASRec,keps,6,0.05,0.25,double,0.7474,0.31993067119376284,0.4240555419021537,0.0660377358490566,0.03128942789887524,0.9972410333584149,0.5064315468045977,0.5988193
nyc_tist,45,B_blind,keps,6,0.1,0.25,double,0.923,0.2324238217276344,0.28786755209520404,0.06970963732911535,0.03428877605451534,0.19312766491096062,0.9723746325937785,0.01638233
nyc_tist,45,EASE,keps,6,0.1,0.25,double,0.923,0.2234263107259556,0.28287897536131457,0.0667438707490679,0.031916080611200964,0.25232004013042386,0.9770665392953037,0.013715964
nyc_tist,45,AFM,keps,6,0.1,0.25,double,0.923,0.18358869087790103,0.23784078659413707,0.05555869393288894,0.02606097575705377,0.0855279658891397,0.9876444478902835,0.03399051
nyc_tist,45,SASRec,keps,6,0.1,0.25,double,0.923,0.3210117910089621,0.42368714751299924,0.06620720822505932,0.031571680731343046,0.9972410333584149,0.5073946701766618,0.59742117
nyc_tist,46,B_blind,kappa,8,0.02,0.0,double,0.354,0.22641591395733046,0.2803172058174838,0.07010507287312168,0.034517331351844725,0.18660647103085026,0.97313765784444,0.015876738
nyc_tist,46,B_blind,kappa,8,0.02,0.05,double,0.354,0.23085640721801493,0.28546893714398963,0.0703875268331262,0.03449916106844778,0.18961625282167044,0.9727147434336147,0.016435996
nyc_tist,46,B_blind,kappa,8,0.02,0.1,double,0.354,0.23574138011268986,0.2912113576500207,0.07061349000112982,0.03460404736854051,0.19337848006019565,0.9721073533611964,0.017221218
nyc_tist,46,B_blind,kappa,8,0.02,0.25,double,0.354,0.252110754428193,0.30970433907190587,0.06970963732911535,0.03349855046050847,0.21770754953599197,0.9678603481312005,0.02081121
nyc_tist,46,B_blind,kappa,8,0.02,0.5,double,0.354,0.26827352433657503,0.3267509796932755,0.06682860693706925,0.02981425535078807,0.2708803611738149,0.9543662111443028,0.030911762
nyc_tist,46,B_blind,kappa,8,0.02,1.0,double,0.354,0.2583617177328242,0.31743647384059487,0.0527623997288442,0.023131695822333962,0.34988713318284426,0.9291155426415934,0.050629873
nyc_tist,46,B_blind,kappa,8,0.02,1.5,double,0.354,0.254210711285243,0.3171344932878149,0.046830866568749296,0.020219213421071615,0.3749686481063456,0.919418686371879,0.05865439
nyc_tist,46,B_blind,kappa,8,0.02,0.0,single,0.354,0.22641591395733046,0.2803172058174838,0.07010507287312168,0.034517331351844725,0.18660647103085026,0.97313765784444,0.015876738
nyc_tist,46,B_blind,kappa,8,0.02,0.05,single,0.354,0.23145974378616266,0.2861393574806867,0.07055699920912892,0.0345312513944257,0.1911211437170805,0.9726061130716406,0.016489664
nyc_tist,46,B_blind,kappa,8,0.02,0.1,single,0.354,0.23717202972629392,0.29321095064579256,0.07078296237713252,0.03462130258933203,0.19413092550790068,0.9719088945637551,0.017430235
nyc_tist,46,B_blind,kappa,8,0.02,0.25,single,0.354,0.2554843434322884,0.314054491520026,0.06993560049711897,0.03318761586440461,0.22121896162528218,0.9667835106509441,0.021582307
nyc_tist,46,B_blind,kappa,8,0.02,0.5,single,0.354,0.2749651457600089,0.33543438445528795,0.0658682634730539,0.028314700950414596,0.2811637822924505,0.9508983679502729,0.033055585
nyc_tist,46,B_blind,kappa,8,0.02,1.0,single,0.354,0.2576924276219572,0.3215888241847663,0.04722630211275562,0.019480353845252533,0.37346375721093555,0.9182787795506562,0.05735228
nyc_tist,46,B_blind,kappa,8,0.02,1.5,single,0.354,0.2463377694049712,0.31307003984612214,0.03779233984860468,0.016664290006479336,0.4040632054176072,0.905131271026951,0.07047792
nyc_tist,46,EASE,kappa,8,0.02,0.0,double,0.354,0.21306425580782934,0.2704083856292141,0.07072647158513162,0.033712126120111055,0.20943064961123653,0.981301365070872,0.010128798
nyc_tist,46,EASE,kappa,8,0.02,0.05,double,0.354,0.2456256296985798,0.3078156109094458,0.05106767596881708,0.025215745861494596,0.510910458991723,0.9280706075107901,0.059383117
nyc_tist,46,EASE,kappa,8,0.02,0.1,double,0.354,0.24758291546249211,0.3058474228741586,0.04132301434866117,0.020225334971747375,0.54527213443692,0.9104578157171466,0.08985707
nyc_tist,46,EASE,kappa,8,0.02,0.25,double,0.354,0.24969033658914197,0.2959119705691104,0.034883064060558126,0.016284524169110616,0.5660897918234261,0.9004406338451056,0.1268642
nyc_tist,46,EASE,kappa,8,0.02,0.5,double,0.354,0.25093677287168575,0.2884602888714911,0.03200203366851203,0.014805966716067839,0.564835716077251,0.8997229060767684,0.16063157
nyc_tist,46,EASE,kappa,8,0.02,1.0,double,0.354,0.2502137679570519,0.2768194833645778,0.029516438820472262,0.01377637557428505,0.5608226736894908,0.9010350085070569,0.20590894
nyc_tist,46,EASE,kappa,8,0.02,1.5,double,0.354,0.2471629847260239,0.26523258429678803,0.02844311377245509,0.013303435685844552,0.5600702282417858,0.9016834780259886,0.22911535
nyc_tist,46,EASE,kappa,8,0.02,0.0,single,0.354,0.21306425580782934,0.2704083856292141,0.07072647158513162,0.033712126120111055,0.20943064961123653,0.981301365070872,0.010128798
nyc_tist,46,EASE,kappa,8,0.02,0.05,single,0.354,0.2511035524073879,0.31154279166038296,0.046435431024742964,0.022792325832219126,0.5472786556308001,0.916009827669221,0.07973958
nyc_tist,46,EASE,kappa,8,0.02,0.1,single,0.354,0.2515620356779605,0.30163688960050977,0.03697322336459157,0.017293598270359284,0.5673438675696012,0.9013401267938448,0.118413165
nyc_tist,46,EASE,kappa,8,0.02,0.25,single,0.354,0.24590207143778542,0.28418246425379834,0.031776070500508416,0.014522202546366016,0.5751191371958866,0.8977052014913343,0.1599452
nyc_tist,46,EASE,kappa,8,0.02,0.5,single,0.354,0.2458705389404846,0.27614957712896,0.030307309908484917,0.013900843782668716,0.5711060948081265,0.8984427513359214,0.18589707
nyc_tist,46,EASE,kappa,8,0.02,1.0,single,0.354,0.2470099470245954,0.26998088462446096,0.028669076940458706,0.013409051226380232,0.564584900928016,0.9002525182325554,0.21508586
nyc_tist,46,EASE,kappa,8,0.02,1.5,single,0.354,0.24500474037061581,0.26259411282908085,0.027934696644446956,0.013141556678551608,0.5628291948833709,0.9012322289560606,0.23272794
nyc_tist,46,AFM,kappa,8,0.02,0.0,double,0.354,0.1801282580366647,0.23393889527963274,0.05561518472488984,0.026099662281431846,0.07725106596438425,0.9882781535754392,0.032397468
nyc_tist,46,AFM,kappa,8,0.02,0.05,double,0.354,0.18354362045328945,0.23719444242998342,0.05502203140888035,0.02601067604929057,0.0800100326059694,0.9880261652540001,0.033038642
nyc_tist,46,AFM,kappa,8,0.02,0.1,double,0.354,0.18697234075916663,0.240230786525677,0.055332730764885325,0.02604758838497841,0.08452470529219965,0.9875370374573764,0.033628967
nyc_tist,46,AFM,kappa,8,0.02,0.25,double,0.354,0.19843464671829716,0.25077185332925533,0.055247994576883966,0.025595115517423352,0.10082768999247554,0.9850989149942373,0.035908375
nyc_tist,46,AFM,kappa,8,0.02,0.5,double,0.354,0.22718432735648722,0.2824238248758068,0.052253982600836066,0.02371210121596557,0.12415349887133183,0.9781017844204261,0.045717996
nyc_tist,46,AFM,kappa,8,0.02,1.0,double,0.354,0.24194298704901587,0.29765343991123916,0.04366738221669868,0.018803159435921778,0.15475294707800352,0.9637967105668273,0.062620044
nyc_tist,46,AFM,kappa,8,0.02,1.5,double,0.354,0.24130318852523697,0.29667250811175133,0.03669076940458705,0.01589965817422323,0.16779533483822423,0.9555110047661679,0.07332788
nyc_tist,46,AFM,kappa,8,0.02,0.0,single,0.354,0.1801282580366647,0.23393889527963274,0.05561518472488984,0.026099662281431846,0.07725106596438425,0.9882781535754392,0.032397468
nyc_tist,46,AFM,kappa,8,0.02,0.05,single,0.354,0.18371655400471398,0.23728344308012303,0.05502203140888035,0.025998724081411205,0.0800100326059694,0.9880044275632331,0.033199634
nyc_tist,46,AFM,kappa,8,0.02,0.1,single,0.354,0.18756817937754,0.24075510186427623,0.05544571234888713,0.026070001771856824,0.08502633559066967,0.9874751427054886,0.033911422
nyc_tist,46,AFM,kappa,8,0.02,0.25,single,0.354,0.20056549334900645,0.25237349840840007,0.055247994576883966,0.025477491606886483,0.1018309505894156,0.9847806934507548,0.036498703
nyc_tist,46,AFM,kappa,8,0.02,0.5,single,0.354,0.2339103127263753,0.2887341090093473,0.052141001016834256,0.02329981880502877,0.12465512916980186,0.9769509449944609,0.047319513
nyc_tist,46,AFM,kappa,8,0.02,1.0,single,0.354,0.25622535789567835,0.3078776815883776,0.04016495311264264,0.01616994278118701,0.15575620767494355,0.9599757793781092,0.06683143
nyc_tist,46,AFM,kappa,8,0.02,1.5,single,0.354,0.25255716064370287,0.30994552754965204,0.02906451248446503,0.011809564709487097,0.17306245297215953,0.9487290039368428,0.0813185
nyc_tist,46,SASRec,kappa,8,0.02,0.0,double,0.354,0.3179513418559644,0.42035048893694543,0.0661507174330584,0.03156238670231341,0.9972410333584149,0.5073487506863694,0.59769803
nyc_tist,46,SASRec,kappa,8,0.02,0.05,double,0.354,0.32157011102895583,0.42383092931988203,0.06617896282905886,0.031600593514278054,0.9972410333584149,0.5076121405980576,0.59722346
nyc_tist,46,SASRec,kappa,8,0.02,0.1,double,0.354,0.3241727204227099,0.4269171065919754,0.066687379957067,0.0317950416927037,0.9969902182091799,0.5075909399027803,0.5969579
nyc_tist,46,SASRec,kappa,8,0.02,0.25,double,0.354,0.3297201506400218,0.4311909018671482,0.06736526946107785,0.03181306623721009,0.9974918485076498,0.5064009961535536,0.5949328
nyc_tist,46,SASRec,kappa,8,0.02,0.5,double,0.354,0.32497025109276784,0.4208283376561783,0.06589650886905435,0.030885638197711018,0.9969902182091799,0.5073873080960187,0.5895662
nyc_tist,46,SASRec,kappa,8,0.02,1.0,double,0.354,0.29950297269473514,0.38047013122498835,0.05942831318495085,0.027727446134570403,0.9972410333584149,0.5089837744333301,0.5879448
nyc_tist,46,SASRec,kappa,8,0.02,1.5,double,0.354,0.2856072755217218,0.36154567611113486,0.05473957744887583,0.0255889792735612,0.9974918485076498,0.50550566456564,0.5898458
nyc_tist,46,SASRec,kappa,8,0.02,0.0,single,0.354,0.3179513418559644,0.42035048893694543,0.0661507174330584,0.03156238670231341,0.9972410333584149,0.5073487506863694,0.59769803
nyc_tist,46,SASRec,kappa,8,0.02,0.05,single,0.354,0.32165599017663377,0.4239697417470594,0.06617896282905886,0.03157086129937982,0.9972410333584149,0.5070267574225882,0.5977602
nyc_tist,46,SASRec,kappa,8,0.02,0.1,single,0.354,0.3242853893706992,0.42691339426526137,0.0666308891650661,0.03177256775900104,0.9974918485076498,0.5061816781276238,0.59833914
nyc_tist,46,SASRec,kappa,8,0.02,0.25,single,0.354,0.32930257489710124,0.43131335148878314,0.06719579708507513,0.03164236720384897,0.9974918485076498,0.5029340455905487,0.5974494
nyc_tist,46,SASRec,kappa,8,0.02,0.5,single,0.354,0.323057403563516,0.4180571688040803,0.06471020223703536,0.030376710251198973,0.9969902182091799,0.49890079857038483,0.5939188
nyc_tist,46,SASRec,kappa,8,0.02,1.0,single,0.354,0.29530139716101567,0.3705277708299211,0.05776183482092419,0.026723961389854268,0.9977426636568849,0.49576007205884376,0.5931985
nyc_tist,46,SASRec,kappa,8,0.02,1.5,single,0.354,0.2787607697520235,0.345542181341204,0.051999774036831994,0.024264464054508432,0.9979934788061199,0.49305399451391807,0.59592134
nyc_tist,46,B_blind,keps,3,0.01,0.25,double,0.031,0.25655460226953253,0.30989915962080683,0.0687492938651,0.031319133766563645,0.2129420617005267,0.9673015441071517,0.021997513
nyc_tist,46,EASE,keps,3,0.01,0.25,double,0.031,0.1882079546504029,0.25258035922386435,0.02813241441645012,0.013548259119181779,0.32806621519939805,0.939958527229086,0.10069766
nyc_tist,46,AFM,keps,3,0.01,0.25,double,0.031,0.19961558106267194,0.24549643863338236,0.0542876511128686,0.0242131568606957,0.09380486581389516,0.9857077460281674,0.034820925
nyc_tist,46,SASRec,keps,3,0.01,0.25,double,0.031,0.32146455670758445,0.42472564883718794,0.06575528188905208,0.03129748922400491,0.9972410333584149,0.4978980508820654,0.60418314
nyc_tist,46,B_blind,keps,3,0.03,0.25,double,0.1433,0.2552855876462698,0.31254337116277725,0.06925771099310812,0.032135572818584555,0.21118635565588162,0.9673504007785783,0.021003278
nyc_tist,46,EASE,keps,3,0.03,0.25,double,0.1433,0.20750029147691404,0.2716030586451685,0.03282115015252514,0.015323346295430187,0.34813142713819917,0.9352342010188632,0.09204609
nyc_tist,46,AFM,keps,3,0.03,0.25,double,0.1433,0.19845040702463024,0.2502054600874562,0.05471133205287538,0.02489199998179254,0.09430649611236519,0.9856847699889628,0.035193764
nyc_tist,46,SASRec,keps,3,0.03,0.25,double,0.1433,0.3208798096758189,0.42550586102591886,0.06572703649305163,0.031126447234706194,0.9977426636568849,0.49941399481656235,0.6031974
nyc_tist,46,B_blind,keps,3,0.05,0.25,double,0.2335,0.2557456512782417,0.31447208229546497,0.06959665574511355,0.03263493884347531,0.21319287684976174,0.9674606123726537,0.020969382
nyc_tist,46,EASE,keps,3,0.05,0.25,double,0.2335,0.20938676540325765,0.27342124232765447,0.03451587391255225,0.016191597079217076,0.35540506646601455,0.9362647959614085,0.083555534
nyc_tist,46,AFM,keps,3,0.05,0.25,double,0.2335,0.1987514059791964,0.2515330827882793,0.0549937860128799,0.025082563714395528,0.09480812641083522,0.985617376346587,0.035524234
nyc_tist,46,SASRec,keps,3,0.05,0.25,double,0.2335,0.3215501177075972,0.42635943970467555,0.06646141678906338,0.03138658769408665,0.9977426636568849,0.5018358303056847,0.6009095
nyc_tist,46,B_blind,keps,3,0.1,0.25,double,0.565,0.24323384830170497,0.3011467635976512,0.06948367416111174,0.03364744861846337,0.20290945573112615,0.9699766360205182,0.018834032
nyc_tist,46,EASE,keps,3,0.1,0.25,double,0.565,0.24013768750198658,0.2997467799984539,0.04685911196474975,0.021606837238123695,0.41183847504389265,0.9377912800263719,0.06293074
nyc_tist,46,AFM,keps,3,0.1,0.25,double,0.565,0.19106449957690097,0.2444665227890394,0.05550220314088804,0.025555136949146323,0.08979182342613494,0.9865446499564439,0.035044067
nyc_tist,46,SASRec,keps,3,0.1,0.25,double,0.565,0.32399265082845097,0.4270027339548266,0.06617896282905886,0.031743045075785806,0.9972410333584149,0.5067539339595295,0.5972037
nyc_tist,46,B_blind,keps,4,0.01,0.25,double,0.0798,0.25386156828095596,0.31236455318192247,0.06857982148909728,0.032677250261418433,0.21745673438675697,0.966943332693756,0.021313975
nyc_tist,46,EASE,keps,4,0.01,0.25,double,0.0798,0.20765225054861391,0.2529262050586712,0.030872217828493954,0.014315325784035554,0.381740657135691,0.9293091401421356,0.07674274
nyc_tist,46,AFM,keps,4,0.01,0.25,double,0.0798,0.1986861748747875,0.2508167660383958,0.05441946296087071,0.025167635461586135,0.09656383245548031,0.9849708366109184,0.035577904
nyc_tist,46,SASRec,keps,4,0.01,0.25,double,0.0798,0.3253105647631726,0.4270720390898604,0.06719579708507513,0.031673544078669694,0.9977426636568849,0.504379749381513,0.5962659
nyc_tist,46,B_blind,keps,4,0.03,0.25,double,0.3161,0.24691747118681714,0.30457552433931323,0.06863631228109818,0.0330128441182339,0.21168798595435165,0.9686048392446618,0.020466613
nyc_tist,46,EASE,keps,4,0.03,0.25,double,0.3161,0.22678370673140014,0.25129683475197817,0.035560953564568974,0.016559375762124864,0.37547027840481567,0.9314689487529759,0.14979945
nyc_tist,46,AFM,keps,4,0.03,0.25,double,0.3161,0.19385499213342888,0.2460457870462551,0.05441004782887056,0.025247424577683357,0.09556057185854025,0.9855900575866028,0.034659926
nyc_tist,46,SASRec,keps,4,0.03,0.25,double,0.3161,0.324965044546088,0.425369134407601,0.0665743983730652,0.031611623560316854,0.9972410333584149,0.5084640605637964,0.59402895
nyc_tist,46,B_blind,keps,4,0.05,0.25,double,0.4087,0.24955812898569674,0.30654366405741373,0.06914472940910632,0.03338380227094984,0.20867820416353147,0.968824032585623,0.020297142
nyc_tist,46,EASE,keps,4,0.05,0.25,double,0.4087,0.23416134783524706,0.2738736461916081,0.040984069596655744,0.019098965829033934,0.3925257085527966,0.9339029892002697,0.056363687
nyc_tist,46,AFM,keps,4,0.05,0.25,double,0.4087,0.19507224955819247,0.24719267401495465,0.05501261627688021,0.025492139403900375,0.09505894156007023,0.9857150755206936,0.035148572
nyc_tist,46,SASRec,keps,4,0.05,0.25,double,0.4087,0.32622958506868666,0.4278055919288725,0.06696983391707152,0.031902171225293416,0.9969902182091799,0.5068685052768804,0.59509665
nyc_tist,46,B_blind,keps,4,0.1,0.25,double,0.7658,0.23781502420291142,0.2962501554930109,0.06942718336911083,0.03401264359187778,0.20617005267118135,0.9708761133836363,0.018667381
nyc_tist,46,EASE,keps,4,0.1,0.25,double,0.7658,0.241021999796336,0.297238934314239,0.04940119760479042,0.023154782913854265,0.473037371457236,0.9407340351453488,0.05068919
nyc_tist,46,AFM,keps,4,0.1,0.25,double,0.7658,0.18822223612807068,0.2419773546199272,0.05516325838888261,0.02553956964966951,0.09004263857536995,0.9869159292046683,0.03474749
nyc_tist,46,SASRec,keps,4,0.1,0.25,double,0.7658,0.3237606770833365,0.42832714879278544,0.06665913456106655,0.03179570576180947,0.9972410333584149,0.5081164417052291,0.5959411
nyc_tist,46,B_blind,keps,5,0.01,0.25,double,0.0988,0.25397684462568365,0.31173124985304435,0.06920122020110722,0.03252656711526001,0.22121896162528218,0.9662270345519333,0.021647273
nyc_tist,46,EASE,keps,5,0.01,0.25,double,0.0988,0.23388359327836827,0.24095534739002902,0.028217150604451475,0.013415503670410233,0.37647353900175573,0.9324077925611645,0.21710823
nyc_tist,46,AFM,keps,5,0.01,0.25,double,0.0988,0.1998384228054189,0.25188241993743676,0.05479606824087674,0.025260825067764597,0.10158013544018059,0.9846124523388164,0.036360297
nyc_tist,46,SASRec,keps,5,0.01,0.25,double,0.0988,0.3271835345987185,0.42966442404861077,0.06719579708507513,0.03169999166177902,0.9977426636568849,0.5003380549547298,0.5990453
nyc_tist,46,B_blind,keps,5,0.03,0.25,double,0.2226,0.2537443251695849,0.31172080909551103,0.06948367416111174,0.033008101024269494,0.2199648858791071,0.9669291710317032,0.020819683
nyc_tist,46,EASE,keps,5,0.03,0.25,double,0.2226,0.24030142605357463,0.2607226194437768,0.032510450796520166,0.015703005171550436,0.40807624780536744,0.9294311854732262,0.1864535
nyc_tist,46,AFM,keps,5,0.03,0.25,double,0.2226,0.19985553670862594,0.2517643162657212,0.055191503784883064,0.02539825301669234,0.10082768999247554,0.9849337697533931,0.036142807
nyc_tist,46,SASRec,keps,5,0.03,0.25,double,0.2226,0.3277759978672116,0.431560325182212,0.06705457010507287,0.031646237941662006,0.9974918485076498,0.5016108221111901,0.5987007
nyc_tist,46,B_blind,keps,5,0.05,0.25,double,0.3656,0.25031009180613395,0.308925365839607,0.06942718336911083,0.033404487203387255,0.21795836468522697,0.9678499638569447,0.020396002
nyc_tist,46,EASE,keps,5,0.05,0.25,double,0.3656,0.24573134307293149,0.27407709661545565,0.03652129702858434,0.01753263847673274,0.4301479809380487,0.9212636796058775,0.1438086
nyc_tist,46,AFM,keps,5,0.05,0.25,double,0.3656,0.19695640346705634,0.250043406108836,0.055078522200881254,0.0255686161494137,0.0980687233508904,0.9853778140157636,0.035843406
nyc_tist,46,SASRec,keps,5,0.05,0.25,double,0.3656,0.3268038915379219,0.4312026341249318,0.0674500056490792,0.031821721954609236,0.9974918485076498,0.5047486171090956,0.5972546
nyc_tist,46,B_blind,keps,5,0.1,0.25,double,0.7337,0.2409017657940678,0.2989035979190929,0.06970963732911535,0.03412846804411738,0.20717331326812138,0.9703478430081358,0.01893854
nyc_tist,46,EASE,keps,5,0.1,0.25,double,0.7337,0.24463052276568784,0.3010686242839393,0.04866681730877867,0.023652716906881838,0.4978680712315024,0.9361090091775788,0.054957066
nyc_tist,46,AFM,keps,5,0.1,0.25,double,0.7337,0.19040227617091254,0.24384829806071517,0.05544571234888713,0.02587083857410912,0.090795084023075,0.9867368872573292,0.034866117
nyc_tist,46,SASRec,keps,5,0.1,0.25,double,0.7337,0.3265400095574715,0.43075186364384804,0.06677211614506835,0.03189467940761597,0.9969902182091799,0.5075662791996256,0.59584796
nyc_tist,46,B_blind,keps,6,0.01,0.25,double,0.0985,0.25377183898350847,0.3118594268229413,0.06908823861710542,0.0325659529085114,0.2219714070729872,0.9661867173839778,0.021878885
nyc_tist,46,EASE,keps,6,0.01,0.25,double,0.0985,0.23451568004290013,0.24244084517323525,0.028386622980454187,0.013428648451836325,0.37697516930022573,0.9319585852075962,0.2155519
nyc_tist,46,AFM,keps,6,0.01,0.25,double,0.0985,0.19967425252573678,0.25178732914869456,0.05485255903287764,0.02527283610339878,0.10132932029094557,0.984613996732177,0.036394194
nyc_tist,46,SASRec,keps,6,0.01,0.25,double,0.0985,0.32749922366140366,0.4302239776080003,0.06736526946107785,0.031791327137566584,0.9977426636568849,0.5004677981657537,0.5990905
nyc_tist,46,B_blind,keps,6,0.03,0.25,double,0.2601,0.25407799241301954,0.31156283132266543,0.06970963732911535,0.033046744561203184,0.2197140707298721,0.9671004640916216,0.02052593
nyc_tist,46,EASE,keps,6,0.03,0.25,double,0.2601,0.24041980453339512,0.2613137699222452,0.032623432380521976,0.01579745932961519,0.41936292952094306,0.9277581427289805,0.18731217
nyc_tist,46,AFM,keps,6,0.03,0.25,double,0.2601,0.19992456610921355,0.2518285372409773,0.055191503784883064,0.0253979441816254,0.10032605969400551,0.9850014751081904,0.03623884
nyc_tist,46,SASRec,keps,6,0.03,0.25,double,0.2601,0.3283453515665754,0.4321895670937332,0.06716755168907468,0.03176852455212241,0.9977426636568849,0.5008548982362375,0.5993758
nyc_tist,46,B_blind,keps,6,0.05,0.25,double,0.4681,0.25065699656451645,0.30834758496039927,0.06937069257710993,0.03345394104085232,0.21695510408828694,0.968278975079357,0.020000566
nyc_tist,46,EASE,keps,6,0.05,0.25,double,0.4681,0.24576453298288095,0.27355960222728654,0.035843407524573496,0.017364813891707975,0.44168547780285927,0.9177031869789674,0.14880805
nyc_tist,46,AFM,keps,6,0.05,0.25,double,0.4681,0.1974010633936273,0.2501545212252237,0.055078522200881254,0.025540100055312882,0.09656383245548031,0.9856334295362879,0.036004405
nyc_tist,46,SASRec,keps,6,0.05,0.25,double,0.4681,0.3270064650652247,0.4308554871687824,0.0673370240650774,0.03175727725998071,0.9977426636568849,0.5029565838154886,0.5989549
nyc_tist,46,B_blind,keps,6,0.1,0.25,double,0.923,0.2324238217276344,0.28786755209520404,0.06970963732911535,0.03428877605451534,0.19312766491096062,0.9723746325937785,0.01638233
nyc_tist,46,EASE,keps,6,0.1,0.25,double,0.923,0.2234263107259556,0.28287897536131457,0.0667438707490679,0.031916080611200964,0.25232004013042386,0.9770665392953037,0.013715964
nyc_tist,46,AFM,keps,6,0.1,0.25,double,0.923,0.18358869087790103,0.23784078659413707,0.05555869393288894,0.02606097575705377,0.0855279658891397,0.9876444478902835,0.03399051
nyc_tist,46,SASRec,keps,6,0.1,0.25,double,0.923,0.3210117910089621,0.42368714751299924,0.06620720822505932,0.031571680731343046,0.9972410333584149,0.5073946701766618,0.59742117
saopaulo,42,B_blind,kappa,4,0.03,0.0,double,0.1726,0.18271442280547429,0.36482953290965103,0.06527853574577054,0.02967541142023857,0.18677892111007172,0.9629923258186934,0.008840939
saopaulo,42,B_blind,kappa,4,0.03,0.05,double,0.1726,0.18946534443660906,0.37742171198691693,0.06569833340329961,0.029838957256369106,0.19301527907701901,0.9624865828702369,0.009317409
saopaulo,42,B_blind,kappa,4,0.03,0.1,double,0.1726,0.194579597556704,0.3858662630578489,0.06611813106082869,0.029979073295506874,0.19987527284066106,0.9617872696118188,0.009827464
saopaulo,42,B_blind,kappa,4,0.03,0.25,double,0.1726,0.2053456075100144,0.4004476549976816,0.06574031316905252,0.029610344113825376,0.2235734331150608,0.9580989839417513,0.011976827
saopaulo,42,B_blind,kappa,4,0.03,0.5,double,0.1726,0.21110784897115256,0.3974930352097427,0.06393518324167752,0.02865379475689222,0.2644215777985656,0.9490320391483371,0.018624322
saopaulo,42,B_blind,kappa,4,0.03,1.0,double,0.1726,0.2175530691418147,0.38311739138817363,0.05881365181982284,0.026279200991964832,0.320236981602744,0.9324622067243102,0.035399437
saopaulo,42,B_blind,kappa,4,0.03,1.5,double,0.1726,0.2199315307238346,0.3721810981383749,0.054363796650014694,0.024216847479771826,0.34580604926722797,0.9241969995345312,0.047500104
saopaulo,42,B_blind,kappa,4,0.03,0.0,single,0.1726,0.18271442280547429,0.36482953290965103,0.06527853574577054,0.02967541142023857,0.18677892111007172,0.9629923258186934,0.008840939
saopaulo,42,B_blind,kappa,4,0.03,0.05,single,0.1726,0.1894264777761529,0.37692420142526933,0.06578229293480542,0.029862562250278293,0.19301527907701901,0.962446298264966,0.009348894
saopaulo,42,B_blind,kappa,4,0.03,0.1,single,0.1726,0.19488619158967718,0.38590352786411514,0.06620209059233449,0.02996221230260183,0.20049890863735578,0.9616938643057675,0.009846354
saopaulo,42,B_blind,kappa,4,0.03,0.25,single,0.1726,0.2062526524106462,0.40071913850824337,0.0656563536375467,0.02949783191326163,0.22388525101340817,0.9577185153164032,0.012266488
saopaulo,42,B_blind,kappa,4,0.03,0.5,single,0.1726,0.21355587569457551,0.3977327560315513,0.06418706183619495,0.02844464784041967,0.2656688493919551,0.948033179906256,0.019455522
saopaulo,42,B_blind,kappa,4,0.03,1.0,single,0.1726,0.221352640734347,0.3798390556715384,0.057638218378741446,0.025815783381631367,0.32616152167134393,0.92978901718483,0.03829604
saopaulo,42,B_blind,kappa,4,0.03,1.5,single,0.1726,0.2236567232718245,0.3655784615188216,0.052768565551404224,0.023639913467244148,0.3551605862176489,0.9200184865431811,0.052713994
saopaulo,42,EASE,kappa,4,0.03,0.0,double,0.1726,0.18217115833555902,0.36875812643813777,0.0680072205197095,0.029927678384747,0.23012160898035547,0.9707047405208686,0.007356954
saopaulo,42,EASE,kappa,4,0.03,0.05,double,0.1726,0.21541896935283306,0.3985587092157147,0.06254985097183158,0.028451243171254838,0.4801995634549423,0.9387683738870043,0.037641156
saopaulo,42,EASE,kappa,4,0.03,0.1,double,0.1726,0.2211594237988547,0.38385950528244095,0.05614094006688776,0.02601744710143975,0.513252260679763,0.9263345811939785,0.05226691
saopaulo,42,EASE,kappa,4,0.03,0.25,double,0.1726,0.22322865863065586,0.3616984232683034,0.05148118606831507,0.023524305559876165,0.5104458995946367,0.9136472710331356,0.0697179
saopaulo,42,EASE,kappa,4,0.03,0.5,double,0.1726,0.22349799412719668,0.3432427270896898,0.04677945230398947,0.0215550979509901,0.48175865294667913,0.9078520121496012,0.084100164
saopaulo,42,EASE,kappa,4,0.03,1.0,double,0.1726,0.20824085125762998,0.2997343528528467,0.03905517540545457,0.018284523165820885,0.45120049890863734,0.9091938318097375,0.097558886
saopaulo,42,EASE,kappa,4,0.03,1.5,double,0.1726,0.19446135382482765,0.26368864001744585,0.035025117893175486,0.016307789832989736,0.43935141877143746,0.9119670331996328,0.102594346
saopaulo,42,EASE,kappa,4,0.03,0.0,single,0.1726,0.18217115833555902,0.36875812643813777,0.0680072205197095,0.029927678384747,0.23012160898035547,0.9707047405208686,0.007356954
saopaulo,42,EASE,kappa,4,0.03,0.05,single,0.1726,0.21844247609713446,0.3976494312632259,0.06192015448553797,0.028177822836248183,0.5082631743062052,0.9349431585201375,0.041618742
saopaulo,42,EASE,kappa,4,0.03,0.1,single,0.1726,0.22304449522478068,0.37705469244114737,0.05425185060800694,0.02516664049146101,0.5266604303086997,0.919658010339484,0.060692247
saopaulo,42,EASE,kappa,4,0.03,0.25,single,0.1726,0.221590759704541,0.3495816450356702,0.04992793473545751,0.02296572217475822,0.5123168069847209,0.9077253411189763,0.08104823
saopaulo,42,EASE,kappa,4,0.03,0.5,single,0.1726,0.21907126562785564,0.3312897474918673,0.04468046401634412,0.020804885675649972,0.48331774243841596,0.9045161483801851,0.09185802
saopaulo,42,EASE,kappa,4,0.03,1.0,single,0.1726,0.2025564956963252,0.2883665374214452,0.03829953962190224,0.017906580173366465,0.45182413470533206,0.9081276334628972,0.10023508
saopaulo,42,EASE,kappa,4,0.03,1.5,single,0.1726,0.19179937810058922,0.25865469536384467,0.03481521906441095,0.01625523684653841,0.43935141877143746,0.911701455875817,0.1035221
saopaulo,42,AFM,kappa,4,0.03,0.0,double,0.1726,0.18632175511729415,0.3512200054225211,0.0482137609672138,0.020554225187592312,0.1378235110695354,0.9761779895990974,0.04344906
saopaulo,42,AFM,kappa,4,0.03,0.05,double,0.1726,0.1907554726976143,0.35737187219150934,0.04854959909323706,0.020653711906023595,0.1378235110695354,0.9758377846349526,0.044450276
saopaulo,42,AFM,kappa,4,0.03,0.1,double,0.1726,0.19483828483120696,0.36191103334680663,0.04861256874186642,0.02067677807600567,0.13719987527284067,0.975367570679389,0.045218505
saopaulo,42,AFM,kappa,4,0.03,0.25,double,0.1726,0.21113068532753934,0.3805528007980253,0.04873850803912514,0.02062068918249704,0.14904895541004054,0.9734025458849507,0.048503418
saopaulo,42,AFM,kappa,4,0.03,0.5,double,0.1726,0.23856688565734077,0.40686180916080733,0.047647034129549556,0.019980824119970705,0.16744621141253507,0.9688634140084422,0.05483817
saopaulo,42,AFM,kappa,4,0.03,1.0,double,0.1726,0.24562811549919017,0.39714057063617925,0.043428067671382395,0.018415148729479736,0.19582164016214532,0.9587882663007319,0.06635112
saopaulo,42,AFM,kappa,4,0.03,1.5,double,0.1726,0.24961767559656045,0.39152408894264534,0.04030057512279082,0.01729107359806787,0.2111007171811662,0.9537772933763979,0.074938074
saopaulo,42,AFM,kappa,4,0.03,0.0,single,0.1726,0.18632175511729415,0.3512200054225211,0.0482137609672138,0.020554225187592312,0.1378235110695354,0.9761779895990974,0.04344906
saopaulo,42,AFM,kappa,4,0.03,0.05,single,0.1726,0.19113682443339544,0.35769655534598577,0.04854959909323706,0.020669821831558282,0.1378235110695354,0.9758217349340517,0.044553123
saopaulo,42,AFM,kappa,4,0.03,0.1,single,0.1726,0.19568174181316672,0.36254941309643834,0.04861256874186642,0.020707590738301335,0.13751169317118803,0.9753119838146338,0.045552243
saopaulo,42,AFM,kappa,4,0.03,0.25,single,0.1726,0.2131799197927276,0.38180419924250625,0.04873850803912514,0.020597283841128623,0.14967259120673526,0.9732463345557991,0.049101636
saopaulo,42,AFM,kappa,4,0.03,0.5,single,0.1726,0.24532336494886903,0.4107787629345977,0.04775198354393183,0.019991354333114754,0.16775802931088243,0.9684286164714071,0.05628437
saopaulo,42,AFM,kappa,4,0.03,1.0,single,0.1726,0.2532079337848318,0.39855546797938046,0.043029259896729774,0.018291763843816644,0.19613345806049268,0.9574882326737222,0.070267834
saopaulo,42,AFM,kappa,4,0.03,1.5,single,0.1726,0.2538736352778427,0.3838095808044494,0.03933504051047395,0.016790175583884175,0.21359526036794513,0.9511880450423644,0.082374796
saopaulo,42,SASRec,kappa,4,0.03,0.0,double,0.1726,0.2828923566587982,0.41929100468984587,0.07508081104907435,0.03432903066114548,0.9884627377611475,0.5459634976053795,0.52620167
saopaulo,42,SASRec,kappa,4,0.03,0.05,double,0.1726,0.2850686261008005,0.423605985708216,0.07526971999496243,0.034548308138461555,0.9890863735578422,0.5463583901483713,0.52500105
saopaulo,42,SASRec,kappa,4,0.03,0.1,double,0.1726,0.2873290306985551,0.427039917551956,0.07518576046345661,0.03450317235023724,0.9890863735578422,0.5464350258011934,0.5241489
saopaulo,42,SASRec,kappa,4,0.03,0.25,double,0.1726,0.29006390952593775,0.4320848850319206,0.07524873011208598,0.034496651510684526,0.9903336451512317,0.5460959622887398,0.5218001
saopaulo,42,SASRec,kappa,4,0.03,0.5,double,0.1726,0.2856262695978223,0.4255605897854756,0.0730238025271819,0.033500625714036135,0.9918927346429685,0.5444900693506516,0.51815
saopaulo,42,SASRec,kappa,4,0.03,1.0,double,0.1726,0.27066248365922785,0.4006526675875577,0.06605516141219932,0.030320672081688475,0.993140006236358,0.5383367454492172,0.52006423
saopaulo,42,SASRec,kappa,4,0.03,1.5,double,0.1726,0.2613285176165699,0.38555969691132036,0.06179421518827925,0.028216840793365627,0.9950109136264421,0.5334075368562903,0.5236304
saopaulo,42,SASRec,kappa,4,0.03,0.0,single,0.1726,0.2828923566587982,0.41929100468984587,0.07508081104907435,0.03432903066114548,0.9884627377611475,0.5459634976053795,0.52620167
saopaulo,42,SASRec,kappa,4,0.03,0.05,single,0.1726,0.2853202369641625,0.42365212570649907,0.07524873011208598,0.034520334047132575,0.9890863735578422,0.546282253226162,0.5251018
saopaulo,42,SASRec,kappa,4,0.03,0.1,single,0.1726,0.2879064547620239,0.42710768370332386,0.07522774022920953,0.03451911499952134,0.9893981914561896,0.5460117632094594,0.52452457
saopaulo,42,SASRec,kappa,4,0.03,0.25,single,0.1726,0.2906910249925668,0.4315204981750191,0.07533268964359179,0.034439350292207405,0.9903336451512317,0.5453188706168042,0.5222325
saopaulo,42,SASRec,kappa,4,0.03,0.5,single,0.1726,0.2873240014374524,0.42420889162260855,0.07277192393266446,0.033371964743461144,0.9928281883380106,0.5427281823781143,0.5195038
saopaulo,42,SASRec,kappa,4,0.03,1.0,single,0.1726,0.26916057043948516,0.39361281702212103,0.06498467738550019,0.02967977688570643,0.993140006236358,0.5365303353157023,0.5226943
saopaulo,42,SASRec,kappa,4,0.03,1.5,single,0.1726,0.25851821264834146,0.3753078660902573,0.06066076151295076,0.027512812169688705,0.9953227315247896,0.5321462183384764,0.5270161
saopaulo,42,B_blind,keps,3,0.01,0.25,double,0.038,0.20040721396847166,0.3918500209654595,0.06452289996221822,0.02839096499418358,0.21078889928281883,0.9582620583800965,0.011945342
saopaulo,42,EASE,keps,3,0.01,0.25,double,0.038,0.21784980862920764,0.3476397001395448,0.040146649315030154,0.019076784075937638,0.34299968818210164,0.927368423574187,0.1454305
saopaulo,42,AFM,keps,3,0.01,0.25,double,0.038,0.21119052320323312,0.3749951606862698,0.04812980143570799,0.020201768132313763,0.146866230121609,0.9735109340534531,0.049666263
saopaulo,42,SASRec,keps,3,0.01,0.25,double,0.038,0.28526127838174237,0.4252078658339482,0.07430418538264556,0.0339793739092549,0.990645463049579,0.5449875655724399,0.523114
saopaulo,42,B_blind,keps,3,0.03,0.25,double,0.14,0.200550519573019,0.3927173932611124,0.06473279879098275,0.02860141611698032,0.2120361708762083,0.9585190761252327,0.01184669
saopaulo,42,EASE,keps,3,0.03,0.25,double,0.14,0.21600130933240455,0.3645336371806307,0.045729958160166805,0.02113590791105338,0.3819769254755223,0.9174468796591959,0.09489316
saopaulo,42,AFM,keps,3,0.03,0.25,double,0.14,0.20788141128041876,0.3743050188170889,0.04781495319256118,0.02012714802843669,0.14717804801995635,0.9736732859214616,0.048671342
saopaulo,42,SASRec,keps,3,0.03,0.25,double,0.14,0.2853615004872533,0.4262974413133947,0.07438814491415138,0.03402905892218184,0.9909572809479265,0.5458367100733779,0.52273834
saopaulo,42,B_blind,keps,3,0.05,0.25,double,0.2516,0.2009306352055998,0.394656545042897,0.065068636917006,0.02893279555438896,0.21421889616463985,0.9589922549753842,0.011601108
saopaulo,42,EASE,keps,3,0.05,0.25,double,0.2516,0.22214096595497543,0.3699928952158055,0.046065796286190064,0.021264599616988934,0.356096039912691,0.9217224435333862,0.10297845
saopaulo,42,AFM,keps,3,0.05,0.25,double,0.2516,0.20651403845666888,0.37425886586768825,0.047898912724067,0.020216484590988296,0.14593077642656688,0.9738799318747071,0.04809622
saopaulo,42,SASRec,keps,3,0.05,0.25,double,0.2516,0.28535560299364715,0.42745699929070063,0.07455606397716301,0.03422088567207734,0.990645463049579,0.5468207369884945,0.5224466
saopaulo,42,B_blind,keps,3,0.1,0.25,double,0.5989,0.1959664754508162,0.38815410470356326,0.06607615129507577,0.029382591966129534,0.205799812909261,0.9604831846167079,0.01012552
saopaulo,42,EASE,keps,3,0.1,0.25,double,0.5989,0.2127861919422374,0.36219663832486887,0.04554104921427871,0.02136262182850881,0.323666978484565,0.9390245447064018,0.12811384
saopaulo,42,AFM,keps,3,0.1,0.25,double,0.5989,0.1986441726687646,0.3644017038625115,0.047940892489819906,0.020334344511439846,0.14187714374805113,0.9745880089164656,0.046763357
saopaulo,42,SASRec,keps,3,0.1,0.25,double,0.5989,0.28611866353067505,0.4279907709338862,0.07518576046345661,0.0344897928002376,0.9893981914561896,0.5498384394250502,0.5191806
saopaulo,42,B_blind,keps,4,0.01,0.25,double,0.0529,0.20568046301528514,0.4008994506643006,0.06616011082658159,0.02959700645826035,0.2245088868101029,0.9577348844143372,0.012350447
saopaulo,42,EASE,keps,4,0.01,0.25,double,0.0529,0.21181137982465548,0.35001738967020435,0.04942417754642262,0.022644957252524387,0.49080137199875273,0.9164152979292979,0.07358634
saopaulo,42,AFM,keps,4,0.01,0.25,double,0.0529,0.21266848217189152,0.3815691756806752,0.0488014776877545,0.02064940245815857,0.14780168381665107,0.9733076365330358,0.048469838
saopaulo,42,SASRec,keps,4,0.01,0.25,double,0.0529,0.2897826993240534,0.43130922345017264,0.0751018009319508,0.03441220613470451,0.9912690988462738,0.5456893436858288,0.52195966
saopaulo,42,B_blind,keps,4,0.05,0.25,double,0.2546,0.20100919681015803,0.39489703385135977,0.0650266571512531,0.028963061530052858,0.2145307140629872,0.9589959974184865,0.011565426
saopaulo,42,EASE,keps,4,0.05,0.25,double,0.2546,0.2224725947632212,0.3717849260038275,0.04552005933140227,0.021029226016604997,0.43935141877143746,0.9163105448655506,0.097882114
saopaulo,42,AFM,keps,4,0.05,0.25,double,0.2546,0.2066026560948338,0.37374695316634454,0.04810881155283153,0.020239798091683792,0.146866230121609,0.9738512070858178,0.04806054
saopaulo,42,SASRec,keps,4,0.05,0.25,double,0.2546,0.2851965317602495,0.4273073721571884,0.0745140842114101,0.034190088468668514,0.990645463049579,0.5471871181102868,0.5221002
saopaulo,42,B_blind,keps,4,0.1,0.25,double,0.5987,0.19589734214141946,0.3886847791549336,0.06599219176356996,0.029503435844444623,0.20611163080760836,0.9606314594531946,0.010022669
saopaulo,42,EASE,keps,4,0.1,0.25,double,0.5987,0.21367554181343512,0.36869694997518315,0.04732518925877727,0.022047053206195134,0.39320236981602746,0.9356000142262579,0.11462366
saopaulo,42,AFM,keps,4,0.1,0.25,double,0.5987,0.19770655345126364,0.363651918989236,0.047877922841190544,0.02034789508465531,0.1431244153414406,0.9746098548881104,0.046582848
saopaulo,42,SASRec,keps,4,0.1,0.25,double,0.5987,0.2861468428246781,0.4286056411225256,0.07535367952646824,0.03457777711949717,0.9897100093545369,0.550573146848925,0.51858234
saopaulo,42,B_blind,keps,5,0.01,0.25,double,0.0636,0.20652368607361876,0.40160136574103295,0.06616011082658159,0.02979662838451251,0.22606797630183972,0.9578007247092495,0.012663198
saopaulo,42,EASE,keps,5,0.01,0.25,double,0.0636,0.2192181823935316,0.33599973323506344,0.045645998628660985,0.02123422850924983,0.45681322107888994,0.904705067798107,0.12826288
saopaulo,42,AFM,keps,5,0.01,0.25,double,0.0636,0.21384027068974612,0.3792536870641573,0.04865454850761933,0.02044143601320449,0.14967259120673526,0.9732667262237411,0.049116325
saopaulo,42,SASRec,keps,5,0.01,0.25,double,0.0636,0.29124299917093366,0.43127130337787806,0.07531169976071533,0.03470358494140297,0.990645463049579,0.5430566835354114,0.524088
saopaulo,42,B_blind,keps,5,0.03,0.25,double,0.2476,0.2052626369230278,0.40129454169047774,0.06603417152932287,0.02985322186179354,0.2235734331150608,0.9584356925555895,0.012153142
saopaulo,42,EASE,keps,5,0.03,0.25,double,0.2476,0.22921218546575348,0.3567621480342136,0.04887844059163483,0.022534395597820247,0.4970377299657,0.9067483357025654,0.11808698
saopaulo,42,AFM,keps,5,0.03,0.25,double,0.2476,0.2114217356208899,0.37874926575690515,0.048864447336383864,0.020592753466743437,0.14624259432491424,0.9734759626963638,0.04879728
saopaulo,42,SASRec,keps,5,0.03,0.25,double,0.2476,0.2923175301891479,0.43364522916926335,0.07545862894085051,0.03478961133656839,0.9897100093545369,0.5450534922616317,0.5224277
saopaulo,42,B_blind,keps,5,0.05,0.25,double,0.5817,0.19845492373490894,0.3926939400666094,0.06485873808824147,0.029194627863324434,0.21047708138447146,0.96015629746163,0.010843374
saopaulo,42,EASE,keps,5,0.05,0.25,double,0.5817,0.21915613382382357,0.3611508350882384,0.04648559394371912,0.021505437109804862,0.4140941690053009,0.9219494994806328,0.117669284
saopaulo,42,AFM,keps,5,0.05,0.25,double,0.5817,0.20131248994900322,0.36731690226180236,0.04838168003022543,0.0204600573705346,0.1474898659183037,0.974331012115397,0.04673607
saopaulo,42,SASRec,keps,5,0.05,0.25,double,0.5817,0.28655503160995704,0.4296018722268137,0.0754166491750976,0.03451246534793689,0.9897100093545369,0.5490904940413668,0.5195101
saopaulo,42,B_blind,keps,5,0.1,0.25,double,0.7898,0.19105330650845587,0.38281710944906633,0.06557239410604089,0.029549968725281706,0.19987527284066106,0.9617096037726653,0.009340498
saopaulo,42,EASE,keps,5,0.1,0.25,double,0.7898,0.20505712187492361,0.3851767987535529,0.060464855939437186,0.026973308627936055,0.45213595260367945,0.9458066213020777,0.031169975
saopaulo,42,AFM,keps,5,0.1,0.25,double,0.7898,0.1912813879602416,0.35678350445886353,0.04766802401242601,0.02046373628822539,0.13969441845961958,0.9751457808561717,0.04430754
saopaulo,42,SASRec,keps,5,0.1,0.25,double,0.7898,0.28410699844101056,0.4279908329542099,0.07545862894085051,0.03458803756233514,0.9881509198628001,0.5533151363418884,0.5166492
saopaulo,42,B_blind,keps,6,0.01,0.25,double,0.1258,0.20572689755243698,0.40006678150577246,0.06603417152932287,0.029793075268203833,0.22700342999688183,0.9578847824160728,0.012228705
saopaulo,42,EASE,keps,6,0.01,0.25,double,0.1258,0.21087257512012725,0.30707077912420894,0.037921721730126076,0.018390907202555023,0.47022139070782665,0.903171722492621,0.1902334
saopaulo,42,AFM,keps,6,0.01,0.25,double,0.1258,0.21439846130036128,0.38035860381843545,0.04873850803912514,0.020561984408983852,0.15091986280012473,0.9732801827872566,0.049263254
saopaulo,42,SASRec,keps,6,0.01,0.25,double,0.1258,0.2921575954794934,0.4325675700599775,0.07516477058058016,0.03469830266889962,0.9915809167446211,0.5430190156296022,0.52375007
saopaulo,42,B_blind,keps,6,0.03,0.25,double,0.2419,0.20547146568570337,0.4013658221070366,0.06590823223206414,0.02981338825222755,0.22388525101340817,0.9583955807388771,0.012109064
saopaulo,42,EASE,keps,6,0.03,0.25,double,0.2419,0.2295782070742726,0.35564284975714694,0.04887844059163483,0.02257437222090941,0.5042095416276894,0.9049599584113646,0.12016079
saopaulo,42,AFM,keps,6,0.03,0.25,double,0.2419,0.21166933022558196,0.3787828842176263,0.04899038663364259,0.02062116308275425,0.14655441222326163,0.973457874875872,0.048952606
saopaulo,42,SASRec,keps,6,0.03,0.25,double,0.2419,0.2920002426137092,0.43310070824413804,0.07554258847235633,0.03481603683390081,0.9897100093545369,0.5449333871962394,0.5225075
saopaulo,42,B_blind,keps,6,0.05,0.25,double,0.7179,0.19233357041885607,0.38467303827825206,0.06523655598001764,0.029285099058008662,0.20236981602743997,0.9613612005150094,0.00962596
saopaulo,42,EASE,keps,6,0.05,0.25,double,0.7179,0.2059664795417157,0.371052688456315,0.05513342568881799,0.025034659800519953,0.4412223261615217,0.9370842312938745,0.057350658
saopaulo,42,AFM,keps,6,0.05,0.25,double,0.7179,0.19301085177452115,0.3575397048323178,0.04771000377817892,0.02038636617048112,0.14343623323978796,0.974799373829971,0.044802904
saopaulo,42,SASRec,keps,6,0.05,0.25,double,0.7179,0.28590118848412227,0.4304080116284641,0.07556357835523278,0.03461414821372277,0.9893981914561896,0.554626022922994,0.5147538
saopaulo,42,B_blind,keps,6,0.1,0.25,double,0.7898,0.1893945712310719,0.3808722218475437,0.0656143738717938,0.02954616702141239,0.1992516370439663,0.961890392965296,0.009262835
saopaulo,42,EASE,keps,6,0.1,0.25,double,0.7898,0.19803212670196196,0.3827761764376851,0.06247988469557673,0.027882677574488448,0.4159650763953851,0.9538307976154183,0.021940725
saopaulo,42,AFM,keps,6,0.1,0.25,double,0.7898,0.18942470919211515,0.354434410920712,0.047877922841190544,0.020527824765373646,0.13969441845961958,0.9752245698209572,0.043833174
saopaulo,42,SASRec,keps,6,0.1,0.25,double,0.7898,0.2836877708238747,0.4278759328984146,0.07550060870660341,0.03458612378740926,0.9878391019644528,0.5545811764379709,0.51564586
saopaulo,43,B_blind,kappa,4,0.03,0.0,double,0.2493,0.18271442280547429,0.36482953290965103,0.06527853574577054,0.02967541142023857,0.18677892111007172,0.9629923258186934,0.008840939
saopaulo,43,B_blind,kappa,4,0.03,0.05,double,0.2493,0.18820386830731145,0.37530600788444896,0.06548843457453507,0.02957947880829511,0.19083255378858746,0.962556409083039,0.009105411
saopaulo,43,B_blind,kappa,4,0.03,0.1,double,0.2493,0.19127675222385748,0.3806192200263166,0.06599219176356996,0.029692796870310092,0.19582164016214532,0.9619545511897689,0.009617564
saopaulo,43,B_blind,kappa,4,0.03,0.25,double,0.2493,0.20029989621257682,0.39413531726381085,0.06473279879098275,0.028858191074367743,0.21234798877455566,0.9590271072130885,0.011586416
saopaulo,43,B_blind,kappa,4,0.03,0.5,double,0.2493,0.20371912333321945,0.390356867206703,0.06233995214306704,0.027544927426428965,0.2407234175241659,0.9523108565132783,0.016426682
saopaulo,43,B_blind,kappa,4,0.03,1.0,double,0.2493,0.20899141952092096,0.37588652826865576,0.05625288610889551,0.025142936617654085,0.2859370127845338,0.9386215834613179,0.03497754
saopaulo,43,B_blind,kappa,4,0.03,1.5,double,0.2493,0.20937486462992944,0.3651974840834577,0.05297846438016876,0.023679516732489563,0.30371063299033363,0.9296539043859062,0.057911087
saopaulo,43,B_blind,kappa,4,0.03,0.0,single,0.2493,0.18271442280547429,0.36482953290965103,0.06527853574577054,0.02967541142023857,0.18677892111007172,0.9629923258186934,0.008840939
saopaulo,43,B_blind,kappa,4,0.03,0.05,single,0.2493,0.1884239267790433,0.3754059812494964,0.0656143738717938,0.02963721622912695,0.19083255378858746,0.96250091384858,0.009183073
saopaulo,43,B_blind,kappa,4,0.03,0.1,single,0.2493,0.19144288248482677,0.38022106974847963,0.06590823223206414,0.029642127404472588,0.19457436856875585,0.9618710471917362,0.009718317
saopaulo,43,B_blind,kappa,4,0.03,0.25,single,0.2493,0.20085657563202522,0.39341537844832963,0.06464883925947693,0.028573668637748805,0.21297162457125038,0.9586576839654586,0.011831996
saopaulo,43,B_blind,kappa,4,0.03,0.5,single,0.2493,0.20367877967387077,0.38676350101375023,0.06192015448553797,0.02694982973732994,0.24009978172747115,0.9513541746965894,0.017119348
saopaulo,43,B_blind,kappa,4,0.03,1.0,single,0.2493,0.21028293313340715,0.36837185299176,0.0544057764157676,0.024097342217852466,0.28780792017461804,0.936403903832852,0.03844507
saopaulo,43,B_blind,kappa,4,0.03,1.5,single,0.2493,0.21026537104505,0.3536329141103683,0.05020779984047689,0.022343833008965513,0.30651699407545996,0.9270821666014979,0.06755385
saopaulo,43,EASE,kappa,4,0.03,0.0,double,0.2493,0.18217115833555902,0.36875812643813777,0.0680072205197095,0.029927678384747,0.23012160898035547,0.9707047405208686,0.007356954
saopaulo,43,EASE,kappa,4,0.03,0.05,double,0.2493,0.20760091114182702,0.39052375913501874,0.06036690315268041,0.02707881708183215,0.42157779856563765,0.9420815486860497,0.04857059
saopaulo,43,EASE,kappa,4,0.03,0.1,double,0.2493,0.21506494039525742,0.3769195514776211,0.05269859927514938,0.024203230517884786,0.41471780480199566,0.9275527038811071,0.07976156
saopaulo,43,EASE,kappa,4,0.03,0.25,double,0.2493,0.22215102549236415,0.34872139390888973,0.039768831423253985,0.01929648556205685,0.3299033364515123,0.9219835885688692,0.15868351
saopaulo,43,EASE,kappa,4,0.03,0.5,double,0.2493,0.22178109756270556,0.2857990171903553,0.027132921931628952,0.013823120750263332,0.2631743062051762,0.9341656662929065,0.28358382
saopaulo,43,EASE,kappa,4,0.03,1.0,double,0.2493,0.20060734759823767,0.2071746781656934,0.020626058239928354,0.009956590416731671,0.22139070782662926,0.9473740190436815,0.3843835
saopaulo,43,EASE,kappa,4,0.03,1.5,double,0.2493,0.19813812823122343,0.18893874667886346,0.01890488784405916,0.009126197824707197,0.2048643592142189,0.9515347937186698,0.415776
saopaulo,43,EASE,kappa,4,0.03,0.0,single,0.2493,0.18217115833555902,0.36875812643813777,0.0680072205197095,0.029927678384747,0.23012160898035547,0.9707047405208686,0.007356954
saopaulo,43,EASE,kappa,4,0.03,0.05,single,0.2493,0.20851979730110876,0.3861392647601592,0.05805801603627052,0.02613013159848408,0.41627689429373244,0.9396463256440983,0.05927963
saopaulo,43,EASE,kappa,4,0.03,0.1,single,0.2493,0.2149259719701095,0.36516179930767045,0.04858458223136449,0.02254409334268096,0.40099781727471157,0.925018864387253,0.101981446
saopaulo,43,EASE,kappa,4,0.03,0.25,single,0.2493,0.22697580176835644,0.3321281319194077,0.03615857156850398,0.017704010353559767,0.3161833489242282,0.9221875170293268,0.18854582
saopaulo,43,EASE,kappa,4,0.03,0.5,single,0.2493,0.21746908551144553,0.2688047165507135,0.025075913409736503,0.012643768105002073,0.25007795447458686,0.9374878588221132,0.30638513
saopaulo,43,EASE,kappa,4,0.03,1.0,single,0.2493,0.202691779873538,0.1987422113305638,0.019744483159117306,0.009585333276544487,0.21047708138447146,0.9489279301146725,0.3929012
saopaulo,43,EASE,kappa,4,0.03,1.5,single,0.2493,0.19611084745701438,0.18485283098302438,0.018736968781047535,0.009033688889453198,0.19831618334892423,0.9519602135493797,0.4181353
saopaulo,43,AFM,kappa,4,0.03,0.0,double,0.2493,0.18632175511729415,0.3512200054225211,0.0482137609672138,0.020554225187592312,0.1378235110695354,0.9761779895990974,0.04344906
saopaulo,43,AFM,kappa,4,0.03,0.05,double,0.2493,0.19045544857484537,0.3567632543628062,0.0482137609672138,0.020596372008502166,0.1384471468662301,0.975864144053193,0.044393603
saopaulo,43,AFM,kappa,4,0.03,0.1,double,0.2493,0.19378045476760222,0.36029294589998095,0.04842365979597834,0.020570114784123888,0.1384471468662301,0.9754463478631363,0.045266785
saopaulo,43,AFM,kappa,4,0.03,0.25,double,0.2493,0.20735093513906713,0.37263554315973896,0.04806683178707863,0.020188898211824475,0.14593077642656688,0.973887143179027,0.04797448
saopaulo,43,AFM,kappa,4,0.03,0.5,double,0.2493,0.23147912729806247,0.3980541629505601,0.046639519751479785,0.019203723288626778,0.16214530714062989,0.9704116125849604,0.05132656
saopaulo,43,AFM,kappa,4,0.03,1.0,double,0.2493,0.2358853847318582,0.3900186261063457,0.04135006926661349,0.017354637133559336,0.1905207358902401,0.961949338734913,0.06491961
saopaulo,43,AFM,kappa,4,0.03,1.5,double,0.2493,0.23775615738551864,0.38082444494312717,0.038831283321439064,0.016264597710105754,0.205799812909261,0.95679178482557,0.07836992
saopaulo,43,AFM,kappa,4,0.03,0.0,single,0.2493,0.18632175511729415,0.3512200054225211,0.0482137609672138,0.020554225187592312,0.1378235110695354,0.9761779895990974,0.04344906
saopaulo,43,AFM,kappa,4,0.03,0.05,single,0.2493,0.19089933661360972,0.3571096042130629,0.04838168003022543,0.02060733853245411,0.13751169317118803,0.9758525541297138,0.044593006
saopaulo,43,AFM,kappa,4,0.03,0.1,single,0.2493,0.19485915491254588,0.3609944416460415,0.04850761932748415,0.02054233416710976,0.13751169317118803,0.9753977065748416,0.045659292
saopaulo,43,AFM,kappa,4,0.03,0.25,single,0.2493,0.2102414199864382,0.37425873942034027,0.048234750850090255,0.0201604194343375,0.146866230121609,0.9737168116212138,0.048553795
saopaulo,43,AFM,kappa,4,0.03,0.5,single,0.2493,0.23878244917671534,0.4006392777159618,0.04600982326518618,0.018830111000494556,0.16245712503897725,0.9698952994273224,0.05300995
saopaulo,43,AFM,kappa,4,0.03,1.0,single,0.2493,0.23907739950547943,0.381527954730021,0.03975483816800302,0.016436442597618138,0.19176800748362957,0.9606273491799029,0.069331676
saopaulo,43,AFM,kappa,4,0.03,1.5,single,0.2493,0.2349079710324761,0.36202826678757,0.03660635573653499,0.015098724604057869,0.2082943560960399,0.9547735084299283,0.08751311
saopaulo,43,SASRec,kappa,4,0.03,0.0,double,0.2493,0.2828923566587982,0.41929100468984587,0.07508081104907435,0.03432903066114548,0.9884627377611475,0.5459634976053795,0.52620167
saopaulo,43,SASRec,kappa,4,0.03,0.05,double,0.2493,0.28426837523061527,0.42235053751518287,0.07529070987783888,0.03455731656154319,0.9887745556594949,0.5463705246176114,0.52519625
saopaulo,43,SASRec,kappa,4,0.03,0.1,double,0.2493,0.28500464907030654,0.42443955837077535,0.07520675034633306,0.03454494011588184,0.9890863735578422,0.5462852757169361,0.5247722
saopaulo,43,SASRec,kappa,4,0.03,0.25,double,0.2493,0.2867137110101641,0.42814866655000167,0.07491289198606271,0.034345068561858844,0.9903336451512317,0.5458492110638031,0.5228748
saopaulo,43,SASRec,kappa,4,0.03,0.5,double,0.2493,0.2836709360555304,0.4223251851211677,0.07279291381554091,0.03329682883916752,0.9909572809479265,0.5431227673051111,0.52080095
saopaulo,43,SASRec,kappa,4,0.03,1.0,double,0.2493,0.2731772476391453,0.3979444155569775,0.06622308047521094,0.030236959896264057,0.990645463049579,0.5364071553993668,0.5265837
saopaulo,43,SASRec,kappa,4,0.03,1.5,double,0.2493,0.26135651322008446,0.37724976421874373,0.06175223542252634,0.02806139836207096,0.9887745556594949,0.5399918791995391,0.5361593
saopaulo,43,SASRec,kappa,4,0.03,0.0,single,0.2493,0.2828923566587982,0.41929100468984587,0.07508081104907435,0.03432903066114548,0.9884627377611475,0.5459634976053795,0.52620167
saopaulo,43,SASRec,kappa,4,0.03,0.05,single,0.2493,0.2841616669042777,0.42238189269992626,0.07520675034633306,0.03451425706683692,0.9887745556594949,0.5461186996922673,0.52532643
saopaulo,43,SASRec,kappa,4,0.03,0.1,single,0.2493,0.2856557055720761,0.42466012383505164,0.07499685151756853,0.03446132620232834,0.9890863735578422,0.5458061278074819,0.52494854
saopaulo,43,SASRec,kappa,4,0.03,0.25,single,0.2493,0.2872096101613274,0.42771297696860455,0.07508081104907435,0.034337966183292046,0.9900218272528843,0.5446476786963239,0.52306575
saopaulo,43,SASRec,kappa,4,0.03,0.5,single,0.2493,0.28405235213839786,0.4196869350678249,0.07241509592376474,0.03312265442957666,0.9912690988462738,0.5406215429607268,0.5214831
saopaulo,43,SASRec,kappa,4,0.03,1.0,single,0.2493,0.2708379755558959,0.3887908967868611,0.06496368750262374,0.02958663364499638,0.9897100093545369,0.5372870353196961,0.52815163
saopaulo,43,SASRec,kappa,4,0.03,1.5,single,0.2493,0.256095614154169,0.36380146892547865,0.059821166197892614,0.02687705827704961,0.9878391019644528,0.5487921732856662,0.53942317
saopaulo,43,B_blind,keps,3,0.01,0.25,double,0.0406,0.200410979043791,0.3919640561069319,0.06452289996221822,0.028415158893482666,0.21078889928281883,0.9582609797606085,0.011997816
saopaulo,43,EASE,keps,3,0.01,0.25,double,0.0406,0.21925933343111015,0.34869558874087686,0.040188629080783064,0.01902535334131822,0.3289678827564702,0.9282664764002833,0.15117334
saopaulo,43,AFM,keps,3,0.01,0.25,double,0.0406,0.2107465668009138,0.37483978416814456,0.04808782166995508,0.02020077057232917,0.14624259432491424,0.9735212359167671,0.049573906
saopaulo,43,SASRec,keps,3,0.01,0.25,double,0.0406,0.28539595842060195,0.4254099048309354,0.07434616514839847,0.03397631939063844,0.990645463049579,0.5450386285185658,0.52313083
saopaulo,43,B_blind,keps,3,0.03,0.25,double,0.1401,0.20055150831779392,0.39271584773998736,0.06473279879098275,0.028600411526967635,0.2120361708762083,0.9585193601791513,0.01184669
saopaulo,43,EASE,keps,3,0.03,0.25,double,0.1401,0.2159624746541564,0.3645079972762603,0.045729958160166805,0.02113752404252801,0.3819769254755223,0.9174207480076921,0.09473155
saopaulo,43,AFM,keps,3,0.03,0.25,double,0.1401,0.20783477212150378,0.3742811777683674,0.04781495319256118,0.020127230999106665,0.14717804801995635,0.9736770362185894,0.048652448
saopaulo,43,SASRec,keps,3,0.03,0.25,double,0.1401,0.28528480242232745,0.42625127056936046,0.07438814491415138,0.03402805663004113,0.9909572809479265,0.5458510449787337,0.52271736
saopaulo,43,B_blind,keps,3,0.05,0.25,double,0.2501,0.20080012887307525,0.39444015445422614,0.0650266571512531,0.02888230003402468,0.21421889616463985,0.9589834047977648,0.011607405
saopaulo,43,EASE,keps,3,0.05,0.25,double,0.2501,0.22181247029715417,0.3695402470494056,0.04593985698893134,0.021247306592728825,0.34767695665731213,0.9225255150123346,0.108037025
saopaulo,43,AFM,keps,3,0.05,0.25,double,0.2501,0.20673934447706274,0.3744418455356803,0.04781495319256118,0.020190157664864018,0.14593077642656688,0.9738736931605327,0.048119307
saopaulo,43,SASRec,keps,3,0.05,0.25,double,0.2501,0.28543690727147364,0.42748250761134887,0.07447210444565719,0.034194983601891674,0.990645463049579,0.5467126407279361,0.52255154
saopaulo,43,B_blind,keps,3,0.1,0.25,double,0.4305,0.20099422604483924,0.3970044887547629,0.06574031316905252,0.02943444522562584,0.2139070782662925,0.9597117805681645,0.011317745
saopaulo,43,EASE,keps,3,0.1,0.25,double,0.4305,0.2273122835599827,0.38611763163005963,0.05299245763541974,0.02412308117708378,0.44434050514499535,0.9242102165502719,0.06322153
saopaulo,43,AFM,keps,3,0.1,0.25,double,0.4305,0.20605449582124669,0.37577956923173544,0.04842365979597834,0.020367423047863993,0.14187714374805113,0.9743299204058666,0.04760925
saopaulo,43,SASRec,keps,3,0.1,0.25,double,0.4305,0.28626476301530335,0.4280745216800725,0.07493388186893916,0.03454451516919271,0.9903336451512317,0.546863989106362,0.5233366
saopaulo,43,B_blind,keps,4,0.01,0.25,double,0.0694,0.20130376278465692,0.3934702213709224,0.06498467738550019,0.028638025904892138,0.21608980355472404,0.9583250332647428,0.012174132
saopaulo,43,EASE,keps,4,0.01,0.25,double,0.0694,0.2173282419010663,0.3321568386823495,0.03678826805479758,0.017821997504167558,0.3239787963829124,0.9183553089618475,0.17312247
saopaulo,43,AFM,keps,4,0.01,0.25,double,0.0694,0.21012905056031603,0.37430438143450734,0.04815079131858444,0.020183890079980622,0.14904895541004054,0.9735672958487143,0.049324125
saopaulo,43,SASRec,keps,4,0.01,0.25,double,0.0694,0.28710997829801643,0.4266617327847936,0.07470299315729818,0.03434123259038263,0.990645463049579,0.5429646919539317,0.52517945
saopaulo,43,B_blind,keps,4,0.05,0.25,double,0.5958,0.19702170863128046,0.3895061697868994,0.06519457621426472,0.029235787020436922,0.20735890240099783,0.9601482379225672,0.010215776
saopaulo,43,EASE,keps,4,0.05,0.25,double,0.5958,0.20273445525927936,0.35186811876667223,0.05114534794229182,0.023039277767766573,0.5381976925475522,0.9241064229866274,0.06896436
saopaulo,43,AFM,keps,4,0.05,0.25,double,0.5958,0.20026736388761623,0.36426361432759363,0.047982872255572816,0.020355579449535748,0.1431244153414406,0.974324664753871,0.046945974
saopaulo,43,SASRec,keps,4,0.05,0.25,double,0.5958,0.28615729641518634,0.4288184381602301,0.07493388186893916,0.034275330178161284,0.9897100093545369,0.5497340096853485,0.5190546
saopaulo,43,B_blind,keps,4,0.1,0.25,double,0.7957,0.19224809292049463,0.385495619565655,0.06569833340329961,0.029558925548679168,0.20018709073900842,0.9615987716932599,0.009504219
saopaulo,43,EASE,keps,4,0.1,0.25,double,0.7957,0.2094804476679427,0.39377760870767503,0.06147237031750696,0.02767700912495627,0.4169005300904272,0.9458286806414125,0.028600816
saopaulo,43,AFM,keps,4,0.1,0.25,double,0.7957,0.1915176950637285,0.3576536586283616,0.04766802401242601,0.020400021367870457,0.1378235110695354,0.9751051820898846,0.044569917
saopaulo,43,SASRec,keps,4,0.1,0.25,double,0.7957,0.28496779769523195,0.42874438554180067,0.0756895176524915,0.03462579391444501,0.9893981914561896,0.5521843949233307,0.51810795
saopaulo,43,B_blind,keps,5,0.01,0.25,double,0.1241,0.20433099754410336,0.39909677471370664,0.06599219176356996,0.029564101791166305,0.2245088868101029,0.9580032211190763,0.01184459
saopaulo,43,EASE,keps,5,0.01,0.25,double,0.1241,0.20940487028226112,0.3247948320790346,0.04094426486433539,0.01967850334049432,0.4848768319301528,0.9118089604664621,0.1456341
saopaulo,43,AFM,keps,5,0.01,0.25,double,0.1241,0.21214498270270116,0.3799717558735865,0.048885437219260315,0.02069945666721232,0.14717804801995635,0.9733567097927274,0.048824567
saopaulo,43,SASRec,keps,5,0.01,0.25,double,0.1241,0.2902147803086227,0.43257480054401104,0.07518576046345661,0.034464297390374966,0.9915809167446211,0.5456840278196387,0.52150625
saopaulo,43,B_blind,keps,5,0.03,0.25,double,0.34,0.20206812512939196,0.396718063302121,0.06578229293480542,0.029636117335714363,0.22201434362332398,0.9588286713343923,0.011315647
saopaulo,43,EASE,keps,5,0.03,0.25,double,0.34,0.2132390252784883,0.3458980692310225,0.046947371367001105,0.02206521979529274,0.5316495166822576,0.9127119587105506,0.11185508
saopaulo,43,AFM,keps,5,0.03,0.25,double,0.34,0.20728986208506445,0.3744612559786625,0.04871751815624869,0.02064226270269263,0.146866230121609,0.9737020408174484,0.048644055
saopaulo,43,SASRec,keps,5,0.03,0.25,double,0.34,0.2894067929591885,0.4320913480010464,0.07562654800386213,0.034548170710909425,0.9909572809479265,0.5470544439862493,0.52054703
saopaulo,43,B_blind,keps,5,0.05,0.25,double,0.5623,0.19915080155792345,0.3942352993650041,0.06586625246631124,0.02958625705154809,0.21328344246959777,0.9600329486837484,0.01045716
saopaulo,43,EASE,keps,5,0.05,0.25,double,0.5623,0.21584360966871402,0.3656978967671424,0.053034437401172634,0.02396374006965709,0.5556594948550047,0.9188405254149259,0.06954788
saopaulo,43,AFM,keps,5,0.05,0.25,double,0.5623,0.2017348846518429,0.3680249185513365,0.048234750850090255,0.0204834040252841,0.14343623323978796,0.9741732483072252,0.047516897
saopaulo,43,SASRec,keps,5,0.05,0.25,double,0.5623,0.28863812183015,0.43219396375067676,0.07583644683262668,0.03472795442325979,0.9900218272528843,0.5498340162997468,0.51834726
saopaulo,43,B_blind,keps,5,0.1,0.25,double,0.7957,0.1898466966807551,0.3826212564639227,0.06553041434028799,0.029484738537594868,0.19893981914561895,0.9619106772948909,0.009214559
saopaulo,43,EASE,keps,5,0.1,0.25,double,0.7957,0.20191292955531298,0.39221117277740214,0.06352937883939941,0.02848296024587379,0.39195509822263797,0.9545343140864289,0.019980269
saopaulo,43,AFM,keps,5,0.1,0.25,double,0.7957,0.18897907456001772,0.35444281962760765,0.04771000377817892,0.0204109450716716,0.13719987527284067,0.9752180287268046,0.04383527
saopaulo,43,SASRec,keps,5,0.1,0.25,double,0.7957,0.2846559320679117,0.42888555126517636,0.0756895176524915,0.034618788483385586,0.9890863735578422,0.554008861461236,0.51653373
saopaulo,43,B_blind,keps,6,0.01,0.25,double,0.1387,0.20486496117456893,0.39840883099965474,0.06620209059233449,0.02981303899276805,0.22606797630183972,0.9580254440839402,0.012054491
saopaulo,43,EASE,keps,6,0.01,0.25,double,0.1387,0.20636713704558823,0.3166364208162765,0.040146649315030154,0.019334708610062232,0.48518864982850013,0.9114056916053832,0.15261115
saopaulo,43,AFM,keps,6,0.01,0.25,double,0.1387,0.21322003019544403,0.3805573378178472,0.04909533604802485,0.02071809142178753,0.14780168381665107,0.9733961749613487,0.049796395
saopaulo,43,SASRec,keps,6,0.01,0.25,double,0.1387,0.2904811386653009,0.43052855748256363,0.07547961882372696,0.03454648394172838,0.9915809167446211,0.5438895099895806,0.523177
saopaulo,43,B_blind,keps,6,0.03,0.25,double,0.3902,0.20128280254135214,0.39351507085607806,0.06586625246631124,0.029750727813191345,0.22232616152167134,0.9589004073843703,0.011372319
saopaulo,43,EASE,keps,6,0.03,0.25,double,0.3902,0.21270984241460478,0.34195626752194486,0.046905391601248195,0.02200840145554969,0.5297786092921734,0.9120192742495683,0.11400865
saopaulo,43,AFM,keps,6,0.03,0.25,double,0.3902,0.20820138622842116,0.374915943621704,0.04913731581377776,0.020765714435435467,0.1493607733083879,0.9737578672299783,0.04986567
saopaulo,43,SASRec,keps,6,0.03,0.25,double,0.3902,0.289775058112007,0.4295698231151928,0.07524873011208598,0.03458128653988065,0.9909572809479265,0.5445970739016797,0.5231876
saopaulo,43,B_blind,keps,6,0.05,0.25,double,0.6346,0.19735865111242387,0.3899291016924153,0.06582427270055834,0.029577218030352945,0.21265980667290302,0.9602044701264092,0.01054112
saopaulo,43,EASE,keps,6,0.05,0.25,double,0.6346,0.20948358659603655,0.3599378763068234,0.053160376698431364,0.024113725579510616,0.5590894917368257,0.9201569700280048,0.07681458
saopaulo,43,AFM,keps,6,0.05,0.25,double,0.6346,0.20171755460552238,0.36694702509514165,0.04844464967885479,0.02057542208137988,0.14624259432491424,0.9743628156822424,0.04780026
saopaulo,43,SASRec,keps,6,0.05,0.25,double,0.6346,0.28755163488690266,0.4286442801179486,0.07575248730112086,0.03476416708129678,0.9903336451512317,0.5481791168611827,0.5203371
saopaulo,43,B_blind,keps,6,0.1,0.25,double,0.7931,0.18846451947224585,0.3796690304293516,0.06553041434028799,0.029518720652639784,0.19893981914561895,0.9619929599919741,0.0091935685
saopaulo,43,EASE,keps,6,0.1,0.25,double,0.7931,0.19392205014230698,0.380996683467888,0.06289968235310579,0.028041959426681452,0.356096039912691,0.9585196939752307,0.017352337
saopaulo,43,AFM,keps,6,0.1,0.25,double,0.7931,0.18820740194273514,0.3529685153959996,0.04775198354393183,0.020493188935672285,0.13938260056127222,0.9752719793362685,0.043423872
saopaulo,43,SASRec,keps,6,0.1,0.25,double,0.7931,0.2834915238917315,0.4279294112239387,0.07543763905797406,0.0345595355082728,0.9881509198628001,0.5549402127370118,0.51538765
saopaulo,44,B_blind,kappa,4,0.03,0.0,double,0.2599,0.18271442280547429,0.36482953290965103,0.06527853574577054,0.02967541142023857,0.18677892111007172,0.9629923258186934,0.008840939
saopaulo,44,B_blind,kappa,4,0.03,0.05,double,0.2599,0.1881865763805069,0.3751725352469756,0.06519457621426472,0.02950811552371649,0.1905207358902401,0.9625622367698843,0.009094916
saopaulo,44,B_blind,kappa,4,0.03,0.1,double,0.2599,0.1912232612422323,0.380440722787649,0.06582427270055834,0.02970878091433602,0.19550982226379796,0.961987369234895,0.009604971
saopaulo,44,B_blind,kappa,4,0.03,0.25,double,0.2599,0.2004763229072705,0.3938999686940924,0.06490071785399437,0.028926206714177064,0.21297162457125038,0.9589640158270654,0.011714453
saopaulo,44,B_blind,kappa,4,0.03,0.5,double,0.2599,0.20523061046527102,0.39133068002436106,0.0627177700348432,0.027588527070963778,0.2422825070159027,0.9518978866218288,0.016978716
saopaulo,44,B_blind,kappa,4,0.03,1.0,double,0.2599,0.20941165477600476,0.37473732827447453,0.056001007514378066,0.024887850291219857,0.28936700966635487,0.9372780529326492,0.037748203
saopaulo,44,B_blind,kappa,4,0.03,1.5,double,0.2599,0.20992077771754686,0.3651703365722402,0.05222282859661643,0.023402991893203225,0.30464608668537574,0.9286492213839925,0.05923345
saopaulo,44,B_blind,kappa,4,0.03,0.0,single,0.2599,0.18271442280547429,0.36482953290965103,0.06527853574577054,0.02967541142023857,0.18677892111007172,0.9629923258186934,0.008840939
saopaulo,44,B_blind,kappa,4,0.03,0.05,single,0.2599,0.18837987192432698,0.37527040802365647,0.06536249527727635,0.02956644104850725,0.1905207358902401,0.9625088987744015,0.00917048
saopaulo,44,B_blind,kappa,4,0.03,0.1,single,0.2599,0.1914579103371918,0.3800821490641856,0.06569833340329961,0.029642651758725984,0.19395073277206112,0.9618709568704442,0.00977079
saopaulo,44,B_blind,kappa,4,0.03,0.25,single,0.2599,0.2010339893387214,0.39324828911864335,0.06477477855673565,0.028616684044669504,0.21359526036794513,0.9585843103511853,0.012018808
saopaulo,44,B_blind,kappa,4,0.03,0.5,single,0.2599,0.20508008922419427,0.3871385592727417,0.06171025565677343,0.026833440021831485,0.24290614281259745,0.9509395279707173,0.017600017
saopaulo,44,B_blind,kappa,4,0.03,1.0,single,0.2599,0.21084190362971186,0.36691173864405413,0.05444775618152051,0.024006222764620902,0.29123791705643903,0.9350542013492247,0.041234624
saopaulo,44,B_blind,kappa,4,0.03,1.5,single,0.2599,0.21112968598142423,0.3530708199465152,0.0496620628856891,0.022116122768916106,0.3068288119738073,0.9260705956193098,0.06884471
saopaulo,44,EASE,kappa,4,0.03,0.0,double,0.2599,0.18217115833555902,0.36875812643813777,0.0680072205197095,0.029927678384747,0.23012160898035547,0.9707047405208686,0.007356954
saopaulo,44,EASE,kappa,4,0.03,0.05,double,0.2599,0.2088109822190563,0.390869144790232,0.06015700432391587,0.026971855030006025,0.42282507015902715,0.9413674227357305,0.04910373
saopaulo,44,EASE,kappa,4,0.03,0.1,double,0.2599,0.21563337919946018,0.37648088791544254,0.052572659977890665,0.024208781250209387,0.41315871531025883,0.92714389400511,0.07937324
saopaulo,44,EASE,kappa,4,0.03,0.25,double,0.2599,0.2225249853537834,0.3487852295000005,0.03939101353147782,0.019113546285370403,0.33083879014655443,0.9218944388355794,0.15667059
saopaulo,44,EASE,kappa,4,0.03,0.5,double,0.2599,0.2129806222935695,0.2851305115933651,0.026629164742594066,0.013621679035072594,0.261303398815092,0.9345604043733988,0.27692583
saopaulo,44,EASE,kappa,4,0.03,1.0,double,0.2599,0.19155497200346844,0.20921661215787962,0.020038341519387656,0.009761711568789093,0.2192079825381977,0.9472222138227784,0.37342888
saopaulo,44,EASE,kappa,4,0.03,1.5,double,0.2599,0.18322314802732648,0.19213015208823828,0.018988847375564978,0.009125151995711829,0.20236981602743997,0.9511803821315843,0.4030184
saopaulo,44,EASE,kappa,4,0.03,0.0,single,0.2599,0.18217115833555902,0.36875812643813777,0.0680072205197095,0.029927678384747,0.23012160898035547,0.9707047405208686,0.007356954
saopaulo,44,EASE,kappa,4,0.03,0.05,single,0.2599,0.209526530151214,0.38586583426844406,0.05742831954997691,0.02591434179752303,0.4140941690053009,0.9389889541903103,0.060354307
saopaulo,44,EASE,kappa,4,0.03,0.1,single,0.2599,0.2159602885438794,0.3640689278194383,0.04795488574507088,0.022386793491829204,0.3985032740879326,0.9248319398917821,0.10347383
saopaulo,44,EASE,kappa,4,0.03,0.25,single,0.2599,0.2180922002646935,0.3311322241316807,0.03540293578495165,0.017431761535906407,0.31898971000935455,0.9230182621667655,0.18716678
saopaulo,44,EASE,kappa,4,0.03,0.5,single,0.2599,0.20668057394021905,0.2680239701271596,0.02427829786043127,0.012307072199329121,0.25007795447458686,0.9376321267966425,0.29717684
saopaulo,44,EASE,kappa,4,0.03,1.0,single,0.2599,0.18772767489553138,0.20312402488116757,0.01966052362761149,0.00959169257877377,0.2101652634861241,0.9482393611629989,0.37723854
saopaulo,44,EASE,kappa,4,0.03,1.5,single,0.2599,0.18185376942387607,0.19104328815508514,0.018778948546800442,0.009061657986875513,0.1986280012472716,0.951342088660506,0.40358716
saopaulo,44,AFM,kappa,4,0.03,0.0,double,0.2599,0.18632175511729415,0.3512200054225211,0.0482137609672138,0.020554225187592312,0.1378235110695354,0.9761779895990974,0.04344906
saopaulo,44,AFM,kappa,4,0.03,0.05,double,0.2599,0.1904083091973971,0.35658560923205984,0.04825574073296671,0.020589548118042537,0.1384471468662301,0.9758705031957571,0.04444188
saopaulo,44,AFM,kappa,4,0.03,0.1,double,0.2599,0.19368427871491073,0.36015820701348633,0.04842365979597834,0.020575851758572197,0.1384471468662301,0.9754302759091633,0.04537593
saopaulo,44,AFM,kappa,4,0.03,0.25,double,0.2599,0.20766315557606396,0.37293708566842604,0.04819277108433735,0.0202425550064604,0.14561895852821952,0.9738256042720244,0.04828093
saopaulo,44,AFM,kappa,4,0.03,0.5,double,0.2599,0.23172282385590356,0.397752903418972,0.046681499517232695,0.01919851060500757,0.1627689429373246,0.9701214809597414,0.05230679
saopaulo,44,AFM,kappa,4,0.03,1.0,double,0.2599,0.23743341092272194,0.3900025809721736,0.04122412996935477,0.0173699605712889,0.19145618958528218,0.9610140251033239,0.066582
saopaulo,44,AFM,kappa,4,0.03,1.5,double,0.2599,0.2385393671441208,0.3791074122744522,0.03862138449267453,0.01617324339050766,0.20642344870595572,0.955755198772489,0.07968179
saopaulo,44,AFM,kappa,4,0.03,0.0,single,0.2599,0.18632175511729415,0.3512200054225211,0.0482137609672138,0.020554225187592312,0.1378235110695354,0.9761779895990974,0.04344906
saopaulo,44,AFM,kappa,4,0.03,0.05,single,0.2599,0.19090684177008357,0.3569828079706784,0.04838168003022543,0.02057326560615077,0.13751169317118803,0.9758557297739832,0.044674866
saopaulo,44,AFM,kappa,4,0.03,0.1,single,0.2599,0.19494636049997163,0.3610234280085688,0.04846563956173124,0.020535941125598627,0.13751169317118803,0.9753706455303324,0.045837708
saopaulo,44,AFM,kappa,4,0.03,0.25,single,0.2599,0.21098358780400184,0.37469685841533285,0.04815079131858444,0.02013028952920245,0.14655441222326163,0.9736460599424193,0.048984088
saopaulo,44,AFM,kappa,4,0.03,0.5,single,0.2599,0.23979673345622735,0.4006980295672708,0.04617774232819781,0.018876860183552824,0.1627689429373246,0.969580897554619,0.054235756
saopaulo,44,AFM,kappa,4,0.03,1.0,single,0.2599,0.2413399196587755,0.38096459056328186,0.03937702027622686,0.016338482445540797,0.19270346117867165,0.9595898101717404,0.07142228
saopaulo,44,AFM,kappa,4,0.03,1.5,single,0.2599,0.23669251616834472,0.3598958994530591,0.03639645690777046,0.01499670614432177,0.2082943560960399,0.9535828525786212,0.0894211
saopaulo,44,SASRec,kappa,4,0.03,0.0,double,0.2599,0.2828923566587982,0.41929100468984587,0.07508081104907435,0.03432903066114548,0.9884627377611475,0.5459634976053795,0.52620167
saopaulo,44,SASRec,kappa,4,0.03,0.05,double,0.2599,0.2843177840760344,0.4222652766416599,0.07533268964359179,0.03455941541612714,0.9890863735578422,0.5464329169953739,0.52524245
saopaulo,44,SASRec,kappa,4,0.03,0.1,double,0.2599,0.2850835807379883,0.4243259192976085,0.0753746694093447,0.03458303936921734,0.9890863735578422,0.5462329247106448,0.52482057
saopaulo,44,SASRec,kappa,4,0.03,0.25,double,0.2599,0.2870688242790109,0.42801085508861625,0.07520675034633306,0.03442846172170887,0.990645463049579,0.545570161468421,0.52290416
saopaulo,44,SASRec,kappa,4,0.03,0.5,double,0.2599,0.28440507210725635,0.4221949987336758,0.07314974182444062,0.03344626865080161,0.9909572809479265,0.5420543632861383,0.52151674
saopaulo,44,SASRec,kappa,4,0.03,1.0,double,0.2599,0.27267004023288727,0.39707740499673017,0.06632802988959322,0.030314548146298276,0.990645463049579,0.5343021155851522,0.5281348
saopaulo,44,SASRec,kappa,4,0.03,1.5,double,0.2599,0.26155529245960346,0.37675155027896945,0.062067083665673144,0.028261780369584693,0.9890863735578422,0.5375714636134719,0.5372465
saopaulo,44,SASRec,kappa,4,0.03,0.0,single,0.2599,0.2828923566587982,0.41929100468984587,0.07508081104907435,0.03432903066114548,0.9884627377611475,0.5459634976053795,0.52620167
saopaulo,44,SASRec,kappa,4,0.03,0.05,single,0.2599,0.28415981191217066,0.4221882981604083,0.07529070987783888,0.034535273372008714,0.9890863735578422,0.5460706369838437,0.525423
saopaulo,44,SASRec,kappa,4,0.03,0.1,single,0.2599,0.28578913700596276,0.42458689820747053,0.07533268964359179,0.03454299851706818,0.9890863735578422,0.5457400597458328,0.52495277
saopaulo,44,SASRec,kappa,4,0.03,0.25,single,0.2599,0.2877256110376405,0.4275733258616407,0.07533268964359179,0.03439613681318648,0.9903336451512317,0.5442151103934973,0.5232148
saopaulo,44,SASRec,kappa,4,0.03,0.5,single,0.2599,0.2848333745224543,0.4192410883649593,0.07235212627513539,0.03313894298799406,0.9915809167446211,0.539307178355374,0.5224004
saopaulo,44,SASRec,kappa,4,0.03,1.0,single,0.2599,0.27065401889184615,0.38766415378695473,0.06477477855673565,0.029556900759947796,0.9900218272528843,0.5349681395569206,0.5298665
saopaulo,44,SASRec,kappa,4,0.03,1.5,single,0.2599,0.25775162366775367,0.3636639254441268,0.059821166197892614,0.026929585450661694,0.9881509198628001,0.5462860454114249,0.5408988
saopaulo,44,B_blind,keps,3,0.01,0.25,double,0.0405,0.200410979043791,0.3919640561069319,0.06452289996221822,0.028415158893482666,0.21078889928281883,0.9582611577851841,0.011997816
saopaulo,44,EASE,keps,3,0.01,0.25,double,0.0405,0.21925912347939908,0.34869520710664276,0.040188629080783064,0.01902535334131822,0.3289678827564702,0.9282689320922244,0.15115653
saopaulo,44,AFM,keps,3,0.01,0.25,double,0.0405,0.2107465668009138,0.37483978416814456,0.04808782166995508,0.02020077057232917,0.14624259432491424,0.9735211848656018,0.049573906
saopaulo,44,SASRec,keps,3,0.01,0.25,double,0.0405,0.285388231579321,0.4254028293197632,0.07434616514839847,0.03397631939063844,0.990645463049579,0.5450398314934559,0.52313083
saopaulo,44,B_blind,keps,3,0.03,0.25,double,0.1401,0.20055150831779392,0.39271584773998736,0.06473279879098275,0.028600411526967635,0.2120361708762083,0.9585193601791513,0.01184669
saopaulo,44,EASE,keps,3,0.03,0.25,double,0.1401,0.2159624746541564,0.3645079972762603,0.045729958160166805,0.02113752404252801,0.3819769254755223,0.9174156572902299,0.09473994
saopaulo,44,AFM,keps,3,0.03,0.25,double,0.1401,0.20784383128778794,0.37428777458870005,0.04781495319256118,0.020127400206957174,0.14717804801995635,0.9736757389953945,0.048671342
saopaulo,44,SASRec,keps,3,0.03,0.25,double,0.1401,0.28528422651221996,0.42624617985407676,0.07438814491415138,0.03402880674366136,0.9909572809479265,0.5458510318886913,0.52271944
saopaulo,44,B_blind,keps,3,0.05,0.25,double,0.2501,0.20080012887307525,0.39444015445422614,0.0650266571512531,0.02888230003402468,0.21421889616463985,0.9589832372452229,0.011607405
saopaulo,44,EASE,keps,3,0.05,0.25,double,0.2501,0.22184020185566777,0.36955424030465656,0.04593985698893134,0.02124859308868309,0.34767695665731213,0.9225242046990973,0.10804962
saopaulo,44,AFM,keps,3,0.05,0.25,double,0.2501,0.20673909433948703,0.3744416123147594,0.04781495319256118,0.020190157664864018,0.14593077642656688,0.9738738096619093,0.048117206
saopaulo,44,SASRec,keps,3,0.05,0.25,double,0.2501,0.28543704371844425,0.4274852102302552,0.07447210444565719,0.034194983601891674,0.990645463049579,0.5467137337464707,0.52254945
saopaulo,44,B_blind,keps,3,0.1,0.25,double,0.7326,0.19065815547517193,0.38291660351916457,0.06582427270055834,0.02921138951362318,0.19363891487371376,0.9614688202980268,0.009407666
saopaulo,44,EASE,keps,3,0.1,0.25,double,0.7326,0.1983732327441386,0.37975494369054613,0.058197948588780204,0.02624930168113344,0.36077330838790145,0.9521780213817201,0.026359096
saopaulo,44,AFM,keps,3,0.1,0.25,double,0.7326,0.19092636093763757,0.35749733931095096,0.047919902606943454,0.02043611670981544,0.13532896788275647,0.9751156632867783,0.04354771
saopaulo,44,SASRec,keps,3,0.1,0.25,double,0.7326,0.2829885654372669,0.42779677070061356,0.0753746694093447,0.03436448907740938,0.9884627377611475,0.5526565671492272,0.51782674
saopaulo,44,B_blind,keps,4,0.01,0.25,double,0.0768,0.20080116770616888,0.39299989838540034,0.065068636917006,0.028694434767059372,0.21421889616463985,0.9584435426539748,0.011918057
saopaulo,44,EASE,keps,4,0.01,0.25,double,0.0768,0.2196133983838259,0.3398974746121967,0.038299539621902245,0.018333635236551227,0.336451512316807,0.9173703081475812,0.15900257
saopaulo,44,AFM,keps,4,0.01,0.25,double,0.0768,0.2097457329996626,0.37339453346369633,0.04810881155283153,0.02013610272348024,0.1474898659183037,0.9736378629579121,0.048671342
saopaulo,44,SASRec,keps,4,0.01,0.25,double,0.0768,0.2867314427196604,0.4265395725126749,0.07449309432853364,0.03415266136016749,0.990645463049579,0.5436359833587339,0.5242412
saopaulo,44,B_blind,keps,4,0.05,0.25,double,0.2753,0.20241470108828832,0.39810290386950864,0.06590823223206414,0.029439646103463047,0.21796071094480823,0.9589167725552914,0.01169976
saopaulo,44,EASE,keps,4,0.05,0.25,double,0.2753,0.22637276188822625,0.37389671935461105,0.053370275527195886,0.024465552071923944,0.5163704396632367,0.9149853063620341,0.06720541
saopaulo,44,AFM,keps,4,0.05,0.25,double,0.2753,0.20739042591350265,0.37799807244425504,0.048570588976113514,0.020451776994662142,0.14530714062987216,0.9739229549168338,0.047296498
saopaulo,44,SASRec,keps,4,0.05,0.25,double,0.2753,0.2871038160515983,0.4304514416892787,0.0753746694093447,0.03455678604509957,0.9903336451512317,0.5480197429778042,0.52114946
saopaulo,44,B_blind,keps,4,0.1,0.25,double,0.7326,0.1876783591388545,0.37957488281269575,0.06548843457453507,0.029228198255302186,0.19270346117867165,0.9619336948253243,0.009065531
saopaulo,44,EASE,keps,4,0.1,0.25,double,0.7326,0.19492028497606165,0.383440726503143,0.061430390551754054,0.02754870516961844,0.33676333021515437,0.9585778360162487,0.018290585
saopaulo,44,AFM,keps,4,0.1,0.25,double,0.7326,0.18708689543784449,0.353394655568434,0.04783594307543764,0.020432638738620713,0.13470533208606175,0.9752902595803827,0.042378575
saopaulo,44,SASRec,keps,4,0.1,0.25,double,0.7326,0.2823931710675344,0.4284919763672178,0.07533268964359179,0.03436496682981611,0.9881509198628001,0.5558621208562504,0.51525754
saopaulo,44,B_blind,keps,5,0.01,0.25,double,0.0662,0.2060351111557904,0.4016034833494205,0.06611813106082869,0.02975990409872388,0.22606797630183972,0.9579267805078848,0.012417616
saopaulo,44,EASE,keps,5,0.01,0.25,double,0.0662,0.2191784569853863,0.3409714463928732,0.04602381652043715,0.02128826781562561,0.45587776738384783,0.9060695018153728,0.12474917
saopaulo,44,AFM,keps,5,0.01,0.25,double,0.0662,0.2128487534498718,0.3785863641586368,0.04861256874186642,0.020445126435784618,0.14873713751169318,0.9733021086081597,0.048532806
saopaulo,44,SASRec,keps,5,0.01,0.25,double,0.0662,0.290817152244416,0.4319983486003184,0.07526971999496243,0.03461817534023212,0.9909572809479265,0.5438191051969077,0.523303
saopaulo,44,B_blind,keps,5,0.03,0.25,double,0.2476,0.20526379165743885,0.4012966406787654,0.06603417152932287,0.02985322186179354,0.2235734331150608,0.9584357684778348,0.012153142
saopaulo,44,EASE,keps,5,0.03,0.25,double,0.2476,0.2292571532599145,0.3568034705949268,0.04887844059163483,0.022534395597820247,0.4970377299657,0.9067547943294512,0.11804081
saopaulo,44,AFM,keps,5,0.03,0.25,double,0.2476,0.2114198024679605,0.37874824806561413,0.048864447336383864,0.020592753466743437,0.14624259432491424,0.9734755699950939,0.048801478
saopaulo,44,SASRec,keps,5,0.03,0.25,double,0.2476,0.2923147887670387,0.433642830325506,0.07545862894085051,0.03478961133656839,0.9897100093545369,0.5450527814723332,0.5224277
saopaulo,44,B_blind,keps,5,0.05,0.25,double,0.6818,0.1955108376313559,0.39008314956385237,0.06536249527727635,0.029443890495033723,0.20704708450265044,0.9608368225822916,0.010360606
saopaulo,44,EASE,keps,5,0.05,0.25,double,0.6818,0.191179653874673,0.35324848829436484,0.052215831968990954,0.023573027429688715,0.5341440598690365,0.9326703750494787,0.06844381
saopaulo,44,AFM,keps,5,0.05,0.25,double,0.6818,0.19787368651176343,0.3666531527661447,0.04785693295831409,0.020381292479808272,0.1421889616463985,0.9747510218316118,0.045300364
saopaulo,44,SASRec,keps,5,0.05,0.25,double,0.6818,0.2858907104797642,0.4305948921892526,0.07577347718399731,0.03473615354731417,0.9890863735578422,0.5509719232074761,0.51863694
saopaulo,44,B_blind,keps,5,0.1,0.25,double,0.7326,0.186442878037324,0.37791185230260793,0.06540447504302926,0.029229666196397434,0.19176800748362957,0.9621514071003556,0.008819949
saopaulo,44,EASE,keps,5,0.1,0.25,double,0.7326,0.1908485080444055,0.3820747753653333,0.06281572282159999,0.028069868260315576,0.31337698783910195,0.9616336998532096,0.014846145
saopaulo,44,AFM,keps,5,0.1,0.25,double,0.7326,0.18562987890313293,0.3516471530058645,0.04771000377817892,0.020439693964949972,0.13470533208606175,0.9753428736965246,0.042019647
saopaulo,44,SASRec,keps,5,0.1,0.25,double,0.7326,0.2821138655025693,0.42864286052598977,0.07545862894085051,0.03441363775282526,0.9881509198628001,0.5570142330779164,0.51422906
saopaulo,44,B_blind,keps,6,0.01,0.25,double,0.0714,0.20677229333024813,0.40185765532747464,0.06662188824986356,0.029960528701624727,0.22669161209853445,0.9578547198248573,0.012671593
saopaulo,44,EASE,keps,6,0.01,0.25,double,0.0714,0.21976702232394044,0.33707626887825,0.045645998628660985,0.021163184865338323,0.4580604926722794,0.9047109831882361,0.1286407
saopaulo,44,AFM,keps,6,0.01,0.25,double,0.0714,0.21432911801055582,0.37957583125607786,0.04873850803912514,0.020531338093988855,0.1493607733083879,0.9733534320461279,0.049267452
saopaulo,44,SASRec,keps,6,0.01,0.25,double,0.0714,0.29151385984053685,0.4308726156518808,0.07516477058058016,0.03462738294919844,0.9903336451512317,0.5422044955996317,0.5250242
saopaulo,44,B_blind,keps,6,0.03,0.25,double,0.2749,0.2060923132918624,0.4016682268900877,0.06687376684438101,0.03014503288267696,0.2245088868101029,0.9584408565772886,0.012239202
saopaulo,44,EASE,keps,6,0.03,0.25,double,0.2749,0.22912507707025354,0.3521467415544262,0.048542602465611574,0.022470608850673507,0.5023386342376053,0.9044747314862525,0.12041896
saopaulo,44,AFM,keps,6,0.03,0.25,double,0.2749,0.21274370118549743,0.37958736656834297,0.0490743461651484,0.020669823670826676,0.14717804801995635,0.9735576864486397,0.049355607
saopaulo,44,SASRec,keps,6,0.03,0.25,double,0.2749,0.29280133450815826,0.4321328255680723,0.07556357835523278,0.034862119591275144,0.9897100093545369,0.5428149850668142,0.52470297
saopaulo,44,B_blind,keps,6,0.05,0.25,double,0.711,0.1962036797155344,0.39015585262276264,0.06645396918685194,0.029652070105769007,0.20985344558777674,0.960824926351822,0.010476051
saopaulo,44,EASE,keps,6,0.05,0.25,double,0.711,0.1940362012978413,0.34973753231059107,0.0516071253655738,0.02326232790453841,0.5113813532896788,0.9290469060330133,0.08102725
saopaulo,44,AFM,keps,6,0.05,0.25,double,0.711,0.19940638513328382,0.3681913975072789,0.04838168003022543,0.020617673763405914,0.14468350483317743,0.974890608807004,0.04549557
saopaulo,44,SASRec,keps,6,0.05,0.25,double,0.711,0.2861620384667605,0.4286703179595771,0.07571050753536795,0.03475842962887025,0.9897100093545369,0.5480090261601485,0.52170354
saopaulo,44,B_blind,keps,6,0.1,0.25,double,0.949,0.18698327385187358,0.37682582222082384,0.06557239410604089,0.029563739645926224,0.19270346117867165,0.9623857594371972,0.008897611
saopaulo,44,EASE,keps,6,0.1,0.25,double,0.949,0.19263858024490438,0.3845987439891221,0.06361333837090521,0.028420370313534674,0.31088244465232306,0.9618385590156768,0.014877629
saopaulo,44,AFM,keps,6,0.1,0.25,double,0.949,0.18720412194653288,0.3531403667124883,0.047877922841190544,0.02048122249443903,0.1350171499844091,0.9756711706491614,0.043295834
saopaulo,44,SASRec,keps,6,0.1,0.25,double,0.949,0.283165824869519,0.42540798619126713,0.07550060870660341,0.03450929731396968,0.9881509198628001,0.5506108317717895,0.5204673
saopaulo,45,B_blind,kappa,4,0.03,0.0,double,0.1901,0.18271442280547429,0.36482953290965103,0.06527853574577054,0.02967541142023857,0.18677892111007172,0.9629923258186934,0.008840939
saopaulo,45,B_blind,kappa,4,0.03,0.05,double,0.1901,0.1878992480672987,0.37387491075935153,0.06536249527727635,0.029547933636425803,0.1905207358902401,0.9625042727534421,0.009094916
saopaulo,45,B_blind,kappa,4,0.03,0.1,double,0.1901,0.19148240924016074,0.3792608670752864,0.06569833340329961,0.029623522732192292,0.19395073277206112,0.9618481972138446,0.009634356
saopaulo,45,B_blind,kappa,4,0.03,0.25,double,0.1901,0.1996093609654686,0.38952427557382757,0.0650266571512531,0.028793561787467923,0.21234798877455566,0.9586338378353456,0.011873977
saopaulo,45,B_blind,kappa,4,0.03,0.5,double,0.1901,0.20425740537612627,0.3857658378455258,0.062172033080055415,0.027189444626783146,0.23760523854069224,0.9511232938389738,0.018206624
saopaulo,45,B_blind,kappa,4,0.03,1.0,double,0.1901,0.2031271763008568,0.36570666072527414,0.05520339196507283,0.024386523337252906,0.2700342999688182,0.9383558438209769,0.032003272
saopaulo,45,B_blind,kappa,4,0.03,1.5,double,0.1901,0.20322165378840368,0.35952043589983673,0.05239074765962806,0.023208530372838675,0.2862488306828812,0.9325680711326514,0.040258594
saopaulo,45,B_blind,kappa,4,0.03,0.0,single,0.1901,0.18271442280547429,0.36482953290965103,0.06527853574577054,0.02967541142023857,0.18677892111007172,0.9629923258186934,0.008840939
saopaulo,45,B_blind,kappa,4,0.03,0.05,single,0.1901,0.18828143436727557,0.37468309401788885,0.06536249527727635,0.029585659586210507,0.1905207358902401,0.9624728854499427,0.0091306
saopaulo,45,B_blind,kappa,4,0.03,0.1,single,0.1901,0.191810991045216,0.3798826611924637,0.06582427270055834,0.029613695091725924,0.19395073277206112,0.9617084649389827,0.009825364
saopaulo,45,B_blind,kappa,4,0.03,0.25,single,0.1901,0.20066891790077596,0.39148475048570935,0.06494269761974727,0.028596006267015667,0.21234798877455566,0.9583627312776495,0.011905461
saopaulo,45,B_blind,kappa,4,0.03,0.5,single,0.1901,0.20385060588699505,0.38339003367558055,0.0620880735485496,0.02690068720307412,0.23635796694730277,0.9506055970638616,0.018378742
saopaulo,45,B_blind,kappa,4,0.03,1.0,single,0.1901,0.202070380872507,0.3604467334536579,0.0544057764157676,0.02393011728276047,0.2700342999688182,0.9372520927607,0.03288695
saopaulo,45,B_blind,kappa,4,0.03,1.5,single,0.1901,0.20251475410779793,0.3538346440942158,0.05050165820074724,0.022589208563742965,0.2862488306828812,0.9315927621857265,0.041553672
saopaulo,45,EASE,kappa,4,0.03,0.0,double,0.1901,0.18217115833555902,0.36875812643813777,0.0680072205197095,0.029927678384747,0.23012160898035547,0.9707047405208686,0.007356954
saopaulo,45,EASE,kappa,4,0.03,0.05,double,0.1901,0.2067634256984669,0.3883694533041067,0.06154233659376181,0.027391543217732732,0.4034923604614905,0.9445406911623508,0.034708872
saopaulo,45,EASE,kappa,4,0.03,0.1,double,0.1901,0.20889815926902594,0.374477255072201,0.05458768873403021,0.0247350190280792,0.4281259744309323,0.9318065055599234,0.051769447
saopaulo,45,EASE,kappa,4,0.03,0.25,double,0.1901,0.2145277954112672,0.35972853607546434,0.045478079565649365,0.02112394398688967,0.38228874337386964,0.9168411942375485,0.09622603
saopaulo,45,EASE,kappa,4,0.03,0.5,double,0.1901,0.2129548131597498,0.3294055756351704,0.03292612960553013,0.015959072774422153,0.30651699407545996,0.9244454995891231,0.18845767
saopaulo,45,EASE,kappa,4,0.03,1.0,double,0.1901,0.19904644027058443,0.2549109499609881,0.022934945356338245,0.011194262873206356,0.23822887433738696,0.9428077174753124,0.3224088
saopaulo,45,EASE,kappa,4,0.03,1.5,double,0.1901,0.1841232388190564,0.2143082372055659,0.020919916600198707,0.009975454552062836,0.21608980355472404,0.949611268285431,0.3779606
saopaulo,45,EASE,kappa,4,0.03,0.0,single,0.1901,0.18217115833555902,0.36875812643813777,0.0680072205197095,0.029927678384747,0.23012160898035547,0.9707047405208686,0.007356954
saopaulo,45,EASE,kappa,4,0.03,0.05,single,0.1901,0.20677126735703313,0.3865949172881013,0.06049284244993913,0.0269084064766305,0.41440598690364827,0.9428828608633089,0.03620965
saopaulo,45,EASE,kappa,4,0.03,0.1,single,0.1901,0.20850017759288592,0.36874104724346907,0.05261463974364357,0.023957886838894153,0.43093233551605864,0.927242027434451,0.05925654
saopaulo,45,EASE,kappa,4,0.03,0.25,single,0.1901,0.21500859572720082,0.3519355151719611,0.043127212683486564,0.02017105275603845,0.3813532896788276,0.9124065719500001,0.1137106
saopaulo,45,EASE,kappa,4,0.03,0.5,single,0.1901,0.2102415598694834,0.3206521485373834,0.032002574758966174,0.015443098285572698,0.30620517617711257,0.923060711865038,0.19946265
saopaulo,45,EASE,kappa,4,0.03,1.0,single,0.1901,0.19842409677063538,0.25283530926732745,0.022683066761820803,0.011124398928509888,0.23822887433738696,0.942490158284399,0.32561186
saopaulo,45,EASE,kappa,4,0.03,1.5,single,0.1901,0.1839307182659645,0.21371851981512063,0.020919916600198707,0.009980302032383662,0.21608980355472404,0.9494843027288535,0.37900382
saopaulo,45,AFM,kappa,4,0.03,0.0,double,0.1901,0.18632175511729415,0.3512200054225211,0.0482137609672138,0.020554225187592312,0.1378235110695354,0.9761779895990974,0.04344906
saopaulo,45,AFM,kappa,4,0.03,0.05,double,0.1901,0.1907462944302249,0.35687614114958593,0.04838168003022543,0.020574223711389596,0.14000623635796694,0.9758702453219232,0.04463289
saopaulo,45,AFM,kappa,4,0.03,0.1,double,0.1901,0.19467630841243957,0.3607683225823945,0.0484866294446077,0.020551594510528667,0.13969441845961958,0.9754639133909391,0.045718066
saopaulo,45,AFM,kappa,4,0.03,0.25,double,0.1901,0.20861959107107247,0.3745291154877721,0.04802485202132572,0.020207446820931604,0.14904895541004054,0.9737310941664004,0.049764913
saopaulo,45,AFM,kappa,4,0.03,0.5,double,0.1901,0.23832542653393265,0.4026614791734144,0.04710129717476177,0.01930597098815089,0.16058621764889305,0.9696821346329965,0.056691572
saopaulo,45,AFM,kappa,4,0.03,1.0,double,0.1901,0.23834144385433756,0.3852590303076031,0.04168590739263675,0.017383784060470368,0.18303710632990333,0.9608414800193528,0.0682612
saopaulo,45,AFM,kappa,4,0.03,1.5,double,0.1901,0.24028149689681494,0.3791114795435348,0.03914613156458587,0.0164405411395043,0.19457436856875585,0.9572604371390838,0.07247386
saopaulo,45,AFM,kappa,4,0.03,0.0,single,0.1901,0.18632175511729415,0.3512200054225211,0.0482137609672138,0.020554225187592312,0.1378235110695354,0.9761779895990974,0.04344906
saopaulo,45,AFM,kappa,4,0.03,0.05,single,0.1901,0.1907914124539863,0.3569017019538317,0.04838168003022543,0.020578663681024557,0.13907078266292486,0.9758662397689701,0.044662274
saopaulo,45,AFM,kappa,4,0.03,0.1,single,0.1901,0.19487060728796385,0.36088922735395385,0.048570588976113514,0.02055896980338827,0.1378235110695354,0.975410224582322,0.045816716
saopaulo,45,AFM,kappa,4,0.03,0.25,single,0.1901,0.20909930235456228,0.3748299896932052,0.047940892489819906,0.020168511636771018,0.14780168381665107,0.9736012042943663,0.04993913
saopaulo,45,AFM,kappa,4,0.03,0.5,single,0.1901,0.241611610327515,0.4034878260619212,0.046933378111750135,0.019148931051410686,0.16089803554724041,0.969430036125768,0.057042107
saopaulo,45,AFM,kappa,4,0.03,1.0,single,0.1901,0.24102353446718916,0.3822459010214292,0.040468494185802444,0.01673997149132914,0.18303710632990333,0.9602162982886588,0.07022584
saopaulo,45,AFM,kappa,4,0.03,1.5,single,0.1901,0.23941016971782014,0.36554556598169663,0.03765584988035767,0.015578558230555112,0.19550982226379796,0.9562898903495587,0.07622686
saopaulo,45,SASRec,kappa,4,0.03,0.0,double,0.1901,0.2828923566587982,0.41929100468984587,0.07508081104907435,0.03432903066114548,0.9884627377611475,0.5459634976053795,0.52620167
saopaulo,45,SASRec,kappa,4,0.03,0.05,double,0.1901,0.2842641280716392,0.4215215678767365,0.07518576046345661,0.03445638295152299,0.9893981914561896,0.5458089513296125,0.5257714
saopaulo,45,SASRec,kappa,4,0.03,0.1,double,0.1901,0.28488498735535345,0.4228389000042793,0.07539565929222115,0.03448662868720354,0.9897100093545369,0.5453314632375259,0.52585536
saopaulo,45,SASRec,kappa,4,0.03,0.25,double,0.1901,0.2857582265968313,0.4240605682802818,0.07417824608538684,0.0340924103424133,0.9909572809479265,0.5436954645110821,0.5250787
saopaulo,45,SASRec,kappa,4,0.03,0.5,double,0.1901,0.28081131656153124,0.4140544697456872,0.07172242978884177,0.03307364279957935,0.9912690988462738,0.5405109124679732,0.5243818
saopaulo,45,SASRec,kappa,4,0.03,1.0,double,0.1901,0.2651225948921113,0.3879102473056146,0.06487972797111792,0.029722654144213694,0.9903336451512317,0.5396002853472146,0.52853996
saopaulo,45,SASRec,kappa,4,0.03,1.5,double,0.1901,0.25532727784418074,0.3726479409533884,0.06099659963897401,0.02777221688036721,0.9897100093545369,0.5419460130787586,0.53323746
saopaulo,45,SASRec,kappa,4,0.03,0.0,single,0.1901,0.2828923566587982,0.41929100468984587,0.07508081104907435,0.03432903066114548,0.9884627377611475,0.5459634976053795,0.52620167
saopaulo,45,SASRec,kappa,4,0.03,0.05,single,0.1901,0.28415101033157253,0.42186411120143263,0.07522774022920953,0.03448599306751301,0.9897100093545369,0.5459240455268006,0.52554256
saopaulo,45,SASRec,kappa,4,0.03,0.1,single,0.1901,0.2855085433429482,0.42372085087298644,0.07531169976071533,0.03448612941563082,0.9897100093545369,0.5456190985916725,0.52534527
saopaulo,45,SASRec,kappa,4,0.03,0.25,single,0.1901,0.2859796409287997,0.42448542687355806,0.0745140842114101,0.03409003726325546,0.9909572809479265,0.5443157230768558,0.523962
saopaulo,45,SASRec,kappa,4,0.03,0.5,single,0.1901,0.2811591510031458,0.4139875922299516,0.0713026321313127,0.03285236627704434,0.9909572809479265,0.5419524847956867,0.522816
saopaulo,45,SASRec,kappa,4,0.03,1.0,single,0.1901,0.2622026356987749,0.38282192672704307,0.06395617312455397,0.029148916321153254,0.9900218272528843,0.5428050497246855,0.5269783
saopaulo,45,SASRec,kappa,4,0.03,1.5,single,0.1901,0.2519534286021006,0.365084597084338,0.05902355064858738,0.0267806460349366,0.9893981914561896,0.5464023164034186,0.53222156
saopaulo,45,B_blind,keps,3,0.01,0.25,double,0.038,0.20040143079867132,0.3918448615427197,0.06452289996221822,0.02839096499418358,0.21078889928281883,0.9582628005854965,0.011945342
saopaulo,45,EASE,keps,3,0.01,0.25,double,0.038,0.21755283331058398,0.3477854283979866,0.040146649315030154,0.01906839247263893,0.3451824134705332,0.9273351067984483,0.14488475
saopaulo,45,AFM,keps,3,0.01,0.25,double,0.038,0.21119610854729035,0.37500915394152073,0.04812980143570799,0.020201768132313763,0.146866230121609,0.973512202478555,0.049664162
saopaulo,45,SASRec,keps,3,0.01,0.25,double,0.038,0.2852572887284809,0.42520564838842817,0.07430418538264556,0.0339793739092549,0.990645463049579,0.5449929665239053,0.5231182
saopaulo,45,B_blind,keps,3,0.03,0.25,double,0.14,0.200550519573019,0.3927173932611124,0.06473279879098275,0.02860141611698032,0.2120361708762083,0.9585190761252327,0.01184669
saopaulo,45,EASE,keps,3,0.03,0.25,double,0.14,0.21600130933240455,0.3645336371806307,0.045729958160166805,0.02113590791105338,0.3819769254755223,0.9174468796591959,0.09489316
saopaulo,45,AFM,keps,3,0.03,0.25,double,0.14,0.20788141128041876,0.3743050188170889,0.04781495319256118,0.02012714802843669,0.14717804801995635,0.9736732859214616,0.048671342
saopaulo,45,SASRec,keps,3,0.03,0.25,double,0.14,0.2853615004872533,0.4262974413133947,0.07438814491415138,0.03402905892218184,0.9909572809479265,0.5458367100733779,0.52273834
saopaulo,45,B_blind,keps,3,0.05,0.25,double,0.2516,0.2009306352055998,0.394656545042897,0.065068636917006,0.02893279555438896,0.21421889616463985,0.9589922549753842,0.011601108
saopaulo,45,EASE,keps,3,0.05,0.25,double,0.2516,0.22214096595497543,0.3699928952158055,0.046065796286190064,0.021264599616988934,0.356096039912691,0.9217224435333862,0.10297845
saopaulo,45,AFM,keps,3,0.05,0.25,double,0.2516,0.20651403845666888,0.37425886586768825,0.047898912724067,0.020216484590988296,0.14593077642656688,0.9738799318747071,0.04809622
saopaulo,45,SASRec,keps,3,0.05,0.25,double,0.2516,0.28535560299364715,0.42745699929070063,0.07455606397716301,0.03422088567207734,0.990645463049579,0.5468207369884945,0.5224466
saopaulo,45,B_blind,keps,3,0.1,0.25,double,0.5989,0.19596125419504298,0.38815042554999907,0.06607615129507577,0.029382422758279028,0.205799812909261,0.9604889363813076,0.01012552
saopaulo,45,EASE,keps,3,0.1,0.25,double,0.5989,0.21272409565747355,0.36219071066788006,0.04554104921427871,0.021363554411058843,0.3246024321796071,0.9390100553385465,0.1280131
saopaulo,45,AFM,keps,3,0.1,0.25,double,0.5989,0.19863262553269484,0.3643881396931299,0.047940892489819906,0.020334344511439846,0.14187714374805113,0.9745883112964433,0.046771757
saopaulo,45,SASRec,keps,3,0.1,0.25,double,0.5989,0.28611167807687965,0.4279771970525865,0.07518576046345661,0.03449030514614475,0.9893981914561896,0.5498351067002729,0.5191763
saopaulo,45,B_blind,keps,4,0.01,0.25,double,0.0569,0.20102175628675156,0.3924465112743598,0.065068636917006,0.028748306211634416,0.21328344246959777,0.9582181347430576,0.012283279
saopaulo,45,EASE,keps,4,0.01,0.25,double,0.0569,0.22208309253380681,0.35278439268911843,0.04256048584582232,0.020036345055761767,0.34580604926722797,0.9218629167046442,0.12013558
saopaulo,45,AFM,keps,4,0.01,0.25,double,0.0569,0.21085888912833345,0.3746780400964851,0.04833970026447253,0.020259821171217676,0.146866230121609,0.9735714663362005,0.050226692
saopaulo,45,SASRec,keps,4,0.01,0.25,double,0.0569,0.2862229435873278,0.4246303630062089,0.07455606397716301,0.03412956751023932,0.9909572809479265,0.543568786935436,0.52470297
saopaulo,45,B_blind,keps,4,0.05,0.25,double,0.2918,0.19969514929780954,0.3907627689104764,0.06532051551152344,0.028995568380105724,0.2145307140629872,0.9590557691697745,0.011724948
saopaulo,45,EASE,keps,4,0.05,0.25,double,0.2918,0.22147137532358752,0.3633759523294676,0.04598183675468425,0.021269688802273666,0.33489242282507015,0.9241764128249583,0.119598255
saopaulo,45,AFM,keps,4,0.05,0.25,double,0.2918,0.20766377483705947,0.3744374085852577,0.048276730615843165,0.020302470860936037,0.1493607733083879,0.9739603348417119,0.04922757
saopaulo,45,SASRec,keps,4,0.05,0.25,double,0.2918,0.28542062005409247,0.424259660537592,0.07413626631963394,0.03420185505151611,0.9903336451512317,0.5438827947978653,0.5257273
saopaulo,45,B_blind,keps,4,0.1,0.25,double,0.5347,0.19941754492872918,0.39175454980080043,0.06578229293480542,0.029439598603856323,0.21078889928281883,0.9600203927151452,0.0112274885
saopaulo,45,EASE,keps,4,0.1,0.25,double,0.5347,0.2227300530107211,0.3759126754982991,0.04845864293410577,0.02222494249242715,0.343311506080449,0.926926177803066,0.100573026
saopaulo,45,AFM,keps,4,0.1,0.25,double,0.5347,0.2047914406594656,0.3728511602764407,0.04844464967885479,0.020493143105931543,0.14468350483317743,0.9745775709167115,0.047884222
saopaulo,45,SASRec,keps,4,0.1,0.25,double,0.5347,0.28625038338696085,0.425154612021421,0.07478695268880399,0.03450906061298163,0.9900218272528843,0.5450537344274147,0.52487725
saopaulo,45,B_blind,keps,5,0.01,0.25,double,0.0822,0.2070521665905619,0.4016881569465629,0.06678980731287519,0.03003217843277629,0.22575615840349236,0.9576705376932546,0.0125918295
saopaulo,45,EASE,keps,5,0.01,0.25,double,0.0822,0.21333715018715366,0.3453838623452912,0.04963407637518716,0.022650908325375745,0.4982850015590895,0.9153098503995349,0.07652281
saopaulo,45,AFM,keps,5,0.01,0.25,double,0.0822,0.21354614135638159,0.3823803023099418,0.0493891944082952,0.020799856666728074,0.14780168381665107,0.9733658846033966,0.049706142
saopaulo,45,SASRec,keps,5,0.01,0.25,double,0.0822,0.29117974618178893,0.4295515241331199,0.07547961882372696,0.03462024475202617,0.990645463049579,0.5428933198071306,0.52506405
saopaulo,45,B_blind,keps,5,0.03,0.25,double,0.2222,0.20453844552633296,0.39733284300506383,0.06582427270055834,0.02976071893685452,0.22388525101340817,0.9581835992843777,0.012083874
saopaulo,45,EASE,keps,5,0.03,0.25,double,0.2222,0.22343259064737922,0.35802828658217434,0.05173306466283251,0.023546016208873744,0.520112254443405,0.9116834675396468,0.07334285
saopaulo,45,AFM,keps,5,0.03,0.25,double,0.2222,0.21208170791889547,0.381035965496481,0.04920028546240712,0.02079104836674124,0.15029622700343,0.9734796789593814,0.049571805
saopaulo,45,SASRec,keps,5,0.03,0.25,double,0.2222,0.29021094229441086,0.42946861636910333,0.07503883128332144,0.03457317527874577,0.9900218272528843,0.5438972723846824,0.5242664
saopaulo,45,B_blind,keps,5,0.05,0.25,double,0.328,0.2015267039192563,0.3945393740773429,0.06569833340329961,0.029501989141652998,0.2192079825381977,0.9590000605676259,0.011609505
saopaulo,45,EASE,keps,5,0.05,0.25,double,0.328,0.22566825904309457,0.36820501776426756,0.05362215412171333,0.02442398377483887,0.4979731836607421,0.9184994826880721,0.062216114
saopaulo,45,AFM,keps,5,0.05,0.25,double,0.328,0.2084364756930877,0.3789136267558798,0.04890642710213677,0.020658604479281636,0.14780168381665107,0.9739892415821896,0.04809832
saopaulo,45,SASRec,keps,5,0.05,0.25,double,0.328,0.28794535209735306,0.42824597021560656,0.07512279081482726,0.03464664825428626,0.9900218272528843,0.5458082209052504,0.5234415
saopaulo,45,B_blind,keps,5,0.1,0.25,double,0.6598,0.19648700573910277,0.38790529869042845,0.06645396918685194,0.029746192945268146,0.2120361708762083,0.9605974973383689,0.010165401
saopaulo,45,EASE,keps,5,0.1,0.25,double,0.6598,0.22129094009617983,0.37868413509777094,0.05328631599569007,0.024376168941653644,0.4633613969441846,0.926515594226333,0.06974308
saopaulo,45,AFM,keps,5,0.1,0.25,double,0.6598,0.19969992927893487,0.3668273460556052,0.04783594307543764,0.02047492155792571,0.1421889616463985,0.974819366251622,0.046547167
saopaulo,45,SASRec,keps,5,0.1,0.25,double,0.6598,0.2870146717490182,0.4271365071009807,0.07556357835523278,0.034715968549373886,0.9897100093545369,0.5477868514896866,0.52191556
saopaulo,45,B_blind,keps,6,0.01,0.25,double,0.0741,0.20644693840606906,0.4009243870266233,0.06649594895260484,0.02986456128385413,0.22762706579357656,0.9578330427147586,0.012703079
saopaulo,45,EASE,keps,6,0.01,0.25,double,0.0741,0.2200008026372587,0.336982144089182,0.04568797839441389,0.021157665502962473,0.45743685687558466,0.9045545859804833,0.12890936
saopaulo,45,AFM,keps,6,0.01,0.25,double,0.0741,0.21430011579791555,0.3795439621554964,0.0484866294446077,0.020451688573993685,0.14967259120673526,0.973310312137688,0.049374502
saopaulo,45,SASRec,keps,6,0.01,0.25,double,0.0741,0.29098702389045716,0.43019532942874456,0.07495487175181563,0.034574815233702746,0.9900218272528843,0.5424321890319399,0.52478904
saopaulo,45,B_blind,keps,6,0.03,0.25,double,0.2805,0.2044935702153483,0.39777308783398185,0.06628605012384031,0.0299097160255839,0.2245088868101029,0.9584629067535939,0.0122727845
saopaulo,45,EASE,keps,6,0.03,0.25,double,0.2805,0.22909132210117047,0.3512423110835899,0.04837468340259994,0.022406893187879785,0.5001559089491737,0.9042738202805518,0.12231854
saopaulo,45,AFM,keps,6,0.03,0.25,double,0.2805,0.21294242989275675,0.37960371892325256,0.04899038663364259,0.02063006304572277,0.1493607733083879,0.9735419548357671,0.049355615
saopaulo,45,SASRec,keps,6,0.03,0.25,double,0.2805,0.29210336473191206,0.43100835653480946,0.07526971999496243,0.034772284027262804,0.9897100093545369,0.5430536230835146,0.52457917
saopaulo,45,B_blind,keps,6,0.05,0.25,double,0.5256,0.2004006603406036,0.3933712671320615,0.06632802988959322,0.029809973573231296,0.21796071094480823,0.9595906767325426,0.011271567
saopaulo,45,EASE,keps,6,0.05,0.25,double,0.5256,0.2288800905866366,0.36681130824477415,0.0522788016176203,0.023974109777489892,0.5054568132210789,0.9100126767896937,0.09163343
saopaulo,45,AFM,keps,6,0.05,0.25,double,0.5256,0.20601326487894003,0.3732099781217569,0.04875949792200159,0.02071648873001477,0.14593077642656688,0.9740665147200733,0.04819067
saopaulo,45,SASRec,keps,6,0.05,0.25,double,0.5256,0.28926427982927744,0.42881097817181185,0.07522774022920953,0.03467181356973199,0.9887745556594949,0.5456823274231399,0.5225264
saopaulo,45,B_blind,keps,6,0.1,0.25,double,0.8801,0.186141223645034,0.3754209744415284,0.0656143738717938,0.029467363518777323,0.19332709697536637,0.9622958792795455,0.008914404
saopaulo,45,EASE,keps,6,0.1,0.25,double,0.8801,0.192684216846656,0.38467334024485933,0.06352937883939941,0.028363388452487245,0.31275335204240723,0.9617636447034212,0.014990974
saopaulo,45,AFM,keps,6,0.1,0.25,double,0.8801,0.186963414129644,0.35276663937975183,0.04783594307543764,0.02047623897475284,0.1350171499844091,0.97555665372284,0.04313841
saopaulo,45,SASRec,keps,6,0.1,0.25,double,0.8801,0.2827049624052272,0.42600532608390246,0.07556357835523278,0.0345067084131707,0.9881509198628001,0.552356149368745,0.51873976
saopaulo,46,B_blind,kappa,4,0.03,0.0,double,0.1946,0.18271442280547429,0.36482953290965103,0.06527853574577054,0.02967541142023857,0.18677892111007172,0.9629923258186934,0.008840939
saopaulo,46,B_blind,kappa,4,0.03,0.05,double,0.1946,0.1881799343135287,0.3744879042235191,0.06536249527727635,0.029601746446100974,0.19114437168693482,0.9625074326896605,0.009057135
saopaulo,46,B_blind,kappa,4,0.03,0.1,double,0.1946,0.19246550017023842,0.38140378932416885,0.06578229293480542,0.02972981014298693,0.19426255067040848,0.9618428604035867,0.009712019
saopaulo,46,B_blind,kappa,4,0.03,0.25,double,0.1946,0.20136623671204568,0.39342000704593383,0.0656143738717938,0.02903231959568196,0.21297162457125038,0.9586151308558517,0.011882372
saopaulo,46,B_blind,kappa,4,0.03,0.5,double,0.1946,0.20528480487845405,0.3883328448402658,0.062465891440325765,0.027419128208186202,0.23854069223573432,0.951231051067436,0.01813316
saopaulo,46,B_blind,kappa,4,0.03,1.0,double,0.1946,0.2034641000692318,0.3671952618139838,0.05591704798287225,0.02457798566026834,0.27034611786716556,0.9385202010834706,0.03182276
saopaulo,46,B_blind,kappa,4,0.03,1.5,double,0.1946,0.20309993095307305,0.36031186142177296,0.05289450484866295,0.023347326431836887,0.2862488306828812,0.9327534876552457,0.03991226
saopaulo,46,B_blind,kappa,4,0.03,0.0,single,0.1946,0.18271442280547429,0.36482953290965103,0.06527853574577054,0.02967541142023857,0.18677892111007172,0.9629923258186934,0.008840939
saopaulo,46,B_blind,kappa,4,0.03,0.05,single,0.1946,0.18844835333001125,0.3750588063052054,0.06536249527727635,0.029601350429774326,0.19114437168693482,0.96246773582729,0.00906553
saopaulo,46,B_blind,kappa,4,0.03,0.1,single,0.1946,0.19237372531120916,0.38118458634952074,0.06578229293480542,0.029669332734392182,0.19457436856875585,0.9617220039697647,0.009781285
saopaulo,46,B_blind,kappa,4,0.03,0.25,single,0.1946,0.2011089185070555,0.39245726908731865,0.06515259644851182,0.0287032925123921,0.21297162457125038,0.9583278672589073,0.011945342
saopaulo,46,B_blind,kappa,4,0.03,0.5,single,0.1946,0.20423108903911008,0.3846898195116502,0.062130053314302505,0.026958383206079444,0.23760523854069224,0.9505695771943816,0.018372443
saopaulo,46,B_blind,kappa,4,0.03,1.0,single,0.1946,0.2018470077445081,0.3608769432993509,0.054321816884261784,0.023900302709142177,0.2709697536638603,0.9373677995718692,0.032712735
saopaulo,46,B_blind,kappa,4,0.03,1.5,single,0.1946,0.20191430583783437,0.35379991596084,0.050585617732253056,0.022629892226748365,0.2856251948861865,0.9316563248132734,0.041180052
saopaulo,46,EASE,kappa,4,0.03,0.0,double,0.1946,0.18217115833555902,0.36875812643813777,0.0680072205197095,0.029927678384747,0.23012160898035547,0.9707047405208686,0.007356954
saopaulo,46,EASE,kappa,4,0.03,0.05,double,0.1946,0.20740453241744755,0.3901503460985857,0.061878174719785066,0.027620093013912175,0.4028687246647958,0.9447118395388052,0.034635406
saopaulo,46,EASE,kappa,4,0.03,0.1,double,0.1946,0.20901112080238543,0.3753565360962989,0.0549934931363083,0.024880046247732712,0.42719052073589026,0.931963222164709,0.051534366
saopaulo,46,EASE,kappa,4,0.03,0.25,double,0.1946,0.21501546770393257,0.36021123628344237,0.04564599862866099,0.021172017994579823,0.38260056127221703,0.9170538249581475,0.096118964
saopaulo,46,EASE,kappa,4,0.03,0.5,double,0.1946,0.21303286657694528,0.32979059627766183,0.03292612960553013,0.015973112288942038,0.30526972248207046,0.9247740936857209,0.1894169
saopaulo,46,EASE,kappa,4,0.03,1.0,double,0.1946,0.20038450173545547,0.2539861968883218,0.022850985824832432,0.01119685025780271,0.23729342064234488,0.9429263184948409,0.32331765
saopaulo,46,EASE,kappa,4,0.03,1.5,double,0.1946,0.18399430676329595,0.21330544385061997,0.02083595706869289,0.009959520710164586,0.2164016214530714,0.9496370870849231,0.37854204
saopaulo,46,EASE,kappa,4,0.03,0.0,single,0.1946,0.18217115833555902,0.36875812643813777,0.0680072205197095,0.029927678384747,0.23012160898035547,0.9707047405208686,0.007356954
saopaulo,46,EASE,kappa,4,0.03,0.05,single,0.1946,0.20679160629803253,0.3872257669937927,0.06040888291843331,0.026978206115441827,0.41378235110695355,0.9429114338077071,0.036169767
saopaulo,46,EASE,kappa,4,0.03,0.1,single,0.1946,0.20809562298721707,0.36891075629109604,0.052726585785651314,0.024027077741502777,0.43062051761771125,0.927319702436634,0.05900256
saopaulo,46,EASE,kappa,4,0.03,0.25,single,0.1946,0.21523074393619074,0.35221625635524834,0.043127212683486564,0.020172869338440907,0.3816651075771749,0.9125652337350758,0.11355527
saopaulo,46,EASE,kappa,4,0.03,0.5,single,0.1946,0.21044869856888987,0.32071040028460257,0.03191861522746036,0.015438882779919269,0.3049579045837231,0.9233080992660321,0.20076405
saopaulo,46,EASE,kappa,4,0.03,1.0,single,0.1946,0.1995904952737177,0.2513660486906866,0.022641086996067896,0.011136198309685192,0.23729342064234488,0.9425764622424861,0.3268041
saopaulo,46,EASE,kappa,4,0.03,1.5,single,0.1946,0.18379313124303545,0.21250265844749588,0.020961896365951613,0.010006355553484112,0.21671343935141876,0.9494857897576623,0.3799232
saopaulo,46,AFM,kappa,4,0.03,0.0,double,0.1946,0.18632175511729415,0.3512200054225211,0.0482137609672138,0.020554225187592312,0.1378235110695354,0.9761779895990974,0.04344906
saopaulo,46,AFM,kappa,4,0.03,0.05,double,0.1946,0.1907638343433586,0.35696077835408535,0.04842365979597834,0.0205944299969008,0.13938260056127222,0.9758649608718344,0.04464338
saopaulo,46,AFM,kappa,4,0.03,0.1,double,0.1946,0.19503817340074678,0.3610947579150465,0.04861256874186642,0.02061035401300717,0.14000623635796694,0.9754683967304372,0.045753743
saopaulo,46,AFM,kappa,4,0.03,0.25,double,0.1946,0.20890198306451904,0.37503854925431396,0.04815079131858444,0.020273019704837626,0.14904895541004054,0.9737556707208752,0.04996852
saopaulo,46,AFM,kappa,4,0.03,0.5,double,0.1946,0.23900452243644144,0.40361773004811174,0.04739515553503212,0.019402141685778976,0.15933894605550358,0.9698228918581728,0.056867886
saopaulo,46,AFM,kappa,4,0.03,1.0,double,0.1946,0.23965379643365883,0.3871182985838483,0.042147684815918726,0.017529415661409725,0.18054256314312442,0.9611636521411833,0.06803241
saopaulo,46,AFM,kappa,4,0.03,1.5,double,0.1946,0.24122580655738596,0.380617793752455,0.039544939339238486,0.016554710367923036,0.19270346117867165,0.9575218138683159,0.071900845
saopaulo,46,AFM,kappa,4,0.03,0.0,single,0.1946,0.18632175511729415,0.3512200054225211,0.0482137609672138,0.020554225187592312,0.1378235110695354,0.9761779895990974,0.04344906
saopaulo,46,AFM,kappa,4,0.03,0.05,single,0.1946,0.19078201020711266,0.3569465459525904,0.04842365979597834,0.020594238182861376,0.1387589647645775,0.9758555308053398,0.044634987
saopaulo,46,AFM,kappa,4,0.03,0.1,single,0.1946,0.1949691574276462,0.36105126645325564,0.04873850803912514,0.020641610421464084,0.13719987527284067,0.975409241520143,0.04576634
saopaulo,46,AFM,kappa,4,0.03,0.25,single,0.1946,0.20929773162527548,0.3751715408539369,0.04806683178707863,0.02023383443283836,0.14780168381665107,0.9735968217481943,0.049901344
saopaulo,46,AFM,kappa,4,0.03,0.5,single,0.1946,0.24185305214960734,0.404083667153012,0.04705931740900886,0.019186206682225263,0.1602743997505457,0.9694420357675719,0.056848995
saopaulo,46,AFM,kappa,4,0.03,1.0,single,0.1946,0.24129515799273338,0.38306239544895254,0.040846312077578606,0.01684172208324499,0.18303710632990333,0.9603101892352806,0.06966332
saopaulo,46,AFM,kappa,4,0.03,1.5,single,0.1946,0.23959728263450794,0.3662063153354723,0.0378657487091222,0.015637350445894524,0.19519800436545057,0.9563842669367508,0.07554889
saopaulo,46,SASRec,kappa,4,0.03,0.0,double,0.1946,0.2828923566587982,0.41929100468984587,0.07508081104907435,0.03432903066114548,0.9884627377611475,0.5459634976053795,0.52620167
saopaulo,46,SASRec,kappa,4,0.03,0.05,double,0.1946,0.28449229283015487,0.4218994876331091,0.07518576046345661,0.03444752757424296,0.9893981914561896,0.5456774238932829,0.5258448
saopaulo,46,SASRec,kappa,4,0.03,0.1,double,0.1946,0.2851468847557112,0.4233742314451419,0.07543763905797406,0.034492139906959846,0.9897100093545369,0.5452488454353588,0.5259183
saopaulo,46,SASRec,kappa,4,0.03,0.25,double,0.1946,0.28685106570023755,0.4248665042116951,0.07447210444565719,0.03419863404281522,0.9909572809479265,0.5432362828431943,0.52558035
saopaulo,46,SASRec,kappa,4,0.03,0.5,double,0.1946,0.2821084793774444,0.41613778599453116,0.07256202510389992,0.03338117895124279,0.9918927346429685,0.5400118087889869,0.52463794
saopaulo,46,SASRec,kappa,4,0.03,1.0,double,0.1946,0.26707584645547616,0.39128919464746054,0.06647495906972839,0.03041246845290807,0.9909572809479265,0.5390907135613767,0.5284854
saopaulo,46,SASRec,kappa,4,0.03,1.5,double,0.1946,0.25635911101103837,0.3749413962341621,0.06225599261156123,0.02829160766476975,0.9900218272528843,0.5414800992021003,0.53301495
saopaulo,46,SASRec,kappa,4,0.03,0.0,single,0.1946,0.2828923566587982,0.41929100468984587,0.07508081104907435,0.03432903066114548,0.9884627377611475,0.5459634976053795,0.52620167
saopaulo,46,SASRec,kappa,4,0.03,0.05,single,0.1946,0.28430982583694975,0.4221960099896669,0.07522774022920953,0.03448776026010908,0.9897100093545369,0.545931170436841,0.5255279
saopaulo,46,SASRec,kappa,4,0.03,0.1,single,0.1946,0.285682410473533,0.42405485937218285,0.07535367952646824,0.03447895541263278,0.9897100093545369,0.545647729132257,0.52525926
saopaulo,46,SASRec,kappa,4,0.03,0.25,single,0.1946,0.2865601182882573,0.4251592398395436,0.0745140842114101,0.034155133613957646,0.9912690988462738,0.5443180819024835,0.52401453
saopaulo,46,SASRec,kappa,4,0.03,0.5,single,0.1946,0.28169075840746827,0.415551642223674,0.07218420721212376,0.03314767122124595,0.9912690988462738,0.5420225112861363,0.5226649
saopaulo,46,SASRec,kappa,4,0.03,1.0,single,0.1946,0.26208314173390806,0.38352021255940033,0.06487972797111792,0.029292368329576976,0.9900218272528843,0.542995196988578,0.5261366
saopaulo,46,SASRec,kappa,4,0.03,1.5,single,0.1946,0.25124874653350854,0.3654486832420636,0.05944334830611645,0.026819916591499265,0.9893981914561896,0.5464244542830075,0.53156453
saopaulo,46,B_blind,keps,3,0.01,0.25,double,0.027,0.1988144954808567,0.38374149315741485,0.06532051551152344,0.02822385190002962,0.20860617399438727,0.9583712987103545,0.013179547
saopaulo,46,EASE,keps,3,0.01,0.25,double,0.027,0.2090896877331124,0.3529681996583989,0.04656955347522495,0.02156111369339508,0.2762706579357655,0.9476745284544599,0.1195059
saopaulo,46,AFM,keps,3,0.01,0.25,double,0.027,0.22429962692836597,0.38745146193356417,0.04840266991310189,0.019927774191553657,0.1431244153414406,0.9739036497224052,0.053249232
saopaulo,46,SASRec,keps,3,0.01,0.25,double,0.027,0.2818224248999023,0.41533785664936756,0.07430418538264556,0.03399141938644465,0.9903336451512317,0.5389017496373107,0.5329646
saopaulo,46,B_blind,keps,3,0.03,0.25,double,0.0849,0.1993343904296992,0.38472901874350895,0.06544645480878217,0.028344902144700715,0.20860617399438727,0.9585498534327594,0.013026322
saopaulo,46,EASE,keps,3,0.03,0.25,double,0.0849,0.20997582213209004,0.35629859015772275,0.04799686551082379,0.022200959149804817,0.29747427502338636,0.9470422335947637,0.11134292
saopaulo,46,AFM,keps,3,0.03,0.25,double,0.0849,0.2242893480267088,0.38791755782316706,0.04806683178707863,0.01982978774096059,0.14281259744309324,0.9739955850167028,0.05330591
saopaulo,46,SASRec,keps,3,0.03,0.25,double,0.0849,0.28213228341907864,0.41512530707866,0.07457705386003946,0.03407950600693415,0.9903336451512317,0.5385365701814044,0.53378737
saopaulo,46,B_blind,keps,3,0.05,0.25,double,0.1407,0.1998198361268635,0.38539639215060667,0.06574031316905252,0.028516098551452814,0.20860617399438727,0.9587802106886818,0.012850008
saopaulo,46,EASE,keps,3,0.05,0.25,double,0.1407,0.21105471865249653,0.3586271890892602,0.04820676433958832,0.02219241664918265,0.2952915497349548,0.9473851141635605,0.119144864
saopaulo,46,AFM,keps,3,0.05,0.25,double,0.1407,0.2248123729499712,0.388642815647122,0.04806683178707863,0.019894044647705028,0.1412535079513564,0.9740891081331351,0.053679526
saopaulo,46,SASRec,keps,3,0.05,0.25,double,0.1407,0.28250235858543726,0.41486210150312297,0.07457705386003946,0.03408056163678134,0.9903336451512317,0.5381080781177596,0.53510565
saopaulo,46,B_blind,keps,3,0.1,0.25,double,0.2817,0.20032079792965693,0.38638622788815535,0.06603417152932287,0.028791152129637457,0.205799812909261,0.9593076281292285,0.01254985
saopaulo,46,EASE,keps,3,0.1,0.25,double,0.2817,0.2137805236061666,0.3679971702235689,0.04749310832178891,0.022160432642750996,0.27408793264733394,0.9477658642248186,0.12732042
saopaulo,46,AFM,keps,3,0.1,0.25,double,0.2817,0.224656042453058,0.389178897276128,0.048276730615843165,0.01999381958457104,0.14374805113813532,0.9742968654309745,0.05346753
saopaulo,46,SASRec,keps,3,0.1,0.25,double,0.2817,0.2832901243099951,0.41589511128787177,0.07461903362579236,0.03420846546517572,0.9893981914561896,0.5379455246630993,0.53652024
saopaulo,46,B_blind,keps,4,0.01,0.25,double,0.0464,0.20384484982178513,0.398180363555417,0.06666386801561647,0.029658712323209952,0.225444340505145,0.9582193324819308,0.01230427
saopaulo,46,EASE,keps,4,0.01,0.25,double,0.0464,0.20880870122239914,0.35228524220818297,0.05416789107650112,0.024938629911973993,0.3507951356407858,0.9442731935293249,0.051276185
saopaulo,46,AFM,keps,4,0.01,0.25,double,0.0464,0.21734292933215715,0.3903297231065405,0.0493891944082952,0.02060541333339683,0.14405986903648269,0.97385693790635,0.047498003
saopaulo,46,SASRec,keps,4,0.01,0.25,double,0.0464,0.28703184760826483,0.42907924455956903,0.07566852776961505,0.034843469155080964,0.9903336451512317,0.5432977392829303,0.52691954
saopaulo,46,B_blind,keps,4,0.05,0.25,double,0.2309,0.20115546211626362,0.3946864672721466,0.06616011082658159,0.02935609117175912,0.21297162457125038,0.9592086687182166,0.011855085
saopaulo,46,EASE,keps,4,0.05,0.25,double,0.2309,0.22001473219548723,0.37523911888107375,0.05038971215873948,0.02352596723074922,0.40848144683504833,0.9336425292962018,0.06374418
saopaulo,46,AFM,keps,4,0.05,0.25,double,0.2309,0.21538379898640816,0.38627466766352503,0.048864447336383864,0.020482500420939555,0.1406298721546617,0.9743702586803114,0.049089037
saopaulo,46,SASRec,keps,4,0.05,0.25,double,0.2309,0.2838483051648195,0.4227401348684872,0.07516477058058016,0.03442255653686898,0.9900218272528843,0.5421620746994522,0.530112
saopaulo,46,B_blind,keps,4,0.1,0.25,double,0.5108,0.20152969186461572,0.39605182144798595,0.06662188824986356,0.02992992290141129,0.20985344558777674,0.9600267296046374,0.011013393
saopaulo,46,EASE,keps,4,0.1,0.25,double,0.5108,0.22064543367751993,0.3749534260458227,0.0522368218518674,0.024007666325806986,0.359526036794512,0.9376517422250743,0.06553881
saopaulo,46,AFM,keps,4,0.1,0.25,double,0.5108,0.21077116649598251,0.3839666586166905,0.048927416985013225,0.02067352479523939,0.13938260056127222,0.9747131444851251,0.046952266
saopaulo,46,SASRec,keps,4,0.1,0.25,double,0.5108,0.2861832090286066,0.4254630877352443,0.07503883128332144,0.03459062822866242,0.9893981914561896,0.5436223291355793,0.52864283
saopaulo,46,B_blind,keps,5,0.01,0.25,double,0.0664,0.20627149612873255,0.4011670255669554,0.06637000965534612,0.029876389139338707,0.22482070470845025,0.9576752383274554,0.012518367
saopaulo,46,EASE,keps,5,0.01,0.25,double,0.0664,0.21296239186868574,0.3469337835405081,0.049843975203951695,0.02278218763614541,0.49984409105082633,0.9156245323991441,0.075284414
saopaulo,46,AFM,keps,5,0.01,0.25,double,0.0664,0.2127345060351086,0.3818687874469447,0.049179295579530664,0.02073643701082834,0.14780168381665107,0.9733773684975329,0.04899459
saopaulo,46,SASRec,keps,5,0.01,0.25,double,0.0664,0.29063479765388184,0.43020449162150054,0.07531169976071533,0.03450440957200792,0.9912690988462738,0.5439794307263637,0.5237291
saopaulo,46,B_blind,keps,5,0.03,0.25,double,0.2254,0.20632502617305196,0.40133678507251924,0.06657990848411066,0.030038960961056724,0.22419706891175553,0.9581869149921001,0.012008311
saopaulo,46,EASE,keps,5,0.03,0.25,double,0.2254,0.22297902293302724,0.3579535189032211,0.05160712536557379,0.023481307485300446,0.5113813532896788,0.913186928278493,0.07111162
saopaulo,46,AFM,keps,5,0.03,0.25,double,0.2254,0.21216166805383319,0.38140251206015624,0.04936820452541875,0.020839836790515723,0.14873713751169318,0.9734916563481135,0.049817387
saopaulo,46,SASRec,keps,5,0.03,0.25,double,0.2254,0.29155759215092003,0.4306168984085917,0.0754166491750976,0.034688701374628365,0.9903336451512317,0.5434735843665728,0.5246127
saopaulo,46,B_blind,keps,5,0.05,0.25,double,0.3473,0.20291875989315997,0.39826841235587296,0.06649594895260484,0.02975106904955276,0.21671343935141876,0.9591674455569104,0.011519249
saopaulo,46,EASE,keps,5,0.05,0.25,double,0.3473,0.2247581264952399,0.3738664344567418,0.047744986916306346,0.022065174523425057,0.48518864982850013,0.9098963809266196,0.08529239
saopaulo,46,AFM,keps,5,0.05,0.25,double,0.3473,0.20767257366422714,0.3762887948717978,0.04844464967885479,0.020459031683660346,0.1474898659183037,0.9740681627564025,0.048408967
saopaulo,46,SASRec,keps,5,0.05,0.25,double,0.3473,0.2883325481364165,0.42805719091884725,0.0751018009319508,0.03460752523576841,0.9903336451512317,0.5448045248925284,0.5245854
saopaulo,46,B_blind,keps,5,0.1,0.25,double,0.6211,0.2009394263973654,0.39602013623385185,0.06628605012384031,0.02994773795967052,0.21265980667290302,0.960281379361116,0.010902146
saopaulo,46,EASE,keps,5,0.1,0.25,double,0.6211,0.22320933309417149,0.38230495149726695,0.053034437401172634,0.024568047151318922,0.47895229186155286,0.9222740723162268,0.069594055
saopaulo,46,AFM,keps,5,0.1,0.25,double,0.6211,0.2030977992835652,0.3731039535034092,0.04871751815624869,0.020683575562160526,0.1431244153414406,0.9747527929143391,0.046729777
saopaulo,46,SASRec,keps,5,0.1,0.25,double,0.6211,0.28744180083268756,0.42731917432764654,0.07539565929222115,0.03470618751040636,0.9897100093545369,0.5451642143846815,0.52498007
saopaulo,46,B_blind,keps,6,0.01,0.25,double,0.0715,0.20676420167766318,0.4018485162439839,0.06662188824986356,0.029962368412419355,0.22669161209853445,0.9578556374368246,0.012671593
saopaulo,46,EASE,keps,6,0.01,0.25,double,0.0715,0.2197503167898725,0.337105437668886,0.045645998628660985,0.021163090525669774,0.4583723105706268,0.9047037313047852,0.1286365
saopaulo,46,AFM,keps,6,0.01,0.25,double,0.0715,0.21432548975424787,0.37956777673754605,0.04873850803912514,0.020531619002020732,0.1493607733083879,0.9733541088013162,0.04927375
saopaulo,46,SASRec,keps,6,0.01,0.25,double,0.0715,0.29147101077709,0.4308082694479689,0.07516477058058016,0.03462708829522942,0.9903336451512317,0.5422071921483518,0.5250158
saopaulo,46,B_blind,keps,6,0.03,0.25,double,0.3233,0.20346918807953512,0.3988614473309226,0.06611813106082869,0.029783370405977116,0.21764889304646087,0.958977659578186,0.011924353
saopaulo,46,EASE,keps,6,0.03,0.25,double,0.3233,0.22377688704480572,0.3517834398272175,0.04136406252186446,0.019616354866716472,0.4661677580293109,0.9032240931339757,0.13457455
saopaulo,46,AFM,keps,6,0.03,0.25,double,0.3233,0.20951001400244823,0.3756663310267499,0.04869652827337224,0.020513351988799944,0.14624259432491424,0.973913102041972,0.0483418
saopaulo,46,SASRec,keps,6,0.03,0.25,double,0.3233,0.2902177915767466,0.4294896906066855,0.0754166491750976,0.03466119615003821,0.9900218272528843,0.5442128968673394,0.5240271
saopaulo,46,B_blind,keps,6,0.05,0.25,double,0.6252,0.20007288962427477,0.39398150885978767,0.06666386801561647,0.029900850912303514,0.21515434985968196,0.9599768225092493,0.011025985
saopaulo,46,EASE,keps,6,0.05,0.25,double,0.6252,0.21932080286301595,0.35825600634270865,0.05089346934777437,0.023249478667743764,0.4240723417524166,0.9183346856001562,0.08160866
saopaulo,46,AFM,keps,6,0.05,0.25,double,0.6252,0.20297781858396893,0.36922624869448306,0.0488014776877545,0.02068910453304922,0.14593077642656688,0.9744707574803013,0.04727761
saopaulo,46,SASRec,keps,6,0.05,0.25,double,0.6252,0.28812830685792906,0.42814970910157396,0.0754166491750976,0.03466717788693849,0.9890863735578422,0.5458315905578226,0.5226649
saopaulo,46,B_blind,keps,6,0.1,0.25,double,0.8676,0.19441334170655117,0.38572546585484085,0.06641198942109904,0.029860603404280765,0.20891799189273463,0.9612232641939549,0.009926115
saopaulo,46,EASE,keps,6,0.1,0.25,double,0.8676,0.22304319515087334,0.3850239611379334,0.05740033303947497,0.02609695664932279,0.4777050202681634,0.9358275767581428,0.038046263
saopaulo,46,AFM,keps,6,0.1,0.25,double,0.8676,0.19560007874986352,0.36223044632650303,0.0484866294446077,0.02066004782346904,0.1406298721546617,0.9751199830007473,0.04579783
saopaulo,46,SASRec,keps,6,0.1,0.25,double,0.8676,0.2855480466222982,0.4256033977442548,0.07520675034633306,0.03467318331328782,0.9890863735578422,0.546950882116354,0.5233429
yelp,42,B_blind,kappa,3,0.05,0.0,double,0.2306,0.09049300193053636,0.7478521705659756,0.05199608397693897,0.020338811351034318,0.292098345446111,0.9286131083023468,0.039946154
yelp,42,B_blind,kappa,3,0.05,0.05,double,0.2306,0.08975517587634729,0.7488331533532723,0.052077667790710325,0.020346381035911864,0.29364465749188184,0.928728030422163,0.039693248
yelp,42,B_blind,kappa,3,0.05,0.1,double,0.2306,0.08894580364807392,0.7495221451815179,0.05215925160448167,0.020394751511957476,0.29550023194680686,0.9288986617428692,0.039346512
yelp,42,B_blind,kappa,3,0.05,0.25,double,0.2306,0.08658009254346155,0.753653220935349,0.05224083541825302,0.020382583215684327,0.3002937992886965,0.9291482078785012,0.038389266
yelp,42,B_blind,kappa,3,0.05,0.5,double,0.2306,0.08640835195327988,0.7542234547089142,0.052376808441205264,0.02047080304203671,0.3084892531312819,0.9290023881126837,0.038234252
yelp,42,B_blind,kappa,3,0.05,1.0,double,0.2306,0.08907116716477803,0.7519143510656184,0.05229522462743392,0.020491912097128286,0.3265811040668007,0.9275162889668156,0.0404275
yelp,42,B_blind,kappa,3,0.05,1.5,double,0.2306,0.09530266349821143,0.7452867204304034,0.05175133253562493,0.020278526908756773,0.3423534869336632,0.9250661947036802,0.044124603
yelp,42,B_blind,kappa,3,0.05,0.0,single,0.2306,0.09049300193053636,0.7478521705659756,0.05199608397693897,0.020338811351034318,0.292098345446111,0.9286131083023468,0.039946154
yelp,42,B_blind,kappa,3,0.05,0.05,single,0.2306,0.09019495592679067,0.748534732917424,0.052077667790710325,0.020351240659667497,0.29441781351476726,0.9286465820137215,0.039815623
yelp,42,B_blind,kappa,3,0.05,0.1,single,0.2306,0.08983631881467538,0.7491113350064743,0.05218644620907212,0.020401491706496293,0.2981289624246173,0.9287839389464265,0.039438974
yelp,42,B_blind,kappa,3,0.05,0.25,single,0.2306,0.09004647432904306,0.7519976852498195,0.052376808441205264,0.02045507452080854,0.3055512602443173,0.9285916120754709,0.03908273
yelp,42,B_blind,kappa,3,0.05,0.5,single,0.2306,0.0927988048387563,0.7494207553928873,0.05251278146415751,0.020541597565748904,0.32302458636152775,0.9271380724447447,0.040661372
yelp,42,B_blind,kappa,3,0.05,1.0,single,0.2306,0.10508753719715289,0.735197782321093,0.05215925160448167,0.02025548251324565,0.3550332457089841,0.9217274045635904,0.04992793
yelp,42,B_blind,kappa,3,0.05,1.5,single,0.2306,0.11821656023344437,0.704136038584104,0.051017078211682804,0.019790168214965737,0.3811659192825112,0.9140664535885785,0.07110982
yelp,42,EASE,kappa,3,0.05,0.0,double,0.2306,0.08211954460070045,0.7622017996511549,0.05799702672323144,0.023263558714138922,0.2556053811659193,0.9732550281507681,0.0066762753
yelp,42,EASE,kappa,3,0.05,0.05,double,0.2306,0.08255486613590153,0.7566009332537179,0.05702708582617209,0.023072467329500756,0.279109324261636,0.9713817219053411,0.031326823
yelp,42,EASE,kappa,3,0.05,0.1,double,0.2306,0.08202219939352007,0.7318053207551857,0.05443000108778418,0.022141808585432982,0.25019328900572135,0.9717520188976725,0.08100321
yelp,42,EASE,kappa,3,0.05,0.25,double,0.2306,0.08097063874492326,0.6806001141354907,0.050645418615613336,0.020528809552440973,0.22962733879696923,0.9729225126095582,0.15451975
yelp,42,EASE,kappa,3,0.05,0.5,double,0.2306,0.07644819523953718,0.6359572004042613,0.048288552884441054,0.019471293592154056,0.21911241688572755,0.9741102200393799,0.20467068
yelp,42,EASE,kappa,3,0.05,1.0,double,0.2306,0.06881018491494392,0.6131473683542152,0.04725515791000399,0.019017697714345246,0.2130817999072213,0.9751726712314355,0.2288154
yelp,42,EASE,kappa,3,0.05,1.5,double,0.2306,0.06401252412227991,0.6107519967316982,0.04722796330541353,0.018979643544519108,0.21122622545229627,0.9755155183675144,0.23325221
yelp,42,EASE,kappa,3,0.05,0.0,single,0.2306,0.08211954460070045,0.7622017996511549,0.05799702672323144,0.023263558714138922,0.2556053811659193,0.9732550281507681,0.0066762753
yelp,42,EASE,kappa,3,0.05,0.05,single,0.2306,0.0839195975542842,0.7324312213082755,0.054606766017622106,0.02218957329289324,0.25019328900572135,0.971790400000969,0.08097737
yelp,42,EASE,kappa,3,0.05,0.1,single,0.2306,0.0812966473444369,0.6947846112606919,0.05149298379201567,0.020882125964600498,0.23318385650224216,0.9726348393607516,0.1370132
yelp,42,EASE,kappa,3,0.05,0.25,single,0.2306,0.07679052029199886,0.6359339394824259,0.04827948801624425,0.019468942261327726,0.21926704809030462,0.9740790763930127,0.20467068
yelp,42,EASE,kappa,3,0.05,0.5,single,0.2306,0.06884968902067978,0.6131885182853071,0.04725515791000399,0.01901715968706896,0.2130817999072213,0.9751549554204444,0.2288154
yelp,42,EASE,kappa,3,0.05,1.0,single,0.2306,0.06270711661367337,0.6101479995794963,0.04722796330541353,0.018975297859872776,0.21060770063398793,0.9756499909984893,0.23418634
yelp,42,EASE,kappa,3,0.05,1.5,single,0.2306,0.06027778602104403,0.609892657931587,0.04722796330541353,0.018968086582699297,0.20952528220194835,0.9757415018731941,0.23472069
yelp,42,AFM,kappa,3,0.05,0.0,double,0.2306,0.0793449161535373,0.7523365620734003,0.03844410602269843,0.014982372876038739,0.04855419823720427,0.992967567765868,0.005716306
yelp,42,AFM,kappa,3,0.05,0.05,double,0.2306,0.07892014785473925,0.7536057861135744,0.038539287138765005,0.014997390523814248,0.04855419823720427,0.992963793657685,0.0056700753
yelp,42,AFM,kappa,3,0.05,0.1,double,0.2306,0.07830406323983963,0.7544724042351355,0.03852568983646978,0.014994691680180524,0.048863460646358436,0.9929539456532794,0.005668715
yelp,42,AFM,kappa,3,0.05,0.25,double,0.2306,0.07737347612346855,0.7572106476493814,0.03847130062728888,0.014997239551543669,0.0501005102829751,0.9928915898168531,0.0058346023
yelp,42,AFM,kappa,3,0.05,0.5,double,0.2306,0.07652181948246535,0.7567900710332442,0.03849396279778092,0.0149897417520454,0.053038503169939695,0.992723013965874,0.006619167
yelp,42,AFM,kappa,3,0.05,1.0,double,0.2306,0.07857588175473654,0.744971527639861,0.03814043293810508,0.014873262170269512,0.05891448894386887,0.9921673289949691,0.009995378
yelp,42,AFM,kappa,3,0.05,1.5,double,0.2306,0.08582298576297652,0.7208526302446712,0.03785488958990536,0.014694883205373844,0.06386268749033555,0.9912742925782185,0.01522762
yelp,42,AFM,kappa,3,0.05,0.0,single,0.2306,0.0793449161535373,0.7523365620734003,0.03844410602269843,0.014982372876038739,0.04855419823720427,0.992967567765868,0.005716306
yelp,42,AFM,kappa,3,0.05,0.05,single,0.2306,0.07910109869528692,0.7533654762912331,0.038539287138765005,0.014995359008579382,0.048863460646358436,0.9929524503074636,0.005767976
yelp,42,AFM,kappa,3,0.05,0.1,single,0.2306,0.07883564803109298,0.7539937974829493,0.038552884441060226,0.014997008005984254,0.0501005102829751,0.9929274726497634,0.0058930703
yelp,42,AFM,kappa,3,0.05,0.25,single,0.2306,0.07890980168039288,0.7550024406715039,0.03860727365024113,0.015041809190360318,0.05288387196536261,0.992774945694473,0.006771456
yelp,42,AFM,kappa,3,0.05,0.5,single,0.2306,0.08152841144984688,0.7441726113883737,0.0384803654954857,0.014953777058345667,0.058759857739291786,0.9922656572336699,0.0099654645
yelp,42,AFM,kappa,3,0.05,1.0,single,0.2306,0.09755761401693684,0.6906782935134742,0.03766452735777222,0.014602777341115493,0.06757383640018556,0.9902584489940149,0.022802675
yelp,42,AFM,kappa,3,0.05,1.5,single,0.2306,0.10884485764531152,0.6566448761677881,0.03604644838464049,0.01404272961324295,0.07236740374207515,0.9881387298586464,0.045187917
yelp,42,SASRec,kappa,3,0.05,0.0,double,0.2306,0.13029766339559384,0.7159151821459804,0.07266851589977881,0.028860897366466572,0.8016081645276016,0.7908999439388293,0.40576935
yelp,42,SASRec,kappa,3,0.05,0.05,double,0.2306,0.13027745578514371,0.7286527619374913,0.07284074839551832,0.028929750140691556,0.8029998453687954,0.7914943909982133,0.40382355
yelp,42,SASRec,kappa,3,0.05,0.1,double,0.2306,0.12941006056652415,0.7294147557077144,0.0730447079299467,0.02900802021975672,0.8051646822328746,0.7918917682154778,0.40214562
yelp,42,SASRec,kappa,3,0.05,0.25,double,0.2306,0.12807735558810307,0.7292470063360534,0.0736565865332318,0.02928683350730312,0.8084119375289933,0.7922286121015931,0.39891765
yelp,42,SASRec,kappa,3,0.05,0.5,double,0.2306,0.12639138158726915,0.7263571494617739,0.07391040284274265,0.029345197792986347,0.8142879233029225,0.7905714169676605,0.39729276
yelp,42,SASRec,kappa,3,0.05,1.0,double,0.2306,0.12824524401526513,0.7147277797693838,0.07272290510895972,0.029088245383222473,0.822638008350085,0.7844274463844936,0.40202326
yelp,42,SASRec,kappa,3,0.05,1.5,double,0.2306,0.13131515109974368,0.7003168992781902,0.0715535371115704,0.028720908353432748,0.8328436678521726,0.7774737935599578,0.41125044
yelp,42,SASRec,kappa,3,0.05,0.0,single,0.2306,0.13029766339559384,0.7159151821459804,0.07266851589977881,0.028860897366466572,0.8016081645276016,0.7908999439388293,0.40576935
yelp,42,SASRec,kappa,3,0.05,0.05,single,0.2306,0.13103620317283832,0.7278487633094284,0.07284074839551832,0.02893318557472813,0.8047007886191433,0.7910018368700169,0.40447488
yelp,42,SASRec,kappa,3,0.05,0.1,single,0.2306,0.1319146288376143,0.7275055818209483,0.07308549983683238,0.02903718374901933,0.807793412710685,0.7908356129507443,0.40364134
yelp,42,SASRec,kappa,3,0.05,0.25,single,0.2306,0.13147772612339736,0.724081656144949,0.07337104318503208,0.02919569702477813,0.8144425545074996,0.7891279402237108,0.40276706
yelp,42,SASRec,kappa,3,0.05,0.5,single,0.2306,0.13384431118351564,0.7147758847355268,0.07310816200732441,0.02913876632572957,0.8221741147363538,0.783117941440004,0.40693465
yelp,42,SASRec,kappa,3,0.05,1.0,single,0.2306,0.13717597356455008,0.6863813447375304,0.0708328800899235,0.028445673256885372,0.837482603989485,0.7697319311721758,0.4251251
yelp,42,SASRec,kappa,3,0.05,1.5,single,0.2306,0.1393975294821731,0.6593251401493057,0.06833097646760217,0.027512411247530007,0.8404205968764497,0.7627432912083709,0.4452532
yelp,42,B_blind,keps,3,0.01,0.25,double,0.0001,0.09618952661198814,0.7478812544344017,0.052349613836614815,0.020463722516996123,0.3247255296118757,0.9271428650364952,0.040965956
yelp,42,EASE,keps,3,0.01,0.25,double,0.0001,0.06474694786197346,0.6158719192267527,0.04909532615395772,0.019470830981112384,0.2724601824648214,0.9683639000072177,0.17497416
yelp,42,AFM,keps,3,0.01,0.25,double,0.0001,0.08439564594755805,0.7432265079980794,0.038539287138765005,0.014991264662144892,0.061079325807948046,0.9922265482215973,0.010494398
yelp,42,SASRec,keps,3,0.01,0.25,double,0.0001,0.13803138493906636,0.7136145546445006,0.07266398346568041,0.029100769111219855,0.8249574764187413,0.782893577331607,0.41105598
yelp,42,B_blind,keps,3,0.03,0.25,double,0.1166,0.0926280584863616,0.749616912669382,0.052349613836614815,0.02046191740160952,0.3180763878150611,0.927908588063699,0.039997827
yelp,42,EASE,keps,3,0.03,0.25,double,0.1166,0.07521961600559594,0.6297711458057214,0.04857862866673919,0.01950114942850155,0.25978042368950055,0.9719051017717393,0.19942893
yelp,42,AFM,keps,3,0.03,0.25,double,0.1166,0.08111584787043906,0.7507021693571893,0.038675260161717254,0.015042458515369722,0.058605226534714706,0.9925261236829961,0.008299794
yelp,42,SASRec,keps,3,0.03,0.25,double,0.1166,0.13441263671795384,0.7195676005256885,0.0732078755574894,0.029179995733274046,0.818772228235658,0.786441998891493,0.40635535
yelp,42,B_blind,keps,3,0.1,0.25,double,1.0,0.09049300193053636,0.7478521705659756,0.05199608397693897,0.020338811351034318,0.292098345446111,0.9286131083023468,0.039946154
yelp,42,EASE,keps,3,0.1,0.25,double,1.0,0.08211954460070045,0.7622017996511549,0.05799702672323144,0.023263558714138922,0.2556053811659193,0.9732549827353159,0.006677635
yelp,42,AFM,keps,3,0.1,0.25,double,1.0,0.0793449161535373,0.7523365620734003,0.03844410602269843,0.014982372876038739,0.04855419823720427,0.992967567765868,0.005716306
yelp,42,SASRec,keps,3,0.1,0.25,double,1.0,0.1313385625147342,0.7320615311292292,0.07266851589977881,0.028860897366466572,0.8016081645276016,0.7908999771593916,0.40576935
yelp,42,B_blind,keps,4,0.01,0.25,double,0.0164,0.09513193614148054,0.7492019399627236,0.05243119765038616,0.02048692379816552,0.323488479975259,0.9274296854840323,0.040498205
yelp,42,EASE,keps,4,0.01,0.25,double,0.0164,0.06552209552395405,0.620794503672748,0.04923129917690997,0.019541598934838048,0.3199319622699861,0.9649662215845818,0.16943735
yelp,42,AFM,keps,4,0.01,0.25,double,0.0164,0.08335104045468524,0.748091612472693,0.03852568983646978,0.014992111372207101,0.06061543219421679,0.9922899330544275,0.009966822
yelp,42,SASRec,keps,4,0.01,0.25,double,0.0164,0.13731113507173487,0.716637305478141,0.07308549983683238,0.029218995369350208,0.822483377145508,0.7840413254711673,0.40914825
yelp,42,B_blind,keps,4,0.03,0.25,double,0.1553,0.09094075390686436,0.7524229373356307,0.052485586859567064,0.020459932892627902,0.3173032317921757,0.9283672256798614,0.0392255
yelp,42,EASE,keps,4,0.03,0.25,double,0.1553,0.07523615919184255,0.6516572501642423,0.0499111642916712,0.020025620850343182,0.2837482603989485,0.9692650199539519,0.16399297
yelp,42,AFM,keps,4,0.03,0.25,double,0.1553,0.08072766815772922,0.7534724794350969,0.03858007904565068,0.015032998690075594,0.05829596412556054,0.9925552921777048,0.008074078
yelp,42,SASRec,keps,4,0.03,0.25,double,0.1553,0.13260438266370156,0.7238914504994782,0.07313988904601328,0.02921432531972511,0.8162981289624246,0.7881151600799656,0.4035421
yelp,42,B_blind,keps,4,0.05,0.25,double,0.2306,0.08547538595104888,0.7541503303082185,0.05218644620907212,0.020369344559613423,0.29735580640173187,0.9293340424423548,0.038265526
yelp,42,EASE,keps,4,0.05,0.25,double,0.2306,0.08070351300792773,0.7263917337522566,0.054180717212371735,0.0220283506226788,0.24849234575537343,0.9718568390229616,0.08955591
yelp,42,AFM,keps,4,0.05,0.25,double,0.2306,0.07661278010605775,0.757878694802349,0.038416911418107984,0.014985959393496088,0.049018091850935516,0.9929327231806575,0.0055041877
yelp,42,SASRec,keps,4,0.05,0.25,double,0.2306,0.12511372168932264,0.7320992382333598,0.07373817034700315,0.029280291354650788,0.8045461574145663,0.7939575388397573,0.39683998
yelp,42,B_blind,keps,4,0.1,0.25,double,1.0,0.09049300193053636,0.7478521705659756,0.05199608397693897,0.020338811351034318,0.292098345446111,0.9286131083023468,0.039946154
yelp,42,EASE,keps,4,0.1,0.25,double,1.0,0.08211954460070045,0.7622017996511549,0.05799702672323144,0.023263558714138922,0.2556053811659193,0.9732549289095946,0.0066762753
yelp,42,AFM,keps,4,0.1,0.25,double,1.0,0.0793449161535373,0.7523365620734003,0.03844410602269843,0.014982372876038739,0.04855419823720427,0.992967567765868,0.005716306
yelp,42,SASRec,keps,4,0.1,0.25,double,1.0,0.1313385625147342,0.7320615311292292,0.07266851589977881,0.028860897366466572,0.8016081645276016,0.7908999771593916,0.40576935
yelp,42,B_blind,keps,5,0.01,0.25,double,0.0227,0.09638903042702825,0.7485222872604994,0.05243119765038616,0.020506801559282393,0.32271532395237357,0.9273890823876842,0.04082046
yelp,42,EASE,keps,5,0.01,0.25,double,0.0227,0.06576164159491031,0.6205163775902488,0.04927209108379565,0.019543440372871673,0.3199319622699861,0.9649420084203277,0.16943598
yelp,42,AFM,keps,5,0.01,0.25,double,0.0227,0.08393938867993787,0.7470704235706501,0.038552884441060226,0.014993966053217315,0.06077006339879388,0.9923035539054759,0.010004895
yelp,42,SASRec,keps,5,0.01,0.25,double,0.0227,0.13876232116354698,0.7159386586581427,0.07273196997715653,0.02911893834341313,0.8221741147363538,0.7837449126914002,0.41085878
yelp,42,B_blind,keps,5,0.03,0.25,double,0.5296,0.09344409380743142,0.7498257937281538,0.05232241923202437,0.020439618315310513,0.3162208133601361,0.9281405285628628,0.039910804
yelp,42,EASE,keps,5,0.03,0.25,double,0.5296,0.07612856617451097,0.6516093318405887,0.04991569672576961,0.02001384869008169,0.2839028916035256,0.969226121619116,0.16397667
yelp,42,AFM,keps,5,0.03,0.25,double,0.5296,0.08185599613645839,0.7509781824706524,0.03860727365024113,0.015049706035033307,0.058605226534714706,0.9925700168765503,0.00821685
yelp,42,SASRec,keps,5,0.03,0.25,double,0.5296,0.13542993888730287,0.7221574224446018,0.07266398346568041,0.02903413243265725,0.8162981289624246,0.7871091821617322,0.4070339
yelp,42,B_blind,keps,5,0.05,0.25,double,1.0,0.09004913831086694,0.7488192351947361,0.05213205699989122,0.020362226741893988,0.2951909695376527,0.9286771377822904,0.03967149
yelp,42,EASE,keps,5,0.05,0.25,double,1.0,0.08328604602894574,0.7271948571193475,0.05429402806483194,0.022046440309793563,0.24818308334621927,0.971919998040071,0.08951104
yelp,42,AFM,keps,5,0.05,0.25,double,1.0,0.07884429384592422,0.7534313061248927,0.038539287138765005,0.014989786323321647,0.04948198546466677,0.9929493784567363,0.0057720547
yelp,42,SASRec,keps,5,0.05,0.25,double,1.0,0.13084840920548985,0.7280675782744189,0.07281355379092788,0.0289235177711621,0.8053193134374517,0.7911133128821384,0.4040153
yelp,42,B_blind,keps,5,0.1,0.25,double,1.0,0.09049300193053636,0.7478521705659756,0.05199608397693897,0.020338811351034318,0.292098345446111,0.9286131083023468,0.039946154
yelp,42,EASE,keps,5,0.1,0.25,double,1.0,0.08211954460070045,0.7622017996511549,0.05799702672323144,0.023263558714138922,0.2556053811659193,0.9732550231046067,0.006677635
yelp,42,AFM,keps,5,0.1,0.25,double,1.0,0.0793449161535373,0.7523365620734003,0.03844410602269843,0.014982372876038739,0.04855419823720427,0.992967567765868,0.005716306
yelp,42,SASRec,keps,5,0.1,0.25,double,1.0,0.1313385625147342,0.7320615311292292,0.07266851589977881,0.028860897366466572,0.8016081645276016,0.7908999771593916,0.40576935
yelp,42,B_blind,keps,6,0.01,0.25,double,0.0271,0.09548800049301452,0.7486844365485054,0.052349613836614815,0.02049199277259432,0.32147827431575693,0.9275823617215961,0.04067225
yelp,42,EASE,keps,6,0.01,0.25,double,0.0271,0.06670551328176011,0.6256401518891218,0.04951684252510969,0.019648968972048302,0.3299829905674965,0.9649580745570678,0.16865414
yelp,42,AFM,keps,6,0.01,0.25,double,0.0271,0.0837499383841703,0.7478075657888393,0.03858007904565068,0.015011664799207696,0.059533013762177206,0.9923863454338657,0.009467802
yelp,42,SASRec,keps,6,0.01,0.25,double,0.0271,0.13820856875970605,0.7177146933010659,0.07281355379092788,0.029088779308398878,0.82078243389516,0.7848999878572538,0.4092747
yelp,42,B_blind,keps,6,0.03,0.25,double,0.5597,0.09191355179066904,0.750297894347353,0.05210486239530077,0.020397700313343956,0.3098809339724756,0.928445509304104,0.039449852
yelp,42,EASE,keps,6,0.03,0.25,double,0.5597,0.07600889260269698,0.6660378974845427,0.050867507886435334,0.020354644798905242,0.3120457708365548,0.9675928267874332,0.14068177
yelp,42,AFM,keps,6,0.03,0.25,double,0.5597,0.07990245851333133,0.7533524675723516,0.03858007904565068,0.015037044011467809,0.056285758466058454,0.9927122118164582,0.0071984115
yelp,42,SASRec,keps,6,0.03,0.25,double,0.5597,0.13361881451017082,0.7241986946218433,0.07308549983683238,0.029114436359835783,0.8138240296891913,0.7884858725395822,0.40517378
yelp,42,B_blind,keps,6,0.05,0.25,double,1.0,0.08955075147528799,0.7489797059663051,0.05210486239530077,0.020354848873266024,0.2941085511056131,0.928748790329994,0.039583106
yelp,42,EASE,keps,6,0.05,0.25,double,1.0,0.08310007579064041,0.7516601991618591,0.05630642880452518,0.02282483308638184,0.2659656718725839,0.9714196236233084,0.0451716
yelp,42,AFM,keps,6,0.05,0.25,double,1.0,0.07869275290838408,0.7536578787953694,0.038539287138765005,0.014994985012383322,0.04855419823720427,0.9929608239917254,0.0056714346
yelp,42,SASRec,keps,6,0.05,0.25,double,1.0,0.13011316358206765,0.7289138346567327,0.07286794300010878,0.028945961073933463,0.8037730013916808,0.791591524137699,0.40337482
yelp,42,B_blind,keps,6,0.1,0.25,double,1.0,0.09049300193053636,0.7478521705659756,0.05199608397693897,0.020338811351034318,0.292098345446111,0.9286131083023468,0.039946154
yelp,42,EASE,keps,6,0.1,0.25,double,1.0,0.08211954460070045,0.7622017996511549,0.05799702672323144,0.023263558714138922,0.2556053811659193,0.9732550281507681,0.0066762753
yelp,42,AFM,keps,6,0.1,0.25,double,1.0,0.0793449161535373,0.7523365620734003,0.03844410602269843,0.014982372876038739,0.04855419823720427,0.992967567765868,0.005716306
yelp,42,SASRec,keps,6,0.1,0.25,double,1.0,0.1313385625147342,0.7320615311292292,0.07266851589977881,0.028860897366466572,0.8016081645276016,0.7908999771593916,0.40576935
yelp,43,B_blind,kappa,3,0.05,0.0,double,0.7694,0.09049300193053636,0.7478521705659756,0.05199608397693897,0.020338811351034318,0.292098345446111,0.9286131083023468,0.039946154
yelp,43,B_blind,kappa,3,0.05,0.05,double,0.7694,0.09201328072626602,0.7473354901058341,0.05210486239530077,0.02035839832245514,0.29673728158342355,0.928408731198066,0.040071253
yelp,43,B_blind,kappa,3,0.05,0.1,double,0.7694,0.09376064039434082,0.7464310011199728,0.05221364081366257,0.0204118712931347,0.2999845368795423,0.9281525800577284,0.040403023
yelp,43,B_blind,kappa,3,0.05,0.25,double,0.7694,0.10101067957433754,0.7418638908203106,0.052458392254976616,0.020518751226801298,0.31745786299675277,0.9266002996646103,0.04291581
yelp,43,B_blind,kappa,3,0.05,0.5,double,0.7694,0.11547567621890198,0.7267734839505885,0.05253997606874796,0.020340179862197764,0.3469924230709757,0.9219033957486864,0.051779892
yelp,43,B_blind,kappa,3,0.05,1.0,double,0.7694,0.13643888487957329,0.6616441073410453,0.04976612640052214,0.01924558220246237,0.3963197773310654,0.9069970653712207,0.10287991
yelp,43,B_blind,kappa,3,0.05,1.5,double,0.7694,0.13189078432810142,0.6285161559864405,0.047373001196562604,0.01842617780565511,0.41271068501623626,0.902525207636504,0.14683184
yelp,43,B_blind,kappa,3,0.05,0.0,single,0.7694,0.09049300193053636,0.7478521705659756,0.05199608397693897,0.020338811351034318,0.292098345446111,0.9286131083023468,0.039946154
yelp,43,B_blind,kappa,3,0.05,0.05,single,0.7694,0.09159689702933443,0.747508897308075,0.052077667790710325,0.020355425061323592,0.29673728158342355,0.9284628125914038,0.04002094
yelp,43,B_blind,kappa,3,0.05,0.1,single,0.7694,0.09324921445839851,0.7470460265542783,0.05224083541825302,0.020414427086017425,0.3002937992886965,0.9282210047442159,0.04029017
yelp,43,B_blind,kappa,3,0.05,0.25,single,0.7694,0.0994593061865271,0.7434900526951137,0.05267594909170021,0.0205766094460804,0.3183856502242152,0.926777156686893,0.042279452
yelp,43,B_blind,kappa,3,0.05,0.5,single,0.7694,0.11245329724689432,0.7304784171892673,0.052376808441205264,0.020289439460638097,0.34869336632132364,0.9218026184396728,0.05101028
yelp,43,B_blind,kappa,3,0.05,1.0,single,0.7694,0.1328007625038101,0.6638698768001399,0.04976612640052214,0.01926131072369054,0.3991031390134529,0.9065919671065636,0.10203143
yelp,43,B_blind,kappa,3,0.05,1.5,single,0.7694,0.12816503309339458,0.6300783442678438,0.047264222778200804,0.01841141697612527,0.41348384103912167,0.9026655502146796,0.14657076
yelp,43,EASE,kappa,3,0.05,0.0,double,0.7694,0.08211954460070045,0.7622017996511549,0.05799702672323144,0.023263558714138922,0.2556053811659193,0.9732550281507681,0.0066762753
yelp,43,EASE,kappa,3,0.05,0.05,double,0.7694,0.08796467323233105,0.6950631504938373,0.051955292070053304,0.020994954991928307,0.23813205504870882,0.9725616477338337,0.13696834
yelp,43,EASE,kappa,3,0.05,0.1,double,0.7694,0.08461677908591514,0.6495587391164603,0.049385401936255846,0.01988466502385343,0.22854492036492965,0.9735385526139109,0.19043429
yelp,43,EASE,kappa,3,0.05,0.25,double,0.7694,0.07177454709415948,0.6139683807305625,0.04735940389426738,0.019032898043357397,0.2175661048399567,0.9748939755241999,0.22877055
yelp,43,EASE,kappa,3,0.05,0.5,double,0.7694,0.0640686637571149,0.610364261704901,0.047150911925740606,0.018947804164665762,0.2130817999072213,0.9754149067407987,0.23418498
yelp,43,EASE,kappa,3,0.05,1.0,double,0.7694,0.06031445916088633,0.6098878052539635,0.047191703832626275,0.01895835504610791,0.2101438070202567,0.9756202262157132,0.23480092
yelp,43,EASE,kappa,3,0.05,1.5,double,0.7694,0.058465403805540044,0.6099656908087663,0.047173574096232636,0.018938339856652026,0.20967991340652545,0.97569031865853,0.23496547
yelp,43,EASE,kappa,3,0.05,0.0,single,0.7694,0.08211954460070045,0.7622017996511549,0.05799702672323144,0.023263558714138922,0.2556053811659193,0.9732550281507681,0.0066762753
yelp,43,EASE,kappa,3,0.05,0.05,single,0.7694,0.08558432442667321,0.6952213089274969,0.052077667790710325,0.021034404296618795,0.23581258698005259,0.972612333901604,0.13692348
yelp,43,EASE,kappa,3,0.05,0.1,single,0.7694,0.08222650016444297,0.649747942002745,0.04897748286739911,0.019780151399295398,0.22560692747796504,0.9736208504595145,0.1904982
yelp,43,EASE,kappa,3,0.05,0.25,single,0.7694,0.07017173205838545,0.61336363047962,0.047178106530331054,0.01899020401913824,0.21493737436214627,0.9749922369012627,0.22881402
yelp,43,EASE,kappa,3,0.05,0.5,single,0.7694,0.06308894577187091,0.6101658885887526,0.04721889843721673,0.01897240850177016,0.21138085665687337,0.9755291896801761,0.23418634
yelp,43,EASE,kappa,3,0.05,1.0,single,0.7694,0.05997213410842466,0.6099110661757989,0.047200768700823084,0.018960706376934238,0.20967991340652545,0.9757055534401862,0.23480092
yelp,43,EASE,kappa,3,0.05,1.5,single,0.7694,0.05835344282403085,0.6098490652938168,0.047200768700823084,0.018945251259293375,0.20952528220194835,0.975734413278025,0.23496547
yelp,43,AFM,kappa,3,0.05,0.0,double,0.7694,0.0793449161535373,0.7523365620734003,0.03844410602269843,0.014982372876038739,0.04855419823720427,0.992967567765868,0.005716306
yelp,43,AFM,kappa,3,0.05,0.05,double,0.7694,0.08014820614796639,0.7517669068972259,0.03852568983646978,0.014990487745483743,0.04994587907839802,0.9929232406024371,0.006090232
yelp,43,AFM,kappa,3,0.05,0.1,double,0.7694,0.08124246629002807,0.7509102895273764,0.038661662859422026,0.015030564807301484,0.05164682232874594,0.9928490578253255,0.0067021106
yelp,43,AFM,kappa,3,0.05,0.25,double,0.7694,0.08614790738764086,0.7379375923491772,0.03871605206860292,0.015009671426486144,0.058759857739291786,0.9923613353966303,0.01038562
yelp,43,AFM,kappa,3,0.05,0.5,double,0.7694,0.10445152719274453,0.6854164371339478,0.03819935458138439,0.014736212205797556,0.06726457399103139,0.9905175504566937,0.023062384
yelp,43,AFM,kappa,3,0.05,1.0,double,0.7694,0.11868094171209903,0.6304800835345032,0.0351127669603684,0.01365028224330726,0.07221277253749807,0.9875097514965696,0.06917084
yelp,43,AFM,kappa,3,0.05,1.5,double,0.7694,0.1046387249222438,0.6170465809278889,0.0338436854128141,0.013097141874190773,0.07020256687799598,0.9875611537987394,0.10286768
yelp,43,AFM,kappa,3,0.05,0.0,single,0.7694,0.0793449161535373,0.7523365620734003,0.03844410602269843,0.014982372876038739,0.04855419823720427,0.992967567765868,0.005716306
yelp,43,AFM,kappa,3,0.05,0.05,single,0.7694,0.07991303515669218,0.7521200509093197,0.038552884441060226,0.014997300658808792,0.0501005102829751,0.992924795240649,0.0060521597
yelp,43,AFM,kappa,3,0.05,0.1,single,0.7694,0.08096211461987614,0.7516771081571035,0.038675260161717254,0.0150309394828758,0.05164682232874594,0.992849754195593,0.0066422825
yelp,43,AFM,kappa,3,0.05,0.25,single,0.7694,0.08546979493054421,0.7397096712603347,0.038675260161717254,0.015006697034951576,0.058605226534714706,0.9923550091923399,0.010255086
yelp,43,AFM,kappa,3,0.05,0.5,single,0.7694,0.10289812590997471,0.6880917469002468,0.03811777076761304,0.014735359667506564,0.06726457399103139,0.9904734453243624,0.022925053
yelp,43,AFM,kappa,3,0.05,1.0,single,0.7694,0.11629295951417151,0.6322677138962436,0.03499945610790819,0.01359821480499234,0.07236740374207515,0.9873922242959516,0.06901854
yelp,43,AFM,kappa,3,0.05,1.5,single,0.7694,0.10185219021296316,0.6182573760601374,0.03370771238986185,0.01306144282194977,0.07020256687799598,0.9873989579777718,0.10282552
yelp,43,SASRec,kappa,3,0.05,0.0,double,0.7694,0.13029766339559384,0.7159151821459804,0.07266851589977881,0.028860897366466572,0.8016081645276016,0.7908999439388293,0.40576935
yelp,43,SASRec,kappa,3,0.05,0.05,double,0.7694,0.13474270445557238,0.7247174495761234,0.07289513760469923,0.028940573912076394,0.8073295190969537,0.7893910357231051,0.40787283
yelp,43,SASRec,kappa,3,0.05,0.1,double,0.7694,0.13702398069527363,0.7209729375910864,0.07258239965190906,0.028866830331734872,0.811504561620535,0.7877488777295087,0.4101694
yelp,43,SASRec,kappa,3,0.05,0.25,double,0.7694,0.14466534323581104,0.7084687314597611,0.07164418579353857,0.028632491974032663,0.82078243389516,0.7818864581398797,0.41958418
yelp,43,SASRec,kappa,3,0.05,0.5,double,0.7694,0.1514006343983769,0.6818932237982477,0.07013488523876862,0.028131534830709674,0.8342353486933664,0.7704912989796611,0.43993253
yelp,43,SASRec,kappa,3,0.05,1.0,double,0.7694,0.15382628041797602,0.6404565884086826,0.06662678124660068,0.026833979383989712,0.8404205968764497,0.7586989821101975,0.471413
yelp,43,SASRec,kappa,3,0.05,1.5,double,0.7694,0.14138817841506612,0.6295628595319358,0.06560245114036041,0.02627042891924502,0.829905674965208,0.7664281046226018,0.4807612
yelp,43,SASRec,kappa,3,0.05,0.0,single,0.7694,0.13029766339559384,0.7159151821459804,0.07266851589977881,0.028860897366466572,0.8016081645276016,0.7908999439388293,0.40576935
yelp,43,SASRec,kappa,3,0.05,0.05,single,0.7694,0.13434633754928166,0.7251397939202484,0.07284074839551832,0.028938870030238546,0.8073295190969537,0.7895873246717544,0.40722018
yelp,43,SASRec,kappa,3,0.05,0.1,single,0.7694,0.1362184145899204,0.7217727330935002,0.07262319155879474,0.028890309405487063,0.811504561620535,0.7881072561092235,0.40891984
yelp,43,SASRec,kappa,3,0.05,0.25,single,0.7694,0.14246990484909194,0.7102396588301011,0.07202491025780486,0.028774106957046776,0.8204731714860058,0.782149384172355,0.41683078
yelp,43,SASRec,kappa,3,0.05,0.5,single,0.7694,0.14786138526892878,0.6841539563868484,0.07067877733057762,0.028346693431184244,0.8362455543528684,0.7697817775745932,0.4355107
yelp,43,SASRec,kappa,3,0.05,1.0,single,0.7694,0.1487399358818478,0.6427320817255076,0.06716614090431124,0.026983480152197925,0.8404205968764497,0.7581672718724224,0.46593875
yelp,43,SASRec,kappa,3,0.05,1.5,single,0.7694,0.13558418866464356,0.6304545907213179,0.0657656187679031,0.026314358213741184,0.8266584196690893,0.7687477467838248,0.47539705
yelp,43,B_blind,keps,3,0.01,0.25,double,0.0063,0.09769402150006717,0.7465153332315686,0.05251278146415751,0.020545746805637616,0.31931343745167773,0.9268952641960673,0.0418321
yelp,43,EASE,keps,3,0.01,0.25,double,0.0063,0.06943156014409774,0.6128871312809725,0.04728688494869285,0.01901664979427626,0.2140095871346838,0.9750587045181698,0.22881402
yelp,43,AFM,keps,3,0.01,0.25,double,0.0063,0.08450474187302703,0.7413637921245905,0.03862087095253635,0.015007699177670796,0.058759857739291786,0.9923416839622445,0.010155826
yelp,43,SASRec,keps,3,0.01,0.25,double,0.0063,0.1403818418114559,0.7118017445987035,0.07221527248993799,0.028889208531584283,0.8209370650997371,0.782381150578952,0.41411945
yelp,43,B_blind,keps,3,0.03,0.25,double,0.3744,0.09894026711508651,0.7445978423263162,0.052349613836614815,0.020505554467203348,0.3190041750425236,0.9267836519375889,0.04219515
yelp,43,EASE,keps,3,0.03,0.25,double,0.3744,0.07008442105580988,0.6131173390398181,0.04725062547590558,0.019003036195981135,0.21540126797587753,0.974973506391325,0.22879909
yelp,43,AFM,keps,3,0.03,0.25,double,0.3744,0.08504472162650356,0.7398906840621887,0.03862087095253635,0.015022551841618298,0.058759857739291786,0.9923475816633329,0.010260525
yelp,43,SASRec,keps,3,0.03,0.25,double,0.3744,0.14175621194324517,0.7107663633638254,0.07209289676928098,0.028809072670453496,0.8212463275088913,0.7821468972558319,0.41590068
yelp,43,B_blind,keps,3,0.1,0.25,double,1.0,0.09049300193053636,0.7478521705659756,0.05199608397693897,0.020338811351034318,0.292098345446111,0.9286131083023468,0.039946154
yelp,43,EASE,keps,3,0.1,0.25,double,1.0,0.08211954460070045,0.7622017996511549,0.05799702672323144,0.023263558714138922,0.2556053811659193,0.9732549827353159,0.006677635
yelp,43,AFM,keps,3,0.1,0.25,double,1.0,0.0793449161535373,0.7523365620734003,0.03844410602269843,0.014982372876038739,0.04855419823720427,0.992967567765868,0.005716306
yelp,43,SASRec,keps,3,0.1,0.25,double,1.0,0.1313385625147342,0.7320615311292292,0.07266851589977881,0.028860897366466572,0.8016081645276016,0.7908999771593916,0.40576935
yelp,43,B_blind,keps,4,0.01,0.25,double,0.0064,0.09744662089753585,0.7472016017321776,0.052349613836614815,0.020483600278113,0.32395237358899026,0.9271117991851157,0.04128821
yelp,43,EASE,keps,4,0.01,0.25,double,0.0064,0.06498649393292974,0.6155937931442534,0.0491361180608434,0.019472672419146006,0.2729240760785526,0.968333941367743,0.1749728
yelp,43,AFM,keps,4,0.01,0.25,double,0.0064,0.0849839941728107,0.7422053190960366,0.03856648174335545,0.014993119343155102,0.061233957012525125,0.9922405778117156,0.01053247
yelp,43,SASRec,keps,4,0.01,0.25,double,0.0064,0.13948257103087847,0.7129159078245021,0.07231045360600456,0.029000712085282786,0.8244935828050101,0.7826584304174129,0.41276652
yelp,43,B_blind,keps,4,0.03,0.25,double,0.605,0.08908343244402861,0.7510560773278723,0.052077667790710325,0.02036226863836694,0.299520643265811,0.9288747214918418,0.03907457
yelp,43,EASE,keps,4,0.03,0.25,double,0.605,0.08186304572759168,0.6805521958118372,0.05064995104971174,0.020517037392179478,0.22978197000154632,0.972912367302146,0.15450343
yelp,43,AFM,keps,4,0.03,0.25,double,0.605,0.07850180410219773,0.7547163506849368,0.03849849523187933,0.015013946896501382,0.05040977269212927,0.9929049570982931,0.005977374
yelp,43,SASRec,keps,4,0.03,0.25,double,0.605,0.13090291181170438,0.7275129782811769,0.07318068095289894,0.029106640620235262,0.8082573063244163,0.7909009847096098,0.40240946
yelp,43,B_blind,keps,4,0.05,0.25,double,1.0,0.09115384490327963,0.7483221258218666,0.05218644620907212,0.020375465397964893,0.2979743312200402,0.9285375979642843,0.039795224
yelp,43,EASE,keps,4,0.05,0.25,double,1.0,0.08355317176594126,0.6814032375025816,0.050758729468073534,0.020546899239555733,0.23024586361527757,0.9729405055389106,0.15447485
yelp,43,AFM,keps,4,0.05,0.25,double,1.0,0.07960498986333503,0.7527632589719251,0.0385936763479459,0.015001066481369231,0.05040977269212927,0.9929110873433173,0.0061024693
yelp,43,SASRec,keps,4,0.05,0.25,double,1.0,0.1338120431042703,0.7252153463771126,0.07273196997715653,0.028930059923814432,0.8082573063244163,0.7897254124568296,0.40609297
yelp,43,B_blind,keps,4,0.1,0.25,double,1.0,0.09049300193053636,0.7478521705659756,0.05199608397693897,0.020338811351034318,0.292098345446111,0.9286131083023468,0.039946154
yelp,43,EASE,keps,4,0.1,0.25,double,1.0,0.08211954460070045,0.7622017996511549,0.05799702672323144,0.023263558714138922,0.2556053811659193,0.9732549289095946,0.0066762753
yelp,43,AFM,keps,4,0.1,0.25,double,1.0,0.0793449161535373,0.7523365620734003,0.03844410602269843,0.014982372876038739,0.04855419823720427,0.992967567765868,0.005716306
yelp,43,SASRec,keps,4,0.1,0.25,double,1.0,0.1313385625147342,0.7320615311292292,0.07266851589977881,0.028860897366466572,0.8016081645276016,0.7908999771593916,0.40576935
yelp,43,B_blind,keps,5,0.01,0.25,double,0.4297,0.09906805291697249,0.7440429264308953,0.05210486239530077,0.02041357603281604,0.32395237358899026,0.9268756640643221,0.041996628
yelp,43,EASE,keps,5,0.01,0.25,double,0.4297,0.06435509271496515,0.5918824529448771,0.04851517458936147,0.018993444964484407,0.27601670017009433,0.967896051044008,0.19068314
yelp,43,AFM,keps,5,0.01,0.25,double,0.4297,0.08599802363835628,0.7403453421578515,0.0386480655571268,0.015012517718653673,0.061233957012525125,0.9922496794047535,0.010717394
yelp,43,SASRec,keps,5,0.01,0.25,double,0.4297,0.14189717861626377,0.7110579229047103,0.07214728597846187,0.028878600449527603,0.8240296891912788,0.7821872711723517,0.4157416
yelp,43,B_blind,keps,5,0.03,0.25,double,0.9208,0.09093737728469493,0.7483205665091022,0.051968889372348524,0.020335118274488098,0.2989021184475027,0.9285245321909856,0.039865933
yelp,43,EASE,keps,5,0.03,0.25,double,0.9208,0.08427898093317944,0.68132545339519,0.05078592407266398,0.02057129391540965,0.23148291325189424,0.972910489709607,0.15446264
yelp,43,AFM,keps,5,0.03,0.25,double,0.9208,0.07965801405595042,0.7528986128973943,0.03862087095253635,0.015018314183959679,0.0501005102829751,0.9929089036169894,0.006128304
yelp,43,SASRec,keps,5,0.03,0.25,double,0.9208,0.13370585575100974,0.72515371927145,0.07279995648863266,0.028949487190794553,0.8079480439152621,0.7896122518678408,0.40617862
yelp,43,B_blind,keps,5,0.05,0.25,double,1.0,0.09183033578409347,0.7474177337523565,0.05218644620907212,0.020376208173095437,0.29735580640173187,0.9284186216743295,0.040054932
yelp,43,EASE,keps,5,0.05,0.25,double,1.0,0.08636645861009415,0.681264020075852,0.050989883607092355,0.020610844055168408,0.23302922529766507,0.9728933361250942,0.15440688
yelp,43,AFM,keps,5,0.05,0.25,double,1.0,0.08013834653582444,0.7519586165660195,0.0385936763479459,0.015007803014502621,0.05040977269212927,0.9929091525609497,0.006174535
yelp,43,SASRec,keps,5,0.05,0.25,double,1.0,0.13482654987337017,0.7240630682168075,0.07265038616338518,0.02890734017246843,0.8081026751198391,0.7891425526454661,0.40774637
yelp,43,B_blind,keps,5,0.1,0.25,double,1.0,0.09049300193053636,0.7478521705659756,0.05199608397693897,0.020338811351034318,0.292098345446111,0.9286131083023468,0.039946154
yelp,43,EASE,keps,5,0.1,0.25,double,1.0,0.08211954460070045,0.7622017996511549,0.05799702672323144,0.023263558714138922,0.2556053811659193,0.9732550231046067,0.006677635
yelp,43,AFM,keps,5,0.1,0.25,double,1.0,0.0793449161535373,0.7523365620734003,0.03844410602269843,0.014982372876038739,0.04855419823720427,0.992967567765868,0.005716306
yelp,43,SASRec,keps,5,0.1,0.25,double,1.0,0.1313385625147342,0.7320615311292292,0.07266851589977881,0.028860897366466572,0.8016081645276016,0.7908999771593916,0.40576935
yelp,43,B_blind,keps,6,0.01,0.25,double,0.4463,0.09794947754937006,0.7454054412348781,0.05218644620907212,0.02043537838310304,0.32286995515695066,0.9271436488735598,0.041522086
yelp,43,EASE,keps,6,0.01,0.25,double,0.4463,0.06354102092775846,0.5977069759304195,0.04875992603067551,0.019112697843954238,0.32178753672491106,0.9645432817754132,0.18487708
yelp,43,AFM,keps,6,0.01,0.25,double,0.4463,0.08494258384155753,0.7453178559140942,0.03863446825483158,0.015010429862698715,0.06077006339879388,0.9923141941572147,0.010163983
yelp,43,SASRec,keps,6,0.01,0.25,double,0.4463,0.14119500890163383,0.7141406353423863,0.07255520504731862,0.028992525135390978,0.8217102211226226,0.7831936990399728,0.41378087
yelp,43,B_blind,keps,6,0.03,0.25,double,0.9208,0.08983267069228226,0.7488176758819717,0.05191450016316763,0.020321879618417197,0.2961187567651152,0.9286627780891166,0.039742194
yelp,43,EASE,keps,6,0.03,0.25,double,0.9208,0.08401185519618391,0.7271170730119559,0.05432122266942239,0.02207083498564747,0.24849234575537343,0.9719015673562208,0.089498796
yelp,43,AFM,keps,6,0.03,0.25,double,0.9208,0.0788973180385396,0.753566660050362,0.03856648174335545,0.0150070340259121,0.0491727230555126,0.9929470769866431,0.00579789
yelp,43,SASRec,keps,6,0.03,0.25,double,0.9208,0.1307422218522293,0.728005951168756,0.072881540302404,0.028942945038142223,0.8050100510282975,0.7909901945347348,0.40410092
yelp,43,B_blind,keps,6,0.05,0.25,double,1.0,0.09072562919168078,0.747914843125226,0.05213205699989122,0.020362969517024536,0.29472707592392144,0.9285470250347299,0.039931197
yelp,43,EASE,keps,6,0.05,0.25,double,1.0,0.08609933287309862,0.7270556396926179,0.054525182203850754,0.02211038512540623,0.2488016081645276,0.9719058612190239,0.08944306
yelp,43,AFM,keps,6,0.05,0.25,double,1.0,0.07937765051841365,0.7526266637189871,0.038539287138765005,0.014996522856455037,0.04948198546466677,0.9929469285453965,0.005844121
yelp,43,SASRec,keps,6,0.05,0.25,double,1.0,0.1318629159745897,0.7269153001141136,0.07273196997715653,0.0289007980198161,0.8051646822328746,0.7904507119469266,0.4056687
yelp,43,B_blind,keps,6,0.1,0.25,double,1.0,0.09049300193053636,0.7478521705659756,0.05199608397693897,0.020338811351034318,0.292098345446111,0.9286131083023468,0.039946154
yelp,43,EASE,keps,6,0.1,0.25,double,1.0,0.08211954460070045,0.7622017996511549,0.05799702672323144,0.023263558714138922,0.2556053811659193,0.9732550281507681,0.0066762753
yelp,43,AFM,keps,6,0.1,0.25,double,1.0,0.0793449161535373,0.7523365620734003,0.03844410602269843,0.014982372876038739,0.04855419823720427,0.992967567765868,0.005716306
yelp,43,SASRec,keps,6,0.1,0.25,double,1.0,0.1313385625147342,0.7320615311292292,0.07266851589977881,0.028860897366466572,0.8016081645276016,0.7908999771593916,0.40576935
yelp,44,B_blind,kappa,3,0.05,0.0,double,0.2072,0.09049300193053636,0.7478521705659756,0.05199608397693897,0.020338811351034318,0.292098345446111,0.9286131083023468,0.039946154
yelp,44,B_blind,kappa,3,0.05,0.05,double,0.2072,0.09015641859882931,0.7485967589470424,0.052077667790710325,0.020351710076720625,0.29457244471934435,0.9286412965802116,0.03981426
yelp,44,B_blind,kappa,3,0.05,0.1,double,0.2072,0.08984874803080144,0.749259223134784,0.05215925160448167,0.02039065528471591,0.29843822483377147,0.9287744555271791,0.039436255
yelp,44,B_blind,kappa,3,0.05,0.25,double,0.2072,0.08986250132544343,0.7519522499850634,0.05232241923202437,0.020446013152368357,0.3111179836090923,0.928511851608004,0.03906777
yelp,44,B_blind,kappa,3,0.05,0.5,double,0.2072,0.09293277461578545,0.7486571277562187,0.05218644620907212,0.02045235556789883,0.33987938766042985,0.9265868386086717,0.04109377
yelp,44,B_blind,kappa,3,0.05,1.0,double,0.2072,0.10401884661093397,0.732218081528853,0.05161535951267269,0.02012045012425691,0.3912169475800216,0.919229822978473,0.053456433
yelp,44,B_blind,kappa,3,0.05,1.5,double,0.2072,0.11415810656104941,0.7064601809254322,0.051153051234635045,0.019765048435278276,0.4202876140405134,0.9125267541167552,0.07245867
yelp,44,B_blind,kappa,3,0.05,0.0,single,0.2072,0.09049300193053636,0.7478521705659756,0.05199608397693897,0.020338811351034318,0.292098345446111,0.9286131083023468,0.039946154
yelp,44,B_blind,kappa,3,0.05,0.05,single,0.2072,0.09085322729399813,0.7482685607674283,0.052077667790710325,0.020350334646695497,0.29627338796969227,0.9285632829256016,0.039880887
yelp,44,B_blind,kappa,3,0.05,0.1,single,0.2072,0.09170418166078914,0.7481999709513528,0.05232241923202437,0.02045288822161944,0.3015308489253131,0.9285184725922204,0.039725877
yelp,44,B_blind,kappa,3,0.05,0.25,single,0.2072,0.09510635494774716,0.7483295443543531,0.05232241923202437,0.020486547004041334,0.32008659347456314,0.9272502351553245,0.040897965
yelp,44,B_blind,kappa,3,0.05,0.5,single,0.2072,0.10631016120557321,0.7377178032261968,0.05221364081366257,0.020312839685108875,0.3519406216174424,0.9225472766867968,0.047770046
yelp,44,B_blind,kappa,3,0.05,1.0,single,0.2072,0.12662549906902537,0.6776296920618519,0.050065267051017076,0.019361964671031632,0.40668006803773,0.9079557788395987,0.092063256
yelp,44,B_blind,kappa,3,0.05,1.5,single,0.2072,0.12610548239655822,0.6355494346024593,0.04745458501033395,0.01845234590253819,0.43126642956548633,0.9018138940031268,0.13748911
yelp,44,EASE,kappa,3,0.05,0.0,double,0.2072,0.08211954460070045,0.7622017996511549,0.05799702672323144,0.023263558714138922,0.2556053811659193,0.9732550281507681,0.0066762753
yelp,44,EASE,kappa,3,0.05,0.05,double,0.2072,0.0840862865205686,0.7326414681826148,0.054661155226803,0.022183985006127824,0.27957321787536726,0.9709921738074252,0.0780118
yelp,44,EASE,kappa,3,0.05,0.1,double,0.2072,0.08154764284763982,0.6955600241766897,0.05160176221037746,0.02086056504303944,0.2582341116437297,0.9719276787181728,0.1329082
yelp,44,EASE,kappa,3,0.05,0.25,double,0.2072,0.07649582905665422,0.6389381935687528,0.0483066826208347,0.019507368164880086,0.23875057986701717,0.9735995863560611,0.20036848
yelp,44,EASE,kappa,3,0.05,0.5,double,0.2072,0.06938749347543152,0.614354282753226,0.04725515791000399,0.019033942944017182,0.23210143807020256,0.9748251542935322,0.22681795
yelp,44,EASE,kappa,3,0.05,1.0,double,0.2072,0.06282588562790595,0.610218681472106,0.047200768700823084,0.018980886790553063,0.22900881397866088,0.9754019809984775,0.23313525
yelp,44,EASE,kappa,3,0.05,1.5,double,0.2072,0.061855660510166964,0.6100019217370535,0.04722796330541353,0.018979062897740366,0.2279263955466213,0.9755314360630079,0.2338396
yelp,44,EASE,kappa,3,0.05,0.0,single,0.2072,0.08211954460070045,0.7622017996511549,0.05799702672323144,0.023263558714138922,0.2556053811659193,0.9732550281507681,0.0066762753
yelp,44,EASE,kappa,3,0.05,0.05,single,0.2072,0.08417923948653858,0.7004232134460465,0.05218644620907212,0.021082453782064064,0.2723055512602443,0.9717491030574339,0.12849043
yelp,44,EASE,kappa,3,0.05,0.1,single,0.2072,0.08152099061578563,0.6550462494965852,0.04909985858805613,0.019826660504572095,0.25204886346064637,0.9728591340844299,0.18254513
yelp,44,EASE,kappa,3,0.05,0.25,single,0.2072,0.06988169986780872,0.6146422807813557,0.04727328764639763,0.01903945261684357,0.23612184938920674,0.9745718155471257,0.22575328
yelp,44,EASE,kappa,3,0.05,0.5,single,0.2072,0.06287944057157055,0.6102695025413284,0.047200768700823084,0.01898034876327678,0.231019019638163,0.9752644970707118,0.23279397
yelp,44,EASE,kappa,3,0.05,1.0,single,0.2072,0.06011270214263436,0.6099226946274292,0.047200768700823084,0.01897184462208175,0.22854492036492965,0.9754967832319288,0.23384775
yelp,44,EASE,kappa,3,0.05,1.5,single,0.2072,0.05840356970339752,0.60988849137614,0.04722796330541353,0.018962544637944605,0.22761713313746715,0.9755423874946971,0.23406126
yelp,44,AFM,kappa,3,0.05,0.0,double,0.2072,0.0793449161535373,0.7523365620734003,0.03844410602269843,0.014982372876038739,0.04855419823720427,0.992967567765868,0.005716306
yelp,44,AFM,kappa,3,0.05,0.05,double,0.2072,0.07911659304440527,0.7533689708565708,0.038539287138765005,0.014998978954888019,0.04932735426008968,0.9929513813622823,0.0057584574
yelp,44,AFM,kappa,3,0.05,0.1,double,0.2072,0.07885351626726392,0.754069142190342,0.038552884441060226,0.014992180774386655,0.049791247873820936,0.9929243457117747,0.005879474
yelp,44,AFM,kappa,3,0.05,0.25,double,0.2072,0.07914913885308454,0.7546403527080372,0.03860727365024113,0.015021258713450225,0.054739446420287614,0.992714530948116,0.006963178
yelp,44,AFM,kappa,3,0.05,0.5,double,0.2072,0.08246988779077206,0.7440577885896503,0.038317197867943,0.014874646267821423,0.06726457399103139,0.9919640082204659,0.0110070165
yelp,44,AFM,kappa,3,0.05,1.0,double,0.2072,0.09583268974858579,0.6959915282625478,0.03752855433481997,0.014521127445345628,0.07839802072058141,0.989931181040105,0.023970684
yelp,44,AFM,kappa,3,0.05,1.5,double,0.2072,0.10460554356944272,0.6612502118866646,0.03631839443054498,0.01411209289655668,0.08009896397092933,0.9880914893780575,0.041605026
yelp,44,AFM,kappa,3,0.05,0.0,single,0.2072,0.0793449161535373,0.7523365620734003,0.03844410602269843,0.014982372876038739,0.04855419823720427,0.992967567765868,0.005716306
yelp,44,AFM,kappa,3,0.05,0.05,single,0.2072,0.07954026376882582,0.7530684962454268,0.03856648174335545,0.01500056041911384,0.049636616669243856,0.9929315255583615,0.005935222
yelp,44,AFM,kappa,3,0.05,0.1,single,0.2072,0.07989134641505283,0.7531484506781366,0.03860727365024113,0.015014363530084032,0.051492191124168855,0.992863274123414,0.006407049
yelp,44,AFM,kappa,3,0.05,0.25,single,0.2072,0.08296890258209591,0.746585014248972,0.03862087095253635,0.015037773686038793,0.05798670171640637,0.9923958864634552,0.00947324
yelp,44,AFM,kappa,3,0.05,0.5,single,0.2072,0.09804940510459004,0.7025747485098539,0.03822201675187643,0.014716280972356253,0.0700479356734189,0.9906420989703291,0.020084575
yelp,44,AFM,kappa,3,0.05,1.0,single,0.2072,0.11497606144191541,0.6402043135624536,0.035271402153812685,0.013740901927152988,0.07901654553888975,0.9871785155777777,0.060675245
yelp,44,AFM,kappa,3,0.05,1.5,single,0.2072,0.10405287056882111,0.6204363005393628,0.03362612857609051,0.013147626309429988,0.077624864697696,0.986759324225472,0.092382796
yelp,44,SASRec,kappa,3,0.05,0.0,double,0.2072,0.13029766339559384,0.7159151821459804,0.07266851589977881,0.028860897366466572,0.8016081645276016,0.7908999439388293,0.40576935
yelp,44,SASRec,kappa,3,0.05,0.05,double,0.2072,0.13108851104220925,0.7277267270584916,0.07284074839551832,0.028926671687870154,0.8045461574145663,0.7909452576268061,0.40451023
yelp,44,SASRec,kappa,3,0.05,0.1,double,0.2072,0.13187930850995072,0.727374190950981,0.07301751332535625,0.029007250684655636,0.8082573063244163,0.7907470406240042,0.40366718
yelp,44,SASRec,kappa,3,0.05,0.25,double,0.2072,0.13144573828292583,0.7234103832316472,0.07328945937126075,0.029163833175099935,0.8153703417349621,0.7887091075693751,0.40309885
yelp,44,SASRec,kappa,3,0.05,0.5,double,0.2072,0.13397051072065416,0.7131937162111632,0.07310816200732441,0.029111498360939084,0.8237204267821246,0.7820911813267271,0.40742958
yelp,44,SASRec,kappa,3,0.05,1.0,double,0.2072,0.13679488423539335,0.6869734798949275,0.07069690706697125,0.02838001697016091,0.841039121694758,0.769245342027219,0.42388773
yelp,44,SASRec,kappa,3,0.05,1.5,double,0.2072,0.13686720150140325,0.6627969145256252,0.0690108415823634,0.02773864021659017,0.8433585897634143,0.7628568184850848,0.44173828
yelp,44,SASRec,kappa,3,0.05,0.0,single,0.2072,0.13029766339559384,0.7159151821459804,0.07266851589977881,0.028860897366466572,0.8016081645276016,0.7908999439388293,0.40576935
yelp,44,SASRec,kappa,3,0.05,0.05,single,0.2072,0.13353224423977544,0.7263267845223463,0.07289513760469923,0.02895770512763789,0.8067109942786455,0.790205130412069,0.4056687
yelp,44,SASRec,kappa,3,0.05,0.1,single,0.2072,0.1339340693180574,0.7241215292670652,0.07285434569781356,0.028981701314311638,0.8118138240296892,0.7890968638594951,0.40605488
yelp,44,SASRec,kappa,3,0.05,0.25,single,0.2072,0.13845274790597883,0.7144748424714178,0.07273196997715653,0.029035421062397017,0.820627802690583,0.7835583233059098,0.41058275
yelp,44,SASRec,kappa,3,0.05,0.5,single,0.2072,0.14278180949505873,0.691363338899171,0.07138130461583088,0.02855376760645904,0.8365548167620226,0.7710646724281831,0.42554528
yelp,44,SASRec,kappa,3,0.05,1.0,single,0.2072,0.14245462069068432,0.6470950450150987,0.067351970702346,0.02716956128718552,0.8419669089222205,0.7591979061760827,0.45645332
yelp,44,SASRec,kappa,3,0.05,1.5,single,0.2072,0.13326280451717676,0.631239716050419,0.06533956996265275,0.026326943960311433,0.8288232565331684,0.7691270028151358,0.46760577
yelp,44,B_blind,keps,3,0.01,0.25,double,0.0001,0.09618952661198814,0.7478812544344017,0.052349613836614815,0.020463722516996123,0.3247255296118757,0.9271428650364952,0.040965956
yelp,44,EASE,keps,3,0.01,0.25,double,0.0001,0.06474694786197346,0.6158719192267527,0.04909532615395772,0.019470830981112384,0.2724601824648214,0.9683639000072177,0.17497416
yelp,44,AFM,keps,3,0.01,0.25,double,0.0001,0.08439564594755805,0.7432265079980794,0.038539287138765005,0.014991264662144892,0.061079325807948046,0.9922265482215973,0.010494398
yelp,44,SASRec,keps,3,0.01,0.25,double,0.0001,0.13803138493906636,0.7136145546445006,0.07266398346568041,0.029100769111219855,0.8249574764187413,0.782893577331607,0.41105598
yelp,44,B_blind,keps,3,0.03,0.25,double,0.1499,0.09203162219321394,0.7515347310441184,0.05253997606874796,0.020513439778449334,0.3207051182928715,0.9279817847367782,0.039700046
yelp,44,EASE,keps,3,0.03,0.25,double,0.1499,0.07619141152596663,0.63476100393151,0.04844265564378694,0.019452805640328284,0.27709911860213393,0.970587678138537,0.1956475
yelp,44,AFM,keps,3,0.03,0.25,double,0.1499,0.08142746503409135,0.7516805211274924,0.03849849523187933,0.014979680401848196,0.058605226534714706,0.9924819874326698,0.008583977
yelp,44,SASRec,keps,3,0.03,0.25,double,0.1499,0.13442923823792066,0.7210263152385715,0.07333025127814642,0.02924104663790728,0.818926859440235,0.7864667267642058,0.40569317
yelp,44,B_blind,keps,3,0.1,0.25,double,1.0,0.09049300193053636,0.7478521705659756,0.05199608397693897,0.020338811351034318,0.292098345446111,0.9286131083023468,0.039946154
yelp,44,EASE,keps,3,0.1,0.25,double,1.0,0.08211954460070045,0.7622017996511549,0.05799702672323144,0.023263558714138922,0.2556053811659193,0.9732549827353159,0.006677635
yelp,44,AFM,keps,3,0.1,0.25,double,1.0,0.0793449161535373,0.7523365620734003,0.03844410602269843,0.014982372876038739,0.04855419823720427,0.992967567765868,0.005716306
yelp,44,SASRec,keps,3,0.1,0.25,double,1.0,0.1313385625147342,0.7320615311292292,0.07266851589977881,0.028860897366466572,0.8016081645276016,0.7908999771593916,0.40576935
yelp,44,B_blind,keps,4,0.01,0.25,double,0.0168,0.09512234708703049,0.7492151379624525,0.05243119765038616,0.020485498593853495,0.3236431111798361,0.9274345297989368,0.040499564
yelp,44,EASE,keps,4,0.01,0.25,double,0.0168,0.0655216214864731,0.620877748940133,0.049204104572319524,0.01953530669582032,0.319777331065409,0.9649828352298293,0.16938704
yelp,44,AFM,keps,4,0.01,0.25,double,0.0168,0.08336723808479558,0.7481749985706936,0.03852568983646978,0.014992111372207101,0.06061543219421679,0.9922913518667964,0.009949147
yelp,44,SASRec,keps,4,0.01,0.25,double,0.0168,0.1372933765331366,0.7166582326332489,0.07308549983683238,0.02921844542987916,0.822483377145508,0.7840618608248178,0.40911156
yelp,44,B_blind,keps,4,0.03,0.25,double,0.1621,0.08956600320266156,0.7519143696922984,0.05218644620907212,0.020435011830617734,0.31575691974640485,0.9284743607316739,0.039243173
yelp,44,EASE,keps,4,0.03,0.25,double,0.1621,0.07561924443476488,0.6507389205228564,0.0500743319192139,0.02006316064923836,0.30323179217566104,0.9688024211011226,0.16350621
yelp,44,AFM,keps,4,0.03,0.25,double,0.1621,0.07928866302518714,0.7549971221197618,0.03852568983646978,0.015030869039537013,0.0558218648523272,0.9926974425431874,0.0070841946
yelp,44,SASRec,keps,4,0.03,0.25,double,0.1621,0.13144326450809724,0.7249626819396598,0.07335744588273686,0.029236633460854894,0.8162981289624246,0.789191270389793,0.40245026
yelp,44,B_blind,keps,4,0.05,0.25,double,0.2306,0.08547538595104888,0.7541503303082185,0.05218644620907212,0.020369344559613423,0.29735580640173187,0.9293340424423548,0.038265526
yelp,44,EASE,keps,4,0.05,0.25,double,0.2306,0.08070351300792773,0.7263917337522566,0.054180717212371735,0.0220283506226788,0.24849234575537343,0.9718568390229616,0.08955591
yelp,44,AFM,keps,4,0.05,0.25,double,0.2306,0.07661278010605775,0.757878694802349,0.038416911418107984,0.014985959393496088,0.049018091850935516,0.9929327231806575,0.0055041877
yelp,44,SASRec,keps,4,0.05,0.25,double,0.2306,0.12511372168932264,0.7320992382333598,0.07373817034700315,0.029280291354650788,0.8045461574145663,0.7939575388397573,0.39683998
yelp,44,B_blind,keps,4,0.1,0.25,double,1.0,0.09049300193053636,0.7478521705659756,0.05199608397693897,0.020338811351034318,0.292098345446111,0.9286131083023468,0.039946154
yelp,44,EASE,keps,4,0.1,0.25,double,1.0,0.08211954460070045,0.7622017996511549,0.05799702672323144,0.023263558714138922,0.2556053811659193,0.9732549289095946,0.0066762753
yelp,44,AFM,keps,4,0.1,0.25,double,1.0,0.0793449161535373,0.7523365620734003,0.03844410602269843,0.014982372876038739,0.04855419823720427,0.992967567765868,0.005716306
yelp,44,SASRec,keps,4,0.1,0.25,double,1.0,0.1313385625147342,0.7320615311292292,0.07266851589977881,0.028860897366466572,0.8016081645276016,0.7908999771593916,0.40576935
yelp,44,B_blind,keps,5,0.01,0.25,double,0.0431,0.0964919521704236,0.7484305569820656,0.05240400304579571,0.02051248967549094,0.32286995515695066,0.9273872729183235,0.04084902
yelp,44,EASE,keps,5,0.01,0.25,double,0.0431,0.06578814425875378,0.6206326751611956,0.0492448964792052,0.019536720878445133,0.3199319622699861,0.9649502466992597,0.16938159
yelp,44,AFM,keps,5,0.01,0.25,double,0.0431,0.08401735580712177,0.7471179842322364,0.038552884441060226,0.015006143309898407,0.06077006339879388,0.9923055917136379,0.009989938
yelp,44,SASRec,keps,5,0.01,0.25,double,0.0431,0.13887577583227306,0.7158291647202084,0.07273196997715653,0.02910838782127023,0.8223287459409309,0.7837342299678034,0.41092816
yelp,44,B_blind,keps,5,0.03,0.25,double,0.5365,0.0920693431032286,0.7493172260848218,0.05202327858152943,0.02041469725330035,0.31467450131436525,0.9282423668273023,0.039928477
yelp,44,EASE,keps,5,0.03,0.25,double,0.5365,0.07651165141743328,0.650691002199203,0.050078864353312304,0.02005138848897687,0.30338642338023813,0.9687698283654183,0.16348988
yelp,44,AFM,keps,5,0.03,0.25,double,0.5365,0.0804169910039163,0.7525028251553172,0.038552884441060226,0.015047576384494728,0.05613112726148137,0.9927134666285828,0.0072269663
yelp,44,SASRec,keps,5,0.03,0.25,double,0.5365,0.13426882073169855,0.7232286538847832,0.072881540302404,0.029056440573787038,0.8162981289624246,0.788121682243522,0.40594202
yelp,44,B_blind,keps,5,0.05,0.25,double,1.0,0.09004913831086694,0.7488192351947361,0.05213205699989122,0.020362226741893988,0.2951909695376527,0.9286771377822904,0.03967149
yelp,44,EASE,keps,5,0.05,0.25,double,1.0,0.08328604602894574,0.7271948571193475,0.05429402806483194,0.022046440309793563,0.24818308334621927,0.971919998040071,0.08951104
yelp,44,AFM,keps,5,0.05,0.25,double,1.0,0.07884429384592422,0.7534313061248927,0.038539287138765005,0.014989786323321647,0.04948198546466677,0.9929493784567363,0.0057720547
yelp,44,SASRec,keps,5,0.05,0.25,double,1.0,0.13084840920548985,0.7280675782744189,0.07281355379092788,0.0289235177711621,0.8053193134374517,0.7911133128821384,0.4040153
yelp,44,B_blind,keps,5,0.1,0.25,double,1.0,0.09049300193053636,0.7478521705659756,0.05199608397693897,0.020338811351034318,0.292098345446111,0.9286131083023468,0.039946154
yelp,44,EASE,keps,5,0.1,0.25,double,1.0,0.08211954460070045,0.7622017996511549,0.05799702672323144,0.023263558714138922,0.2556053811659193,0.9732550231046067,0.006677635
yelp,44,AFM,keps,5,0.1,0.25,double,1.0,0.0793449161535373,0.7523365620734003,0.03844410602269843,0.014982372876038739,0.04855419823720427,0.992967567765868,0.005716306
yelp,44,SASRec,keps,5,0.1,0.25,double,1.0,0.1313385625147342,0.7320615311292292,0.07266851589977881,0.028860897366466572,0.8016081645276016,0.7908999771593916,0.40576935
yelp,44,B_blind,keps,6,0.01,0.25,double,0.0552,0.09713829493145913,0.7463629389812487,0.052458392254976616,0.02049670273491209,0.32286995515695066,0.9272689480036973,0.04125829
yelp,44,EASE,keps,6,0.01,0.25,double,0.0552,0.06992865569270829,0.5404212760201952,0.038611806084339534,0.015609208502192188,0.3207051182928715,0.9611948135183501,0.34246027
yelp,44,AFM,keps,6,0.01,0.25,double,0.0552,0.08427806085853386,0.7463636168345059,0.03858007904565068,0.014995881468425582,0.06077006339879388,0.9923040883780665,0.010098716
yelp,44,SASRec,keps,6,0.01,0.25,double,0.0552,0.140118218657612,0.7151927364778708,0.07255520504731862,0.02905425139779823,0.8217102211226226,0.7833284954663016,0.41236538
yelp,44,B_blind,keps,6,0.03,0.25,double,0.8523,0.09392328794389494,0.7465817152660515,0.05191450016316763,0.020387546889421505,0.3140559764960569,0.9279378234200457,0.04071984
yelp,44,EASE,keps,6,0.03,0.25,double,0.8523,0.07892758662302107,0.6514642597825557,0.05021483737626455,0.020105645012207032,0.30524199783516315,0.9687292563870653,0.1634491
yelp,44,AFM,keps,6,0.03,0.25,double,0.8523,0.08157320095766898,0.7506850873677747,0.038675260161717254,0.015051943671953028,0.0558218648523272,0.9927202465668821,0.007377896
yelp,44,SASRec,keps,6,0.03,0.25,double,0.8523,0.1370717646710039,0.7208693948750564,0.07250081583813771,0.02889928714434632,0.8155249729395392,0.7871079143136908,0.40971118
yelp,44,B_blind,keps,6,0.05,0.25,double,1.0,0.09072562919168078,0.747914843125226,0.05213205699989122,0.020362969517024536,0.29472707592392144,0.9285470250347299,0.039931197
yelp,44,EASE,keps,6,0.05,0.25,double,1.0,0.08609933287309862,0.7270556396926179,0.054525182203850754,0.02211038512540623,0.2488016081645276,0.9719058612190239,0.08944306
yelp,44,AFM,keps,6,0.05,0.25,double,1.0,0.07937765051841365,0.7526266637189871,0.038539287138765005,0.014996522856455037,0.04948198546466677,0.9929469285453965,0.005844121
yelp,44,SASRec,keps,6,0.05,0.25,double,1.0,0.1318629159745897,0.7269153001141136,0.07273196997715653,0.0289007980198161,0.8051646822328746,0.7904507119469266,0.4056687
yelp,44,B_blind,keps,6,0.1,0.25,double,1.0,0.09049300193053636,0.7478521705659756,0.05199608397693897,0.020338811351034318,0.292098345446111,0.9286131083023468,0.039946154
yelp,44,EASE,keps,6,0.1,0.25,double,1.0,0.08211954460070045,0.7622017996511549,0.05799702672323144,0.023263558714138922,0.2556053811659193,0.9732550281507681,0.0066762753
yelp,44,AFM,keps,6,0.1,0.25,double,1.0,0.0793449161535373,0.7523365620734003,0.03844410602269843,0.014982372876038739,0.04855419823720427,0.992967567765868,0.005716306
yelp,44,SASRec,keps,6,0.1,0.25,double,1.0,0.1313385625147342,0.7320615311292292,0.07266851589977881,0.028860897366466572,0.8016081645276016,0.7908999771593916,0.40576935
yelp,45,B_blind,kappa,3,0.05,0.0,double,0.7694,0.09049300193053636,0.7478521705659756,0.05199608397693897,0.020338811351034318,0.292098345446111,0.9286131083023468,0.039946154
yelp,45,B_blind,kappa,3,0.05,0.05,double,0.7694,0.09201328072626602,0.7473354901058341,0.05210486239530077,0.02035839832245514,0.29673728158342355,0.928408731198066,0.040071253
yelp,45,B_blind,kappa,3,0.05,0.1,double,0.7694,0.09376064039434082,0.7464310011199728,0.05221364081366257,0.0204118712931347,0.2999845368795423,0.9281525800577284,0.040403023
yelp,45,B_blind,kappa,3,0.05,0.25,double,0.7694,0.10101067957433754,0.7418638908203106,0.052458392254976616,0.020518751226801298,0.31745786299675277,0.9266002996646103,0.04291581
yelp,45,B_blind,kappa,3,0.05,0.5,double,0.7694,0.11547567621890198,0.7267734839505885,0.05253997606874796,0.020340179862197764,0.3469924230709757,0.9219033957486864,0.051779892
yelp,45,B_blind,kappa,3,0.05,1.0,double,0.7694,0.13643888487957329,0.6616441073410453,0.04976612640052214,0.01924558220246237,0.3963197773310654,0.9069970653712207,0.10287991
yelp,45,B_blind,kappa,3,0.05,1.5,double,0.7694,0.13189078432810142,0.6285161559864405,0.047373001196562604,0.01842617780565511,0.41271068501623626,0.902525207636504,0.14683184
yelp,45,B_blind,kappa,3,0.05,0.0,single,0.7694,0.09049300193053636,0.7478521705659756,0.05199608397693897,0.020338811351034318,0.292098345446111,0.9286131083023468,0.039946154
yelp,45,B_blind,kappa,3,0.05,0.05,single,0.7694,0.09159689702933443,0.747508897308075,0.052077667790710325,0.020355425061323592,0.29673728158342355,0.9284628125914038,0.04002094
yelp,45,B_blind,kappa,3,0.05,0.1,single,0.7694,0.09324921445839851,0.7470460265542783,0.05224083541825302,0.020414427086017425,0.3002937992886965,0.9282210047442159,0.04029017
yelp,45,B_blind,kappa,3,0.05,0.25,single,0.7694,0.0994593061865271,0.7434900526951137,0.05267594909170021,0.0205766094460804,0.3183856502242152,0.926777156686893,0.042279452
yelp,45,B_blind,kappa,3,0.05,0.5,single,0.7694,0.11245329724689432,0.7304784171892673,0.052376808441205264,0.020289439460638097,0.34869336632132364,0.9218026184396728,0.05101028
yelp,45,B_blind,kappa,3,0.05,1.0,single,0.7694,0.1328007625038101,0.6638698768001399,0.04976612640052214,0.01926131072369054,0.3991031390134529,0.9065919671065636,0.10203143
yelp,45,B_blind,kappa,3,0.05,1.5,single,0.7694,0.12816503309339458,0.6300783442678438,0.047264222778200804,0.01841141697612527,0.41348384103912167,0.9026655502146796,0.14657076
yelp,45,EASE,kappa,3,0.05,0.0,double,0.7694,0.08211954460070045,0.7622017996511549,0.05799702672323144,0.023263558714138922,0.2556053811659193,0.9732550281507681,0.0066762753
yelp,45,EASE,kappa,3,0.05,0.05,double,0.7694,0.08796467323233105,0.6950631504938373,0.051955292070053304,0.020994954991928307,0.23813205504870882,0.9725616477338337,0.13696834
yelp,45,EASE,kappa,3,0.05,0.1,double,0.7694,0.08461677908591514,0.6495587391164603,0.049385401936255846,0.01988466502385343,0.22854492036492965,0.9735385526139109,0.19043429
yelp,45,EASE,kappa,3,0.05,0.25,double,0.7694,0.07177454709415948,0.6139683807305625,0.04735940389426738,0.019032898043357397,0.2175661048399567,0.9748939755241999,0.22877055
yelp,45,EASE,kappa,3,0.05,0.5,double,0.7694,0.0640686637571149,0.610364261704901,0.047150911925740606,0.018947804164665762,0.2130817999072213,0.9754149067407987,0.23418498
yelp,45,EASE,kappa,3,0.05,1.0,double,0.7694,0.06031445916088633,0.6098878052539635,0.047191703832626275,0.01895835504610791,0.2101438070202567,0.9756202262157132,0.23480092
yelp,45,EASE,kappa,3,0.05,1.5,double,0.7694,0.058465403805540044,0.6099656908087663,0.047173574096232636,0.018938339856652026,0.20967991340652545,0.97569031865853,0.23496547
yelp,45,EASE,kappa,3,0.05,0.0,single,0.7694,0.08211954460070045,0.7622017996511549,0.05799702672323144,0.023263558714138922,0.2556053811659193,0.9732550281507681,0.0066762753
yelp,45,EASE,kappa,3,0.05,0.05,single,0.7694,0.08558432442667321,0.6952213089274969,0.052077667790710325,0.021034404296618795,0.23581258698005259,0.972612333901604,0.13692348
yelp,45,EASE,kappa,3,0.05,0.1,single,0.7694,0.08222650016444297,0.649747942002745,0.04897748286739911,0.019780151399295398,0.22560692747796504,0.9736208504595145,0.1904982
yelp,45,EASE,kappa,3,0.05,0.25,single,0.7694,0.07017173205838545,0.61336363047962,0.047178106530331054,0.01899020401913824,0.21493737436214627,0.9749922369012627,0.22881402
yelp,45,EASE,kappa,3,0.05,0.5,single,0.7694,0.06308894577187091,0.6101658885887526,0.04721889843721673,0.01897240850177016,0.21138085665687337,0.9755291896801761,0.23418634
yelp,45,EASE,kappa,3,0.05,1.0,single,0.7694,0.05997213410842466,0.6099110661757989,0.047200768700823084,0.018960706376934238,0.20967991340652545,0.9757055534401862,0.23480092
yelp,45,EASE,kappa,3,0.05,1.5,single,0.7694,0.05835344282403085,0.6098490652938168,0.047200768700823084,0.018945251259293375,0.20952528220194835,0.975734413278025,0.23496547
yelp,45,AFM,kappa,3,0.05,0.0,double,0.7694,0.0793449161535373,0.7523365620734003,0.03844410602269843,0.014982372876038739,0.04855419823720427,0.992967567765868,0.005716306
yelp,45,AFM,kappa,3,0.05,0.05,double,0.7694,0.08014820614796639,0.7517669068972259,0.03852568983646978,0.014990487745483743,0.04994587907839802,0.9929232406024371,0.006090232
yelp,45,AFM,kappa,3,0.05,0.1,double,0.7694,0.08124246629002807,0.7509102895273764,0.038661662859422026,0.015030564807301484,0.05164682232874594,0.9928490578253255,0.0067021106
yelp,45,AFM,kappa,3,0.05,0.25,double,0.7694,0.08614790738764086,0.7379375923491772,0.03871605206860292,0.015009671426486144,0.058759857739291786,0.9923613353966303,0.01038562
yelp,45,AFM,kappa,3,0.05,0.5,double,0.7694,0.10445152719274453,0.6854164371339478,0.03819935458138439,0.014736212205797556,0.06726457399103139,0.9905175504566937,0.023062384
yelp,45,AFM,kappa,3,0.05,1.0,double,0.7694,0.11868094171209903,0.6304800835345032,0.0351127669603684,0.01365028224330726,0.07221277253749807,0.9875097514965696,0.06917084
yelp,45,AFM,kappa,3,0.05,1.5,double,0.7694,0.1046387249222438,0.6170465809278889,0.0338436854128141,0.013097141874190773,0.07020256687799598,0.9875611537987394,0.10286768
yelp,45,AFM,kappa,3,0.05,0.0,single,0.7694,0.0793449161535373,0.7523365620734003,0.03844410602269843,0.014982372876038739,0.04855419823720427,0.992967567765868,0.005716306
yelp,45,AFM,kappa,3,0.05,0.05,single,0.7694,0.07991303515669218,0.7521200509093197,0.038552884441060226,0.014997300658808792,0.0501005102829751,0.992924795240649,0.0060521597
yelp,45,AFM,kappa,3,0.05,0.1,single,0.7694,0.08096211461987614,0.7516771081571035,0.038675260161717254,0.0150309394828758,0.05164682232874594,0.992849754195593,0.0066422825
yelp,45,AFM,kappa,3,0.05,0.25,single,0.7694,0.08546979493054421,0.7397096712603347,0.038675260161717254,0.015006697034951576,0.058605226534714706,0.9923550091923399,0.010255086
yelp,45,AFM,kappa,3,0.05,0.5,single,0.7694,0.10289812590997471,0.6880917469002468,0.03811777076761304,0.014735359667506564,0.06726457399103139,0.9904734453243624,0.022925053
yelp,45,AFM,kappa,3,0.05,1.0,single,0.7694,0.11629295951417151,0.6322677138962436,0.03499945610790819,0.01359821480499234,0.07236740374207515,0.9873922242959516,0.06901854
yelp,45,AFM,kappa,3,0.05,1.5,single,0.7694,0.10185219021296316,0.6182573760601374,0.03370771238986185,0.01306144282194977,0.07020256687799598,0.9873989579777718,0.10282552
yelp,45,SASRec,kappa,3,0.05,0.0,double,0.7694,0.13029766339559384,0.7159151821459804,0.07266851589977881,0.028860897366466572,0.8016081645276016,0.7908999439388293,0.40576935
yelp,45,SASRec,kappa,3,0.05,0.05,double,0.7694,0.13474270445557238,0.7247174495761234,0.07289513760469923,0.028940573912076394,0.8073295190969537,0.7893910357231051,0.40787283
yelp,45,SASRec,kappa,3,0.05,0.1,double,0.7694,0.13702398069527363,0.7209729375910864,0.07258239965190906,0.028866830331734872,0.811504561620535,0.7877488777295087,0.4101694
yelp,45,SASRec,kappa,3,0.05,0.25,double,0.7694,0.14466534323581104,0.7084687314597611,0.07164418579353857,0.028632491974032663,0.82078243389516,0.7818864581398797,0.41958418
yelp,45,SASRec,kappa,3,0.05,0.5,double,0.7694,0.1514006343983769,0.6818932237982477,0.07013488523876862,0.028131534830709674,0.8342353486933664,0.7704912989796611,0.43993253
yelp,45,SASRec,kappa,3,0.05,1.0,double,0.7694,0.15382628041797602,0.6404565884086826,0.06662678124660068,0.026833979383989712,0.8404205968764497,0.7586989821101975,0.471413
yelp,45,SASRec,kappa,3,0.05,1.5,double,0.7694,0.14138817841506612,0.6295628595319358,0.06560245114036041,0.02627042891924502,0.829905674965208,0.7664281046226018,0.4807612
yelp,45,SASRec,kappa,3,0.05,0.0,single,0.7694,0.13029766339559384,0.7159151821459804,0.07266851589977881,0.028860897366466572,0.8016081645276016,0.7908999439388293,0.40576935
yelp,45,SASRec,kappa,3,0.05,0.05,single,0.7694,0.13434633754928166,0.7251397939202484,0.07284074839551832,0.028938870030238546,0.8073295190969537,0.7895873246717544,0.40722018
yelp,45,SASRec,kappa,3,0.05,0.1,single,0.7694,0.1362184145899204,0.7217727330935002,0.07262319155879474,0.028890309405487063,0.811504561620535,0.7881072561092235,0.40891984
yelp,45,SASRec,kappa,3,0.05,0.25,single,0.7694,0.14246990484909194,0.7102396588301011,0.07202491025780486,0.028774106957046776,0.8204731714860058,0.782149384172355,0.41683078
yelp,45,SASRec,kappa,3,0.05,0.5,single,0.7694,0.14786138526892878,0.6841539563868484,0.07067877733057762,0.028346693431184244,0.8362455543528684,0.7697817775745932,0.4355107
yelp,45,SASRec,kappa,3,0.05,1.0,single,0.7694,0.1487399358818478,0.6427320817255076,0.06716614090431124,0.026983480152197925,0.8404205968764497,0.7581672718724224,0.46593875
yelp,45,SASRec,kappa,3,0.05,1.5,single,0.7694,0.13558418866464356,0.6304545907213179,0.0657656187679031,0.026314358213741184,0.8266584196690893,0.7687477467838248,0.47539705
yelp,45,B_blind,keps,3,0.01,0.25,double,0.0138,0.09776022734287335,0.7465688551608548,0.05251278146415751,0.02054782622935422,0.31931343745167773,0.9268871201121474,0.041845698
yelp,45,EASE,keps,3,0.01,0.25,double,0.0138,0.06944087611614674,0.612889351260109,0.04728688494869285,0.019016267178631904,0.21447348074841502,0.9750507206498729,0.22880995
yelp,45,AFM,keps,3,0.01,0.25,double,0.0138,0.08452112819767948,0.7413029428372795,0.03862087095253635,0.015010615511603384,0.058759857739291786,0.9923411078588227,0.010161263
yelp,45,SASRec,keps,3,0.01,0.25,double,0.0138,0.14046090336684017,0.711811633055304,0.07224246709452845,0.028896350167629835,0.8210916963043142,0.7823631000392575,0.41418877
yelp,45,B_blind,keps,3,0.03,0.25,double,0.7694,0.10101067957433754,0.7418638908203106,0.052458392254976616,0.020518751226801298,0.31745786299675277,0.9266002996646103,0.04291581
yelp,45,EASE,keps,3,0.03,0.25,double,0.7694,0.07177454709415948,0.6139683807305625,0.04735940389426738,0.019032898043357397,0.2175661048399567,0.9748939755241999,0.22877055
yelp,45,AFM,keps,3,0.03,0.25,double,0.7694,0.08614790738764086,0.7379375923491772,0.03871605206860292,0.015009671426486144,0.058759857739291786,0.9923613353966303,0.01038562
yelp,45,SASRec,keps,3,0.03,0.25,double,0.7694,0.14466534323581104,0.7084687314597611,0.07164418579353857,0.028632491974032663,0.82078243389516,0.7818864581398797,0.41958418
yelp,45,B_blind,keps,3,0.1,0.25,double,0.9206,0.09307027244693342,0.7472393825037607,0.05221364081366257,0.020390348514743768,0.31343745167774856,0.9278979730427668,0.040628742
yelp,45,EASE,keps,3,0.1,0.25,double,0.9206,0.07330561311758291,0.7124404454053169,0.054103665832698794,0.021833384041266675,0.3289005721354569,0.9698783581594099,0.08623409
yelp,45,AFM,keps,3,0.1,0.25,double,0.9206,0.08169617072454798,0.7483281746317729,0.03856648174335545,0.014972010690666893,0.05690428328436679,0.9926413981930806,0.007976177
yelp,45,SASRec,keps,3,0.1,0.25,double,0.9206,0.13585323693955648,0.7222539010273787,0.07259599695420428,0.02895050545596162,0.8128962424617288,0.7869688118296689,0.40945828
yelp,45,B_blind,keps,4,0.01,0.25,double,0.0384,0.09845287505894812,0.7443427869525889,0.05253997606874796,0.020537073185579333,0.3194680686562548,0.9267829189826515,0.042268574
yelp,45,EASE,keps,4,0.01,0.25,double,0.0384,0.07359904827937666,0.532708784443534,0.03665379455382718,0.015088710162614496,0.21586516158960878,0.9718774925408904,0.40188867
yelp,45,AFM,keps,4,0.01,0.25,double,0.0384,0.08482721642151267,0.7405735992904455,0.0386480655571268,0.015009614592879068,0.058759857739291786,0.9923419623421463,0.010267325
yelp,45,SASRec,keps,4,0.01,0.25,double,0.0384,0.14175549784411925,0.7110348952633239,0.07203850756010008,0.02882507152544042,0.8204731714860058,0.7820546134774122,0.41566274
yelp,45,B_blind,keps,4,0.03,0.25,double,0.7694,0.10168717045515138,0.7409594987508004,0.052458392254976616,0.020519494001931846,0.3168393381784444,0.9265560048807147,0.043175515
yelp,45,EASE,keps,4,0.03,0.25,double,0.7694,0.07458783393831236,0.6138291633038327,0.0475905580332862,0.01909684285897006,0.2231328282047317,0.9746943001807653,0.22870256
yelp,45,AFM,keps,4,0.03,0.25,double,0.7694,0.0866812640601303,0.7371329499432716,0.03871605206860292,0.015016407959619536,0.058759857739291786,0.9923648782224177,0.010457685
yelp,45,SASRec,keps,4,0.03,0.25,double,0.7694,0.14567985000491093,0.707316453299456,0.07156260197976722,0.028609772222686656,0.8201639090768517,0.7817395244339422,0.42123762
yelp,45,B_blind,keps,4,0.05,0.25,double,0.7694,0.10168717045515138,0.7409594987508004,0.052458392254976616,0.020519494001931846,0.3168393381784444,0.9265560048807147,0.043175515
yelp,45,EASE,keps,4,0.05,0.25,double,0.7694,0.07458783393831236,0.6138291633038327,0.0475905580332862,0.01909684285897006,0.2231328282047317,0.9746943001807653,0.22870256
yelp,45,AFM,keps,4,0.05,0.25,double,0.7694,0.0866812640601303,0.7371329499432716,0.03871605206860292,0.015016407959619536,0.058759857739291786,0.9923648782224177,0.010457685
yelp,45,SASRec,keps,4,0.05,0.25,double,0.7694,0.14567985000491093,0.707316453299456,0.07156260197976722,0.028609772222686656,0.8201639090768517,0.7817395244339422,0.42123762
yelp,45,B_blind,keps,4,0.1,0.25,double,0.9206,0.09368556563642678,0.7463598614909762,0.05221364081366257,0.020392882721865225,0.31281892685944024,0.9278161007567711,0.040847655
yelp,45,EASE,keps,4,0.1,0.25,double,0.9206,0.07396789830422028,0.7136839379375081,0.05438920918089851,0.021916726728165005,0.2924076078552652,0.9711331795353062,0.08419042
yelp,45,AFM,keps,4,0.1,0.25,double,0.9206,0.08214970754793169,0.7476270593378518,0.03856648174335545,0.01497842183575106,0.05690428328436679,0.9926418956604879,0.0080400845
yelp,45,SASRec,keps,4,0.1,0.25,double,0.9206,0.13671655189348247,0.7213044769436948,0.07251441314043294,0.028937967372923184,0.8121230864388433,0.786564414140414,0.410973
yelp,45,B_blind,keps,5,0.01,0.25,double,0.0385,0.0982054744564168,0.7450290554531979,0.052376808441205264,0.02047492665805472,0.32395237358899026,0.926993986876381,0.041724678
yelp,45,EASE,keps,5,0.01,0.25,double,0.0385,0.06915398206820866,0.5354154463068149,0.03850302766597773,0.015544732787484248,0.2744703881243235,0.964687035138154,0.3480474
yelp,45,AFM,keps,5,0.01,0.25,double,0.0385,0.08530646872129634,0.7414151262618917,0.0385936763479459,0.014995034758363373,0.061233957012525125,0.9922402901805183,0.010643969
yelp,45,SASRec,keps,5,0.01,0.25,double,0.0385,0.14085622706354178,0.7121490584891226,0.07213368867616665,0.028936575079138938,0.8240296891912788,0.7822759440018054,0.4143098
yelp,45,B_blind,keps,5,0.03,0.25,double,0.9343,0.0966975266145201,0.744765236250332,0.052376808441205264,0.02047504943792197,0.31374671408690274,0.9276405603620896,0.041164473
yelp,45,EASE,keps,5,0.03,0.25,double,0.9343,0.0819801119929712,0.6384373758241236,0.049004677471989555,0.019706331048370357,0.27941858667079017,0.9709750000382669,0.19078511
yelp,45,AFM,keps,5,0.03,0.25,double,0.9343,0.08288241618408146,0.7486132162995315,0.03862087095253635,0.015011173403215563,0.0567496520797897,0.9926381148240897,0.008021048
yelp,45,SASRec,keps,5,0.03,0.25,double,0.9343,0.1397346815674058,0.7168141329633316,0.07225606439682367,0.028816607172033912,0.8166073913715788,0.7855596885112246,0.4133308
yelp,45,B_blind,keps,5,0.05,0.25,double,0.9855,0.09458405277375029,0.746120139341561,0.05224083541825302,0.020421046222463157,0.30616978506262565,0.9279407989731936,0.040666815
yelp,45,EASE,keps,5,0.05,0.25,double,0.9855,0.083407336798293,0.6427360931019226,0.04897748286739911,0.019695471147357844,0.26828513994124015,0.972067367397939,0.19400087
yelp,45,AFM,keps,5,0.05,0.25,double,0.9855,0.0816495707310567,0.7508841812446988,0.0387024547663077,0.015035549152951785,0.05535797123859595,0.9927465109957285,0.007221527
yelp,45,SASRec,keps,5,0.05,0.25,double,0.9855,0.13804377910438542,0.719075688403208,0.07243282932666159,0.028844286961275608,0.8139786608937684,0.786654781218544,0.4114122
yelp,45,B_blind,keps,5,0.1,0.25,double,1.0,0.09049300193053636,0.7478521705659756,0.05199608397693897,0.020338811351034318,0.292098345446111,0.9286131083023468,0.039946154
yelp,45,EASE,keps,5,0.1,0.25,double,1.0,0.08211954460070045,0.7622017996511549,0.05799702672323144,0.023263558714138922,0.2556053811659193,0.9732550231046067,0.006677635
yelp,45,AFM,keps,5,0.1,0.25,double,1.0,0.0793449161535373,0.7523365620734003,0.03844410602269843,0.014982372876038739,0.04855419823720427,0.992967567765868,0.005716306
yelp,45,SASRec,keps,5,0.1,0.25,double,1.0,0.1313385625147342,0.7320615311292292,0.07266851589977881,0.028860897366466572,0.8016081645276016,0.7908999771593916,0.40576935
yelp,45,B_blind,keps,6,0.01,0.25,double,0.2472,0.09908616377212906,0.7439964228439384,0.05226803002284347,0.020456786195004104,0.32379774238441317,0.9268764310808486,0.0419368
yelp,45,EASE,keps,6,0.01,0.25,double,0.2472,0.06932681881685687,0.5512400309369265,0.040805504187969105,0.016415334421200793,0.27787227462501934,0.964097679235068,0.3090762
yelp,45,AFM,keps,6,0.01,0.25,double,0.2472,0.08593881161662428,0.7407110826946365,0.03862087095253635,0.014988427763386531,0.061079325807948046,0.992243759836966,0.0107391495
yelp,45,SASRec,keps,6,0.01,0.25,double,0.2472,0.14198010433773228,0.7112887818397824,0.07214728597846187,0.02886424019244836,0.8238750579867017,0.7820443655647191,0.41619715
yelp,45,B_blind,keps,6,0.03,0.25,double,0.8976,0.09659734601612033,0.7450273406118787,0.05232241923202437,0.020462933558916294,0.3140559764960569,0.9276543582492989,0.04113184
yelp,45,EASE,keps,6,0.03,0.25,double,0.8976,0.08202045516969866,0.638438430423591,0.04922223430871315,0.01974394295565517,0.27941858667079017,0.9709560100715326,0.1907892
yelp,45,AFM,keps,6,0.03,0.25,double,0.8976,0.08290284267167201,0.7488953230579335,0.038552884441060226,0.014991944190360304,0.0567496520797897,0.9926366892835059,0.008029207
yelp,45,SASRec,keps,6,0.03,0.25,double,0.8976,0.13948273511605383,0.7169645270275626,0.07239203741977591,0.028828823596514244,0.8164527601670017,0.7855865504896786,0.41309556
yelp,45,B_blind,keps,6,0.05,0.25,double,0.9855,0.09497104599442523,0.7460295924191445,0.05221364081366257,0.02041623849598367,0.30601515385804856,0.9279100993890259,0.04073208
yelp,45,EASE,keps,6,0.05,0.25,double,0.9855,0.08544852408378749,0.6426382339584256,0.04920863700641793,0.019744758597630595,0.269831451987011,0.9719811764388469,0.19401039
yelp,45,AFM,keps,6,0.05,0.25,double,0.9855,0.08183539678446937,0.7505959794646456,0.038661662859422026,0.015024304138673778,0.05520334003401887,0.9927470273862411,0.007251441
yelp,45,SASRec,keps,6,0.05,0.25,double,0.9855,0.13842734012911373,0.7186359103552095,0.07247362123354727,0.028829388663199996,0.8138240296891913,0.7865436924993068,0.41207033
yelp,45,B_blind,keps,6,0.1,0.25,double,1.0,0.09049300193053636,0.7478521705659756,0.05199608397693897,0.020338811351034318,0.292098345446111,0.9286131083023468,0.039946154
yelp,45,EASE,keps,6,0.1,0.25,double,1.0,0.08211954460070045,0.7622017996511549,0.05799702672323144,0.023263558714138922,0.2556053811659193,0.9732550281507681,0.0066762753
yelp,45,AFM,keps,6,0.1,0.25,double,1.0,0.0793449161535373,0.7523365620734003,0.03844410602269843,0.014982372876038739,0.04855419823720427,0.992967567765868,0.005716306
yelp,45,SASRec,keps,6,0.1,0.25,double,1.0,0.1313385625147342,0.7320615311292292,0.07266851589977881,0.028860897366466572,0.8016081645276016,0.7908999771593916,0.40576935
yelp,46,B_blind,kappa,3,0.05,0.0,double,0.7694,0.09049300193053636,0.7478521705659756,0.05199608397693897,0.020338811351034318,0.292098345446111,0.9286131083023468,0.039946154
yelp,46,B_blind,kappa,3,0.05,0.05,double,0.7694,0.09201328072626602,0.7473354901058341,0.05210486239530077,0.02035839832245514,0.29673728158342355,0.928408731198066,0.040071253
yelp,46,B_blind,kappa,3,0.05,0.1,double,0.7694,0.09376064039434082,0.7464310011199728,0.05221364081366257,0.0204118712931347,0.2999845368795423,0.9281525800577284,0.040403023
yelp,46,B_blind,kappa,3,0.05,0.25,double,0.7694,0.10101067957433754,0.7418638908203106,0.052458392254976616,0.020518751226801298,0.31745786299675277,0.9266002996646103,0.04291581
yelp,46,B_blind,kappa,3,0.05,0.5,double,0.7694,0.11547567621890198,0.7267734839505885,0.05253997606874796,0.020340179862197764,0.3469924230709757,0.9219033957486864,0.051779892
yelp,46,B_blind,kappa,3,0.05,1.0,double,0.7694,0.13643888487957329,0.6616441073410453,0.04976612640052214,0.01924558220246237,0.3963197773310654,0.9069970653712207,0.10287991
yelp,46,B_blind,kappa,3,0.05,1.5,double,0.7694,0.13189078432810142,0.6285161559864405,0.047373001196562604,0.01842617780565511,0.41271068501623626,0.902525207636504,0.14683184
yelp,46,B_blind,kappa,3,0.05,0.0,single,0.7694,0.09049300193053636,0.7478521705659756,0.05199608397693897,0.020338811351034318,0.292098345446111,0.9286131083023468,0.039946154
yelp,46,B_blind,kappa,3,0.05,0.05,single,0.7694,0.09159689702933443,0.747508897308075,0.052077667790710325,0.020355425061323592,0.29673728158342355,0.9284628125914038,0.04002094
yelp,46,B_blind,kappa,3,0.05,0.1,single,0.7694,0.09324921445839851,0.7470460265542783,0.05224083541825302,0.020414427086017425,0.3002937992886965,0.9282210047442159,0.04029017
yelp,46,B_blind,kappa,3,0.05,0.25,single,0.7694,0.0994593061865271,0.7434900526951137,0.05267594909170021,0.0205766094460804,0.3183856502242152,0.926777156686893,0.042279452
yelp,46,B_blind,kappa,3,0.05,0.5,single,0.7694,0.11245329724689432,0.7304784171892673,0.052376808441205264,0.020289439460638097,0.34869336632132364,0.9218026184396728,0.05101028
yelp,46,B_blind,kappa,3,0.05,1.0,single,0.7694,0.1328007625038101,0.6638698768001399,0.04976612640052214,0.01926131072369054,0.3991031390134529,0.9065919671065636,0.10203143
yelp,46,B_blind,kappa,3,0.05,1.5,single,0.7694,0.12816503309339458,0.6300783442678438,0.047264222778200804,0.01841141697612527,0.41348384103912167,0.9026655502146796,0.14657076
yelp,46,EASE,kappa,3,0.05,0.0,double,0.7694,0.08211954460070045,0.7622017996511549,0.05799702672323144,0.023263558714138922,0.2556053811659193,0.9732550281507681,0.0066762753
yelp,46,EASE,kappa,3,0.05,0.05,double,0.7694,0.08796467323233105,0.6950631504938373,0.051955292070053304,0.020994954991928307,0.23813205504870882,0.9725616477338337,0.13696834
yelp,46,EASE,kappa,3,0.05,0.1,double,0.7694,0.08461677908591514,0.6495587391164603,0.049385401936255846,0.01988466502385343,0.22854492036492965,0.9735385526139109,0.19043429
yelp,46,EASE,kappa,3,0.05,0.25,double,0.7694,0.07177454709415948,0.6139683807305625,0.04735940389426738,0.019032898043357397,0.2175661048399567,0.9748939755241999,0.22877055
yelp,46,EASE,kappa,3,0.05,0.5,double,0.7694,0.0640686637571149,0.610364261704901,0.047150911925740606,0.018947804164665762,0.2130817999072213,0.9754149067407987,0.23418498
yelp,46,EASE,kappa,3,0.05,1.0,double,0.7694,0.06031445916088633,0.6098878052539635,0.047191703832626275,0.01895835504610791,0.2101438070202567,0.9756202262157132,0.23480092
yelp,46,EASE,kappa,3,0.05,1.5,double,0.7694,0.058465403805540044,0.6099656908087663,0.047173574096232636,0.018938339856652026,0.20967991340652545,0.97569031865853,0.23496547
yelp,46,EASE,kappa,3,0.05,0.0,single,0.7694,0.08211954460070045,0.7622017996511549,0.05799702672323144,0.023263558714138922,0.2556053811659193,0.9732550281507681,0.0066762753
yelp,46,EASE,kappa,3,0.05,0.05,single,0.7694,0.08558432442667321,0.6952213089274969,0.052077667790710325,0.021034404296618795,0.23581258698005259,0.972612333901604,0.13692348
yelp,46,EASE,kappa,3,0.05,0.1,single,0.7694,0.08222650016444297,0.649747942002745,0.04897748286739911,0.019780151399295398,0.22560692747796504,0.9736208504595145,0.1904982
yelp,46,EASE,kappa,3,0.05,0.25,single,0.7694,0.07017173205838545,0.61336363047962,0.047178106530331054,0.01899020401913824,0.21493737436214627,0.9749922369012627,0.22881402
yelp,46,EASE,kappa,3,0.05,0.5,single,0.7694,0.06308894577187091,0.6101658885887526,0.04721889843721673,0.01897240850177016,0.21138085665687337,0.9755291896801761,0.23418634
yelp,46,EASE,kappa,3,0.05,1.0,single,0.7694,0.05997213410842466,0.6099110661757989,0.047200768700823084,0.018960706376934238,0.20967991340652545,0.9757055534401862,0.23480092
yelp,46,EASE,kappa,3,0.05,1.5,single,0.7694,0.05835344282403085,0.6098490652938168,0.047200768700823084,0.018945251259293375,0.20952528220194835,0.975734413278025,0.23496547
yelp,46,AFM,kappa,3,0.05,0.0,double,0.7694,0.0793449161535373,0.7523365620734003,0.03844410602269843,0.014982372876038739,0.04855419823720427,0.992967567765868,0.005716306
yelp,46,AFM,kappa,3,0.05,0.05,double,0.7694,0.08014820614796639,0.7517669068972259,0.03852568983646978,0.014990487745483743,0.04994587907839802,0.9929232406024371,0.006090232
yelp,46,AFM,kappa,3,0.05,0.1,double,0.7694,0.08124246629002807,0.7509102895273764,0.038661662859422026,0.015030564807301484,0.05164682232874594,0.9928490578253255,0.0067021106
yelp,46,AFM,kappa,3,0.05,0.25,double,0.7694,0.08614790738764086,0.7379375923491772,0.03871605206860292,0.015009671426486144,0.058759857739291786,0.9923613353966303,0.01038562
yelp,46,AFM,kappa,3,0.05,0.5,double,0.7694,0.10445152719274453,0.6854164371339478,0.03819935458138439,0.014736212205797556,0.06726457399103139,0.9905175504566937,0.023062384
yelp,46,AFM,kappa,3,0.05,1.0,double,0.7694,0.11868094171209903,0.6304800835345032,0.0351127669603684,0.01365028224330726,0.07221277253749807,0.9875097514965696,0.06917084
yelp,46,AFM,kappa,3,0.05,1.5,double,0.7694,0.1046387249222438,0.6170465809278889,0.0338436854128141,0.013097141874190773,0.07020256687799598,0.9875611537987394,0.10286768
yelp,46,AFM,kappa,3,0.05,0.0,single,0.7694,0.0793449161535373,0.7523365620734003,0.03844410602269843,0.014982372876038739,0.04855419823720427,0.992967567765868,0.005716306
yelp,46,AFM,kappa,3,0.05,0.05,single,0.7694,0.07991303515669218,0.7521200509093197,0.038552884441060226,0.014997300658808792,0.0501005102829751,0.992924795240649,0.0060521597
yelp,46,AFM,kappa,3,0.05,0.1,single,0.7694,0.08096211461987614,0.7516771081571035,0.038675260161717254,0.0150309394828758,0.05164682232874594,0.992849754195593,0.0066422825
yelp,46,AFM,kappa,3,0.05,0.25,single,0.7694,0.08546979493054421,0.7397096712603347,0.038675260161717254,0.015006697034951576,0.058605226534714706,0.9923550091923399,0.010255086
yelp,46,AFM,kappa,3,0.05,0.5,single,0.7694,0.10289812590997471,0.6880917469002468,0.03811777076761304,0.014735359667506564,0.06726457399103139,0.9904734453243624,0.022925053
yelp,46,AFM,kappa,3,0.05,1.0,single,0.7694,0.11629295951417151,0.6322677138962436,0.03499945610790819,0.01359821480499234,0.07236740374207515,0.9873922242959516,0.06901854
yelp,46,AFM,kappa,3,0.05,1.5,single,0.7694,0.10185219021296316,0.6182573760601374,0.03370771238986185,0.01306144282194977,0.07020256687799598,0.9873989579777718,0.10282552
yelp,46,SASRec,kappa,3,0.05,0.0,double,0.7694,0.13029766339559384,0.7159151821459804,0.07266851589977881,0.028860897366466572,0.8016081645276016,0.7908999439388293,0.40576935
yelp,46,SASRec,kappa,3,0.05,0.05,double,0.7694,0.13474270445557238,0.7247174495761234,0.07289513760469923,0.028940573912076394,0.8073295190969537,0.7893910357231051,0.40787283
yelp,46,SASRec,kappa,3,0.05,0.1,double,0.7694,0.13702398069527363,0.7209729375910864,0.07258239965190906,0.028866830331734872,0.811504561620535,0.7877488777295087,0.4101694
yelp,46,SASRec,kappa,3,0.05,0.25,double,0.7694,0.14466534323581104,0.7084687314597611,0.07164418579353857,0.028632491974032663,0.82078243389516,0.7818864581398797,0.41958418
yelp,46,SASRec,kappa,3,0.05,0.5,double,0.7694,0.1514006343983769,0.6818932237982477,0.07013488523876862,0.028131534830709674,0.8342353486933664,0.7704912989796611,0.43993253
yelp,46,SASRec,kappa,3,0.05,1.0,double,0.7694,0.15382628041797602,0.6404565884086826,0.06662678124660068,0.026833979383989712,0.8404205968764497,0.7586989821101975,0.471413
yelp,46,SASRec,kappa,3,0.05,1.5,double,0.7694,0.14138817841506612,0.6295628595319358,0.06560245114036041,0.02627042891924502,0.829905674965208,0.7664281046226018,0.4807612
yelp,46,SASRec,kappa,3,0.05,0.0,single,0.7694,0.13029766339559384,0.7159151821459804,0.07266851589977881,0.028860897366466572,0.8016081645276016,0.7908999439388293,0.40576935
yelp,46,SASRec,kappa,3,0.05,0.05,single,0.7694,0.13434633754928166,0.7251397939202484,0.07284074839551832,0.028938870030238546,0.8073295190969537,0.7895873246717544,0.40722018
yelp,46,SASRec,kappa,3,0.05,0.1,single,0.7694,0.1362184145899204,0.7217727330935002,0.07262319155879474,0.028890309405487063,0.811504561620535,0.7881072561092235,0.40891984
yelp,46,SASRec,kappa,3,0.05,0.25,single,0.7694,0.14246990484909194,0.7102396588301011,0.07202491025780486,0.028774106957046776,0.8204731714860058,0.782149384172355,0.41683078
yelp,46,SASRec,kappa,3,0.05,0.5,single,0.7694,0.14786138526892878,0.6841539563868484,0.07067877733057762,0.028346693431184244,0.8362455543528684,0.7697817775745932,0.4355107
yelp,46,SASRec,kappa,3,0.05,1.0,single,0.7694,0.1487399358818478,0.6427320817255076,0.06716614090431124,0.026983480152197925,0.8404205968764497,0.7581672718724224,0.46593875
yelp,46,SASRec,kappa,3,0.05,1.5,single,0.7694,0.13558418866464356,0.6304545907213179,0.0657656187679031,0.026314358213741184,0.8266584196690893,0.7687477467838248,0.47539705
yelp,46,B_blind,keps,3,0.01,0.25,double,0.0106,0.09774079698521021,0.746564135974457,0.052485586859567064,0.020539856026871032,0.31931343745167773,0.926888921171239,0.041844342
yelp,46,EASE,keps,3,0.01,0.25,double,0.0106,0.0694437316144515,0.6129047615360436,0.04728688494869285,0.019016368015259306,0.21431884954383795,0.9750533282537552,0.22880995
yelp,46,AFM,keps,3,0.01,0.25,double,0.0106,0.08452458705811,0.7413657639511041,0.03862087095253635,0.015009993466194521,0.058759857739291786,0.992341326525815,0.010161263
yelp,46,SASRec,keps,3,0.01,0.25,double,0.0106,0.1404504117509317,0.7117990363686433,0.07224246709452845,0.028895516772108065,0.8210916963043142,0.7823653371707933,0.41414937
yelp,46,B_blind,keps,3,0.03,0.25,double,0.7694,0.10101067957433754,0.7418638908203106,0.052458392254976616,0.020518751226801298,0.31745786299675277,0.9266002996646103,0.04291581
yelp,46,EASE,keps,3,0.03,0.25,double,0.7694,0.07177454709415948,0.6139683807305625,0.04735940389426738,0.019032898043357397,0.2175661048399567,0.9748939755241999,0.22877055
yelp,46,AFM,keps,3,0.03,0.25,double,0.7694,0.08614790738764086,0.7379375923491772,0.03871605206860292,0.015009671426486144,0.058759857739291786,0.9923613353966303,0.01038562
yelp,46,SASRec,keps,3,0.03,0.25,double,0.7694,0.14466534323581104,0.7084687314597611,0.07164418579353857,0.028632491974032663,0.82078243389516,0.7818864581398797,0.41958418
yelp,46,B_blind,keps,3,0.1,0.25,double,0.9206,0.09307027244693342,0.7472393825037607,0.05221364081366257,0.020390348514743768,0.31343745167774856,0.9278979730427668,0.040628742
yelp,46,EASE,keps,3,0.1,0.25,double,0.9206,0.07330561311758291,0.7124404454053169,0.054103665832698794,0.021833384041266675,0.3289005721354569,0.9698783581594099,0.08623409
yelp,46,AFM,keps,3,0.1,0.25,double,0.9206,0.08169617072454798,0.7483281746317729,0.03856648174335545,0.014972010690666893,0.05690428328436679,0.9926413981930806,0.007976177
yelp,46,SASRec,keps,3,0.1,0.25,double,0.9206,0.13585323693955648,0.7222539010273787,0.07259599695420428,0.02895050545596162,0.8128962424617288,0.7869688118296689,0.40945828
yelp,46,B_blind,keps,4,0.01,0.25,double,0.0106,0.09749339638267887,0.7472504044750657,0.05232241923202437,0.02047770949934642,0.32395237358899026,0.9271054389192361,0.041300446
yelp,46,EASE,keps,4,0.01,0.25,double,0.0106,0.0649986654032835,0.6156114233993246,0.0491361180608434,0.019472390640129057,0.2730787072831297,0.9683291958734983,0.17496875
yelp,46,AFM,keps,4,0.01,0.25,double,0.0106,0.08500383935789367,0.7422072909225499,0.03856648174335545,0.014995413631678828,0.061233957012525125,0.9922402212163131,0.01053791
yelp,46,SASRec,keps,4,0.01,0.25,double,0.0106,0.13955114097035423,0.7129131995944421,0.07233764821059502,0.029007020325806567,0.8246482140095871,0.7826413188842447,0.41279644
yelp,46,B_blind,keps,4,0.03,0.25,double,0.9688,0.09323942538716033,0.7467866777954846,0.05213205699989122,0.020380155470447022,0.3087985155404361,0.9279614571167705,0.040570274
yelp,46,EASE,keps,4,0.03,0.25,double,0.9688,0.0774947765172966,0.6469336729051591,0.049127053192646576,0.01984298409136136,0.24199783516313592,0.9705437883090904,0.18942538
yelp,46,AFM,keps,4,0.03,0.25,double,0.9688,0.080779302917059,0.7508534109364672,0.0387024547663077,0.015030551780291307,0.05458481521571053,0.9927813942681765,0.006874796
yelp,46,SASRec,keps,4,0.03,0.25,double,0.9688,0.13740353449673223,0.7213325422582796,0.07243282932666159,0.02882276778236733,0.8130508736663059,0.7872011585448224,0.40970442
yelp,46,B_blind,keps,4,0.05,0.25,double,1.0,0.09115384490327963,0.7483221258218666,0.05218644620907212,0.020375465397964893,0.2979743312200402,0.9285375979642843,0.039795224
yelp,46,EASE,keps,4,0.05,0.25,double,1.0,0.08355317176594126,0.6814032375025816,0.050758729468073534,0.020546899239555733,0.23024586361527757,0.9729405055389106,0.15447485
yelp,46,AFM,keps,4,0.05,0.25,double,1.0,0.07960498986333503,0.7527632589719251,0.0385936763479459,0.015001066481369231,0.05040977269212927,0.9929110873433173,0.0061024693
yelp,46,SASRec,keps,4,0.05,0.25,double,1.0,0.1338120431042703,0.7252153463771126,0.07273196997715653,0.028930059923814432,0.8082573063244163,0.7897254124568296,0.40609297
yelp,46,B_blind,keps,4,0.1,0.25,double,1.0,0.09049300193053636,0.7478521705659756,0.05199608397693897,0.020338811351034318,0.292098345446111,0.9286131083023468,0.039946154
yelp,46,EASE,keps,4,0.1,0.25,double,1.0,0.08211954460070045,0.7622017996511549,0.05799702672323144,0.023263558714138922,0.2556053811659193,0.9732549289095946,0.0066762753
yelp,46,AFM,keps,4,0.1,0.25,double,1.0,0.0793449161535373,0.7523365620734003,0.03844410602269843,0.014982372876038739,0.04855419823720427,0.992967567765868,0.005716306
yelp,46,SASRec,keps,4,0.1,0.25,double,1.0,0.1313385625147342,0.7320615311292292,0.07266851589977881,0.028860897366466572,0.8016081645276016,0.7908999771593916,0.40576935
yelp,46,B_blind,keps,5,0.01,0.25,double,0.039,0.09820792899672155,0.7450308968422522,0.052376808441205264,0.02047492665805472,0.32395237358899026,0.926998064174759,0.041715164
yelp,46,EASE,keps,5,0.01,0.25,double,0.039,0.06912146844364274,0.535463490108258,0.03853022227056818,0.015552825804460157,0.2744703881243235,0.9646831634708515,0.34790465
yelp,46,AFM,keps,5,0.01,0.25,double,0.039,0.08530219545212134,0.7414189655001867,0.0385936763479459,0.014995034758363373,0.061233957012525125,0.99224025990355,0.010643969
yelp,46,SASRec,keps,5,0.01,0.25,double,0.039,0.1408570249817717,0.7121390889690995,0.07213368867616665,0.0289367205555308,0.8240296891912788,0.7822788896984989,0.41430846
yelp,46,B_blind,keps,5,0.03,0.25,double,0.8896,0.09302295776857564,0.7467851184827201,0.05191450016316763,0.02033980834697023,0.3097263027678986,0.9279496945146426,0.040640976
yelp,46,EASE,keps,5,0.03,0.25,double,0.8896,0.07822058568453477,0.6468558887977675,0.04915424779723703,0.019867378767215275,0.24385340961806093,0.970494162255719,0.18941313
yelp,46,AFM,keps,5,0.03,0.25,double,0.8896,0.08083232710967439,0.7509887648619367,0.03872964937089815,0.015047799482881761,0.05427555280655636,0.9927793623472025,0.006900631
yelp,46,SASRec,keps,5,0.03,0.25,double,0.8896,0.13729734714347167,0.7212709151526169,0.07250081583813771,0.028842195049347444,0.8127416112571517,0.7871033210453138,0.40979004
yelp,46,B_blind,keps,5,0.05,0.25,double,1.0,0.09183033578409347,0.7474177337523565,0.05218644620907212,0.020376208173095437,0.29735580640173187,0.9284186216743295,0.040054932
yelp,46,EASE,keps,5,0.05,0.25,double,1.0,0.08636645861009415,0.681264020075852,0.050989883607092355,0.020610844055168408,0.23302922529766507,0.9728933361250942,0.15440688
yelp,46,AFM,keps,5,0.05,0.25,double,1.0,0.08013834653582444,0.7519586165660195,0.0385936763479459,0.015007803014502621,0.05040977269212927,0.9929091525609497,0.006174535
yelp,46,SASRec,keps,5,0.05,0.25,double,1.0,0.13482654987337017,0.7240630682168075,0.07265038616338518,0.02890734017246843,0.8081026751198391,0.7891425526454661,0.40774637
yelp,46,B_blind,keps,5,0.1,0.25,double,1.0,0.09049300193053636,0.7478521705659756,0.05199608397693897,0.020338811351034318,0.292098345446111,0.9286131083023468,0.039946154
yelp,46,EASE,keps,5,0.1,0.25,double,1.0,0.08211954460070045,0.7622017996511549,0.05799702672323144,0.023263558714138922,0.2556053811659193,0.9732550231046067,0.006677635
yelp,46,AFM,keps,5,0.1,0.25,double,1.0,0.0793449161535373,0.7523365620734003,0.03844410602269843,0.014982372876038739,0.04855419823720427,0.992967567765868,0.005716306
yelp,46,SASRec,keps,5,0.1,0.25,double,1.0,0.1313385625147342,0.7320615311292292,0.07266851589977881,0.028860897366466572,0.8016081645276016,0.7908999771593916,0.40576935
yelp,46,B_blind,keps,6,0.01,0.25,double,0.0568,0.09944206989033733,0.7441134617304391,0.05251278146415751,0.020496179681133587,0.32379774238441317,0.9269306474590029,0.041923203
yelp,46,EASE,keps,6,0.01,0.25,double,0.0568,0.06979931492530361,0.5356289610121734,0.038475833061387285,0.015525684241459985,0.27740838101128806,0.9646014417286697,0.3480352
yelp,46,AFM,keps,6,0.01,0.25,double,0.0568,0.08588605874766575,0.7405550737421557,0.03856648174335545,0.014983374138809595,0.061233957012525125,0.9922454238086742,0.010694278
yelp,46,SASRec,keps,6,0.01,0.25,double,0.0568,0.14234882945405253,0.7114011881092228,0.0721064940715762,0.02892170328098916,0.8237204267821246,0.7820803850644995,0.41568854
yelp,46,B_blind,keps,6,0.03,0.25,double,0.8896,0.09347240842586799,0.7461924638375126,0.05191450016316763,0.020343606346584244,0.3097263027678986,0.9278925206654185,0.040707603
yelp,46,EASE,keps,6,0.03,0.25,double,0.8896,0.08045623934039381,0.6466895974712444,0.04948058305232242,0.019947088946107177,0.24663677130044842,0.9704129476527537,0.18935603
yelp,46,AFM,keps,6,0.03,0.25,double,0.8896,0.08107991053064091,0.7504219786703741,0.038688857464012474,0.015042291093262411,0.05458481521571053,0.992778528469038,0.0069495807
yelp,46,SASRec,keps,6,0.03,0.25,double,0.8896,0.13795524531110204,0.7205714022627352,0.07244642662895681,0.028811416333099422,0.8127416112571517,0.7868201557006544,0.41081393
yelp,46,B_blind,keps,6,0.05,0.25,double,1.0,0.09221732900476841,0.7473271868299399,0.05215925160448167,0.02037140044661595,0.29735580640173187,0.9283818641734503,0.040120203
yelp,46,EASE,keps,6,0.05,0.25,double,1.0,0.08840764589558865,0.6811661609323546,0.05122103774611117,0.02066013150544116,0.23442090613885883,0.9728431734965648,0.15441641
yelp,46,AFM,keps,6,0.05,0.25,double,1.0,0.08032417258923712,0.7516704147859664,0.038552884441060226,0.014996558000224607,0.05025514148755219,0.9929090230428081,0.0062044486
yelp,46,SASRec,keps,6,0.05,0.25,double,1.0,0.13521011089809845,0.7236232901688091,0.07269117807027085,0.02889244187439281,0.8081026751198391,0.7889885972059978,0.4084045
yelp,46,B_blind,keps,6,0.1,0.25,double,1.0,0.09049300193053636,0.7478521705659756,0.05199608397693897,0.020338811351034318,0.292098345446111,0.9286131083023468,0.039946154
yelp,46,EASE,keps,6,0.1,0.25,double,1.0,0.08211954460070045,0.7622017996511549,0.05799702672323144,0.023263558714138922,0.2556053811659193,0.9732550281507681,0.0066762753
yelp,46,AFM,keps,6,0.1,0.25,double,1.0,0.0793449161535373,0.7523365620734003,0.03844410602269843,0.014982372876038739,0.04855419823720427,0.992967567765868,0.005716306
yelp,46,SASRec,keps,6,0.1,0.25,double,1.0,0.1313385625147342,0.7320615311292292,0.07266851589977881,0.028860897366466572,0.8016081645276016,0.7908999771593916,0.40576935
kuairand,42,B_blind,kappa,4,0.01,0.0,double,0.2428,0.08404985419386243,0.2778619371003631,0.10191782898726501,0.03825558735809728,0.28129762682342696,0.934204715229638,0.020809012
kuairand,42,B_blind,kappa,4,0.01,0.05,double,0.2428,0.08431206440618544,0.27827840413868093,0.101823074590661,0.038269519307540904,0.284345743522752,0.934118521118104,0.020728473
kuairand,42,B_blind,kappa,4,0.01,0.1,double,0.2428,0.08452252040394662,0.27815378378607536,0.1017662219526986,0.03831454763086047,0.2880470280862182,0.9336592632888367,0.021003263
kuairand,42,B_blind,kappa,4,0.01,0.25,double,0.2428,0.08400559547891069,0.2750689147014973,0.1015009096422074,0.038358664158725894,0.3028521663400827,0.9309490370956304,0.02311344
kuairand,42,B_blind,kappa,4,0.01,0.5,double,0.2428,0.08266547297234685,0.2626960437483804,0.09880988477865373,0.037477348533123477,0.3339865011974744,0.9234299223301945,0.029933862
kuairand,42,B_blind,kappa,4,0.01,1.0,double,0.2428,0.08037130443974164,0.2352664389513795,0.09219602789569437,0.03497965627059409,0.3762246897452645,0.9088434123624198,0.04883547
kuairand,42,B_blind,kappa,4,0.01,1.5,double,0.2428,0.07839993996637504,0.21730560962163165,0.085771679805943,0.03267049954750474,0.3940779446984542,0.901337880917213,0.06548666
kuairand,42,B_blind,kappa,4,0.01,0.0,single,0.2428,0.08404985419386243,0.2778619371003631,0.10191782898726501,0.03825558735809728,0.28129762682342696,0.934204715229638,0.020809012
kuairand,42,B_blind,kappa,4,0.01,0.05,single,0.2428,0.08427182743033172,0.27835972173729734,0.10197468162522741,0.038294609042457316,0.2841280209013716,0.9341635427629542,0.020688677
kuairand,42,B_blind,kappa,4,0.01,0.1,single,0.2428,0.08443312235097214,0.27812502894481145,0.101633565797453,0.038271081475826724,0.2878293054648378,0.9337078139315278,0.020935038
kuairand,42,B_blind,kappa,4,0.01,0.25,single,0.2428,0.08378429677162956,0.27461876948629194,0.10112189205579139,0.03823881743402117,0.3035053342042238,0.9308236897990019,0.023283051
kuairand,42,B_blind,kappa,4,0.01,0.5,single,0.2428,0.08200457737139331,0.2614227434230369,0.09843086719223772,0.03729585814243133,0.3342042238188548,0.9229454878472092,0.030577244
kuairand,42,B_blind,kappa,4,0.01,1.0,single,0.2428,0.0794840279888582,0.23354695719866012,0.09104002425712553,0.034603487550280664,0.3775310254735467,0.90784089681783,0.050667074
kuairand,42,B_blind,kappa,4,0.01,1.5,single,0.2428,0.07670393341739509,0.21361375990088735,0.08408505154639176,0.03206585403391066,0.39538428042673635,0.9001411896210874,0.06823549
kuairand,42,EASE,kappa,4,0.01,0.0,double,0.2428,0.07822033487044078,0.27539520122902744,0.10327281685870224,0.03898408164849005,0.25321140866536035,0.9732396147365865,0.0062253643
kuairand,42,EASE,kappa,4,0.01,0.05,double,0.2428,0.07702401843949133,0.2689510602916485,0.0977675864160097,0.03701951111639793,0.34400174178097104,0.9625736022775448,0.017031157
kuairand,42,EASE,kappa,4,0.01,0.1,double,0.2428,0.07369041876158658,0.24901965432727122,0.08779942389326864,0.033706524690400426,0.3379055083823209,0.9548107683938316,0.048008263
kuairand,42,EASE,kappa,4,0.01,0.25,double,0.2428,0.06473720602068025,0.20280579188999376,0.06879169193450577,0.02678399250615639,0.3250598737208796,0.9532913134615559,0.1540337
kuairand,42,EASE,kappa,4,0.01,0.5,double,0.2428,0.053689630796751736,0.1722737600457382,0.05613250454821104,0.021962346299361352,0.31112562595253646,0.9568960537543816,0.2597218
kuairand,42,EASE,kappa,4,0.01,1.0,double,0.2428,0.04675744975588438,0.1551174306057663,0.04731087022437841,0.018877377420108084,0.29544959721315045,0.9606916190456196,0.36030737
kuairand,42,EASE,kappa,4,0.01,1.5,double,0.2428,0.04466409149610231,0.14627826518135878,0.04244996967859309,0.01709261342582855,0.28238623993032874,0.9630702374463895,0.41144824
kuairand,42,EASE,kappa,4,0.01,0.0,single,0.2428,0.07822033487044078,0.27539520122902744,0.10327281685870224,0.03898408164849005,0.25321140866536035,0.9732396147365865,0.0062253643
kuairand,42,EASE,kappa,4,0.01,0.05,single,0.2428,0.07670243000904933,0.26869977638377673,0.0974833232261977,0.03687595748152313,0.3453080775092532,0.9621381083475697,0.017373217
kuairand,42,EASE,kappa,4,0.01,0.1,single,0.2428,0.07297396498135268,0.24782141764770146,0.08699401152213462,0.03342319940977827,0.3426954060526889,0.9539665275565672,0.048957705
kuairand,42,EASE,kappa,4,0.01,0.25,single,0.2428,0.06273877318597226,0.19772424679218328,0.06535210733778048,0.025731546839928593,0.3257130415850207,0.9521205996825659,0.16226311
kuairand,42,EASE,kappa,4,0.01,0.5,single,0.2428,0.051629959030834074,0.16377596554724572,0.0507125530624621,0.020149403648456198,0.30328761158284345,0.9567220695809282,0.29623446
kuairand,42,EASE,kappa,4,0.01,1.0,single,0.2428,0.045068334950508895,0.1383657767909838,0.04153085203153426,0.01652394836708126,0.27433050293925537,0.9617741470759218,0.41459695
kuairand,42,EASE,kappa,4,0.01,1.5,single,0.2428,0.0424506069889628,0.12444072468039685,0.03818602183141298,0.015042531032145806,0.26039625517091225,0.9635366415684901,0.44915193
kuairand,42,AFM,kappa,4,0.01,0.0,double,0.2428,0.06362217598980688,0.2691042128853751,0.06309063573883161,0.02538348926861709,0.06335728282168518,0.9889819917711675,0.0010754624
kuairand,42,AFM,kappa,4,0.01,0.05,double,0.2428,0.06380656793687331,0.2692639177892783,0.06390236506973923,0.025658356134100994,0.06640539952101024,0.9887978451732056,0.0009096422
kuairand,42,AFM,kappa,4,0.01,0.1,double,0.2428,0.06417596422922298,0.27633425832870046,0.06391184050939963,0.025536651374339917,0.06901807097757456,0.9885418663667667,0.0008878487
kuairand,42,AFM,kappa,4,0.01,0.25,double,0.2428,0.06465206629951178,0.27794938004971537,0.06405397210430563,0.025686843725800414,0.08491182233834095,0.9873070224490639,0.0011124166
kuairand,42,AFM,kappa,4,0.01,0.5,double,0.2428,0.06505211152506761,0.26623886450022544,0.06373180715585203,0.02560597043643619,0.10407141301981276,0.9839028701789589,0.0015757657
kuairand,42,AFM,kappa,4,0.01,1.0,double,0.2428,0.06428190213447885,0.23202237039213763,0.06099340509399636,0.02379032780104679,0.12910951447855432,0.9777953879707524,0.002877691
kuairand,42,AFM,kappa,4,0.01,1.5,double,0.2428,0.06261974866059876,0.21258117936092485,0.057373787143723466,0.02213652009131429,0.13694752884824735,0.9750561408969036,0.00511958
kuairand,42,AFM,kappa,4,0.01,0.0,single,0.2428,0.06362217598980688,0.2691042128853751,0.06309063573883161,0.02538348926861709,0.06335728282168518,0.9889819917711675,0.0010754624
kuairand,42,AFM,kappa,4,0.01,0.05,single,0.2428,0.0637378707085631,0.26916643800379614,0.06379813523347483,0.02562735514631336,0.06618767689962987,0.9887868781718481,0.00088879635
kuairand,42,AFM,kappa,4,0.01,0.1,single,0.2428,0.06410245616793639,0.27643631737281554,0.06380761067313523,0.025533011662893016,0.06923579359895493,0.9885239028476507,0.0008651076
kuairand,42,AFM,kappa,4,0.01,0.25,single,0.2428,0.06454932970540102,0.2809393186906049,0.06404449666464523,0.025662053812909785,0.08491182233834095,0.9872507664357804,0.0011218921
kuairand,42,AFM,kappa,4,0.01,0.5,single,0.2428,0.06494893726415779,0.2663333927018607,0.06396869314736203,0.025649004413081794,0.10472458088395384,0.983678779022366,0.0015985068
kuairand,42,AFM,kappa,4,0.01,1.0,single,0.2428,0.06332544308102558,0.2291242287295855,0.061230291085506365,0.0237415070777477,0.13063357282821686,0.977348379514559,0.002907065
kuairand,42,AFM,kappa,4,0.01,1.5,single,0.2428,0.06089541865736038,0.20759846321629113,0.056881064281382655,0.02178479629105393,0.1399956455475724,0.9744802759512095,0.0051650624
kuairand,42,SASRec,kappa,4,0.01,0.0,double,0.2428,0.11197253424906382,0.2938419465848032,0.1016304073175662,0.0400344551400231,0.7119529719137818,0.8303745391053725,0.3829584
kuairand,42,SASRec,kappa,4,0.01,0.05,double,0.2428,0.11144178899944379,0.2932416109576795,0.10211681322013341,0.04019066486176479,0.713259307642064,0.8299597921178072,0.38180336
kuairand,42,SASRec,kappa,4,0.01,0.1,double,0.2428,0.11129292693131856,0.29202873595788703,0.101870451788963,0.040108338548536335,0.7145656433703462,0.8290629765157964,0.3811164
kuairand,42,SASRec,kappa,4,0.01,0.25,double,0.2428,0.10844517687615618,0.282622492591431,0.10013644633110977,0.039554553517252636,0.7158719790986283,0.8242054164080468,0.38167825
kuairand,42,SASRec,kappa,4,0.01,0.5,double,0.2428,0.10162977922459697,0.2595219517615516,0.09597672832019406,0.03789538564075013,0.7271935554104071,0.8149737317624295,0.38680926
kuairand,42,SASRec,kappa,4,0.01,1.0,double,0.2428,0.09323092686908556,0.2282052945882579,0.08747725894481503,0.035072445137495044,0.7326366209449162,0.8089373964282662,0.39774957
kuairand,42,SASRec,kappa,4,0.01,1.5,double,0.2428,0.08941688525428376,0.21333889761836328,0.08348809884778653,0.03353045844293925,0.7315480078380143,0.814101947165097,0.40491018
kuairand,42,SASRec,kappa,4,0.01,0.0,single,0.2428,0.11197253424906382,0.2938419465848032,0.1016304073175662,0.0400344551400231,0.7119529719137818,0.8303745391053725,0.3829584
kuairand,42,SASRec,kappa,4,0.01,0.05,single,0.2428,0.1114628447882638,0.2931830906421969,0.10234422377198302,0.04021995695616384,0.7139124755062051,0.8300164042079221,0.3815949
kuairand,42,SASRec,kappa,4,0.01,0.1,single,0.2428,0.11111441380312946,0.29186546327783924,0.1018515009096422,0.04008295501127788,0.7143479207489658,0.8291088963984927,0.38079804
kuairand,42,SASRec,kappa,4,0.01,0.25,single,0.2428,0.10780016074985123,0.28128739585969903,0.09983323226197696,0.03939373607507721,0.7167428695841498,0.8240775951407584,0.38136277
kuairand,42,SASRec,kappa,4,0.01,0.5,single,0.2428,0.10033400797792144,0.2569325729489589,0.09513341419041843,0.037642146842678824,0.7271935554104071,0.8147617521693371,0.38683766
kuairand,42,SASRec,kappa,4,0.01,1.0,single,0.2428,0.09081079080113,0.22389917511025548,0.08634020618556701,0.03467461782484328,0.7332897888090573,0.809434120306866,0.3982025
kuairand,42,SASRec,kappa,4,0.01,1.5,single,0.2428,0.08697659136356234,0.20809844196616195,0.0821615372953305,0.033041298336043017,0.7322011757021555,0.8155831413736752,0.40585673
kuairand,42,B_blind,keps,3,0.01,0.25,double,0.199,0.08521238263940556,0.2695916031043153,0.10214523953911461,0.03856860684836847,0.3043762246897453,0.930183571346145,0.023905588
kuairand,42,EASE,keps,3,0.01,0.25,double,0.199,0.059741910014908084,0.18419356159218808,0.06503941782898727,0.024896860668859176,0.30655345090354885,0.9580476648159584,0.16090718
kuairand,42,AFM,keps,3,0.01,0.25,double,0.199,0.06599296898751376,0.2747480871863663,0.06520997574287447,0.026067319940771088,0.08534726758110167,0.9871982737791325,0.0010603017
kuairand,42,SASRec,keps,3,0.01,0.25,double,0.199,0.110076698154171,0.2764215296232272,0.10010802001212857,0.03938384116868534,0.7184846505551927,0.8228171153416284,0.38373923
kuairand,42,B_blind,keps,3,0.03,0.25,double,0.5639,0.08497480074240021,0.27272963817038487,0.1015956640388114,0.03833308552944096,0.29936860439799695,0.9317164837545784,0.022582816
kuairand,42,EASE,keps,3,0.03,0.25,double,0.5639,0.06961752155590992,0.2222388455120684,0.07966949666464523,0.030660428365864065,0.32658393207054215,0.9552139670216904,0.07007467
kuairand,42,AFM,keps,3,0.03,0.25,double,0.5639,0.06578848077468677,0.2721597440684391,0.06520997574287447,0.026037236398729947,0.0829523187459177,0.9877478620701448,0.00087647815
kuairand,42,SASRec,keps,3,0.03,0.25,double,0.5639,0.11030849307210303,0.28223361135228464,0.10085657974530018,0.039644188267316485,0.7169605922055301,0.8256520319666716,0.38267988
kuairand,42,B_blind,keps,3,0.05,0.25,double,0.7731,0.08496481678966959,0.2751794810760963,0.1015767131594906,0.038234073775955134,0.2934900936207272,0.9328835274253262,0.021652328
kuairand,42,EASE,keps,3,0.05,0.25,double,0.7731,0.07871275168945922,0.2360872167688836,0.09067048211036992,0.03479830003796942,0.3254953189636403,0.9571356179552901,0.041899446
kuairand,42,AFM,keps,3,0.05,0.25,double,0.7731,0.06519226952640403,0.2745502731290569,0.06412977562158884,0.025710750353264453,0.07794469845416939,0.9882765949040231,0.0009409112
kuairand,42,SASRec,keps,3,0.05,0.25,double,0.7731,0.11132501711630309,0.287014440779528,0.10109346573681019,0.039712019420170754,0.7154365338558676,0.8274262745190462,0.38338768
kuairand,42,B_blind,keps,3,0.1,0.25,double,1.0,0.08404985419386243,0.2778619371003631,0.10191782898726501,0.03825558735809728,0.28129762682342696,0.934204715229638,0.020809012
kuairand,42,EASE,keps,3,0.1,0.25,double,1.0,0.07822033487044078,0.27539520122902744,0.10327281685870224,0.03898408164849005,0.25321140866536035,0.9732396147365865,0.0062253643
kuairand,42,AFM,keps,3,0.1,0.25,double,1.0,0.06362217598980688,0.2691042128853751,0.06309063573883161,0.02538348926861709,0.06335728282168518,0.9889819917711675,0.0010754624
kuairand,42,SASRec,keps,3,0.1,0.25,double,1.0,0.11197253424906382,0.2938419465848032,0.1016304073175662,0.0400344551400231,0.7119529719137818,0.8303745391053725,0.3829584
kuairand,42,B_blind,keps,4,0.03,0.25,double,0.6241,0.08487936234735874,0.2727097173819035,0.1015956640388114,0.03833246325133434,0.2980622686697148,0.932466802416523,0.021945119
kuairand,42,EASE,keps,4,0.03,0.25,double,0.6241,0.0697200874072524,0.22535153761757123,0.08059808975136447,0.0309737400024988,0.3261484868277814,0.9559039189015583,0.06588841
kuairand,42,AFM,keps,4,0.03,0.25,double,0.6241,0.06538190704733199,0.2710253183769022,0.06480253183747726,0.02587762050717473,0.08077509253211408,0.9879289570525294,0.0008092025
kuairand,42,SASRec,keps,4,0.03,0.25,double,0.6241,0.11068893543724265,0.28340137587747855,0.10105556397816859,0.03973296174896859,0.7171783148269105,0.8269844809586449,0.3816593
kuairand,42,B_blind,keps,4,0.05,0.25,double,0.875,0.08277299096007297,0.2790757591562919,0.1016904184354154,0.038221212769607146,0.28848247332897886,0.9336754542632637,0.021126442
kuairand,42,EASE,keps,4,0.05,0.25,double,0.875,0.07234705205866299,0.2663316875190016,0.09545557913887204,0.03638633633598867,0.3028521663400827,0.96509536480224,0.0143988775
kuairand,42,AFM,keps,4,0.05,0.25,double,0.875,0.06341637628333706,0.27429204068274127,0.06388341419041843,0.025639607004364896,0.07402569126932289,0.9884827547245743,0.0007836189
kuairand,42,SASRec,keps,4,0.05,0.25,double,0.875,0.10927572384075133,0.2928167402508549,0.1017093693147362,0.040026439671962025,0.7130415850206836,0.8297080247554185,0.38076773
kuairand,42,B_blind,keps,4,0.1,0.25,double,1.0,0.08404985419386243,0.2778619371003631,0.10191782898726501,0.03825558735809728,0.28129762682342696,0.934204715229638,0.020809012
kuairand,42,EASE,keps,4,0.1,0.25,double,1.0,0.07822033487044078,0.27539520122902744,0.10327281685870224,0.03898408164849005,0.25321140866536035,0.9732396147365865,0.0062253643
kuairand,42,AFM,keps,4,0.1,0.25,double,1.0,0.06362217598980688,0.2691042128853751,0.06309063573883161,0.02538348926861709,0.06335728282168518,0.9889819917711675,0.0010754624
kuairand,42,SASRec,keps,4,0.1,0.25,double,1.0,0.11197253424906382,0.2938419465848032,0.1016304073175662,0.0400344551400231,0.7119529719137818,0.8303745391053725,0.3829584
kuairand,42,B_blind,keps,5,0.01,0.25,double,0.2577,0.08449995808450082,0.2746972992543877,0.1015956640388114,0.03840722056155325,0.30328761158284345,0.9310120936400039,0.023073643
kuairand,42,EASE,keps,5,0.01,0.25,double,0.2577,0.06530568154460296,0.20160147102368925,0.06864008489993936,0.026793498904271254,0.34291312867406926,0.9495007584147681,0.13508472
kuairand,42,AFM,keps,5,0.01,0.25,double,0.2577,0.06496802316849178,0.27803458858304664,0.06435718617343844,0.025789570644945567,0.08425865447419988,0.9873679454206752,0.0011181019
kuairand,42,SASRec,keps,5,0.01,0.25,double,0.2577,0.10929776555600604,0.28284077303805993,0.10042070952092177,0.03968283807024779,0.7160897017200087,0.8241375373538211,0.38209048
kuairand,42,B_blind,keps,5,0.03,0.25,double,0.72,0.08252816008961536,0.2816637289376985,0.101349302607641,0.038202704988390464,0.2958850424559112,0.9328353072780486,0.021850364
kuairand,42,EASE,keps,5,0.03,0.25,double,0.72,0.0683841533632992,0.2564222296895033,0.0897134627046695,0.034352222226573165,0.3544524276072284,0.9542040402928125,0.03795956
kuairand,42,AFM,keps,5,0.03,0.25,double,0.72,0.06364303636079587,0.279144988529003,0.06440456337174044,0.025748299183914927,0.07925103418245155,0.9881440212694799,0.0009930261
kuairand,42,SASRec,keps,5,0.03,0.25,double,0.72,0.10888340174000635,0.29279912370517364,0.10098923590054579,0.039775998703130276,0.7139124755062051,0.8276927202513857,0.38264102
kuairand,42,B_blind,keps,5,0.05,0.25,double,0.9657,0.08424581044620155,0.27859769402051876,0.10229684657368102,0.03842015521129077,0.28238623993032874,0.9336448931337098,0.021278996
kuairand,42,EASE,keps,5,0.05,0.25,double,0.9657,0.07751268786955855,0.2721208629881475,0.10113136749545179,0.038361565725381325,0.2793381232310037,0.9687587888674158,0.010072393
kuairand,42,AFM,keps,5,0.05,0.25,double,0.9657,0.06405055855211081,0.2708727536377525,0.06390236506973923,0.025664744024587488,0.0694535162203353,0.9887630457803731,0.0010081867
kuairand,42,SASRec,keps,5,0.05,0.25,double,0.9657,0.11125703537457496,0.2931916342561861,0.1017662219526986,0.040059770864445246,0.7134770302634443,0.8295908399940743,0.38351557
kuairand,42,B_blind,keps,5,0.1,0.25,double,1.0,0.08404985419386243,0.2778619371003631,0.10191782898726501,0.03825558735809728,0.28129762682342696,0.934204715229638,0.020809012
kuairand,42,EASE,keps,5,0.1,0.25,double,1.0,0.07822033487044078,0.27539520122902744,0.10327281685870224,0.03898408164849005,0.25321140866536035,0.973239628765106,0.0062253643
kuairand,42,AFM,keps,5,0.1,0.25,double,1.0,0.06362217598980688,0.2691042128853751,0.06309063573883161,0.02538348926861709,0.06335728282168518,0.9889819917711675,0.0010754624
kuairand,42,SASRec,keps,5,0.1,0.25,double,1.0,0.11197253424906382,0.2938419465848032,0.1016304073175662,0.0400344551400231,0.7119529719137818,0.8303745391053725,0.3829584
kuairand,42,B_blind,keps,6,0.01,0.25,double,0.2673,0.0848313607675132,0.2749940338155251,0.101444057004245,0.03834980283257821,0.3041585020683649,0.9306961243458913,0.023429919
kuairand,42,EASE,keps,6,0.01,0.25,double,0.2673,0.06246596772913991,0.1935336579753633,0.06333383869011522,0.024985387897255955,0.36098410624863925,0.9459418674494382,0.18677987
kuairand,42,AFM,keps,6,0.01,0.25,double,0.2673,0.06544078821549873,0.27864939207236844,0.06410134930260764,0.02561312055008236,0.08795993903766601,0.9871614225090333,0.0013966799
kuairand,42,SASRec,keps,6,0.01,0.25,double,0.2673,0.10903471319435067,0.2815794023046387,0.10061969375379018,0.03964221941645669,0.7171783148269105,0.823603676270888,0.38207912
kuairand,42,B_blind,keps,6,0.03,0.25,double,0.7615,0.08278198721695931,0.2817353398745357,0.1014819587628866,0.03822536964698376,0.29719137818419333,0.9327153126867855,0.022144102
kuairand,42,EASE,keps,6,0.03,0.25,double,0.7615,0.06983961999418972,0.25915021593990895,0.09068943298969072,0.03478517189094864,0.38841715654256476,0.9520821805191197,0.031779677
kuairand,42,AFM,keps,6,0.03,0.25,double,0.7615,0.06367068073922953,0.2780139231785906,0.06399711946634323,0.025715840096002033,0.07946875680383192,0.9880857859971477,0.0010422984
kuairand,42,SASRec,keps,6,0.03,0.25,double,0.7615,0.10824909328110018,0.29231828810256744,0.1012640236506974,0.03981413616058636,0.7141301981275855,0.8275505911321008,0.38324648
kuairand,42,B_blind,keps,6,0.05,0.25,double,0.9657,0.08429719304782689,0.2788742140932689,0.10235369921164342,0.038440880949088256,0.28238623993032874,0.9335899784944448,0.021320686
kuairand,42,EASE,keps,6,0.05,0.25,double,0.9657,0.0778228905444059,0.27372650136706655,0.1015482868405094,0.038570351467521975,0.2786849553668626,0.9687568063075391,0.010122613
kuairand,42,AFM,keps,6,0.05,0.25,double,0.9657,0.0641064696482788,0.2711541756828043,0.06376970891449363,0.025618910689785664,0.0694535162203353,0.9887705811583185,0.0010489312
kuairand,42,SASRec,keps,6,0.05,0.25,double,0.9657,0.11137341457477379,0.29347441022186405,0.1016714675560946,0.04006230787822673,0.7134770302634443,0.8295194319420078,0.38377616
kuairand,42,B_blind,keps,6,0.1,0.25,double,1.0,0.08404985419386243,0.2778619371003631,0.10191782898726501,0.03825558735809728,0.28129762682342696,0.934204715229638,0.020809012
kuairand,42,EASE,keps,6,0.1,0.25,double,1.0,0.07822033487044078,0.27539520122902744,0.10327281685870224,0.03898408164849005,0.25321140866536035,0.9732396147365865,0.0062253643
kuairand,42,AFM,keps,6,0.1,0.25,double,1.0,0.06362217598980688,0.2691042128853751,0.06309063573883161,0.02538348926861709,0.06335728282168518,0.9889819917711675,0.0010754624
kuairand,42,SASRec,keps,6,0.1,0.25,double,1.0,0.11197253424906382,0.2938419465848032,0.1016304073175662,0.0400344551400231,0.7119529719137818,0.8303745391053725,0.3829584
kuairand,43,B_blind,kappa,4,0.01,0.0,double,0.2445,0.08404985419386243,0.2778619371003631,0.10191782898726501,0.03825558735809728,0.28129762682342696,0.934204715229638,0.020809012
kuairand,43,B_blind,kappa,4,0.01,0.05,double,0.2445,0.08436306029022402,0.278473357131168,0.101823074590661,0.03826508149229926,0.284345743522752,0.9341180969616933,0.020731315
kuairand,43,B_blind,kappa,4,0.01,0.1,double,0.2445,0.08454834765573455,0.2784259519944859,0.101728320194057,0.03827642773434059,0.2878293054648378,0.9336544671856095,0.021026
kuairand,43,B_blind,kappa,4,0.01,0.25,double,0.2445,0.08397022628887431,0.2753364464129059,0.1014061552456034,0.03832919343126292,0.30219899847594167,0.9309446044960974,0.023179768
kuairand,43,B_blind,kappa,4,0.01,0.5,double,0.2445,0.08241492799827549,0.26327619285248327,0.09852562158884172,0.03739823656346852,0.33268016546919227,0.9234364323884119,0.030009666
kuairand,43,B_blind,kappa,4,0.01,1.0,double,0.2445,0.07992962816990823,0.23610526614181582,0.09183596118859916,0.03487730024190083,0.37382974091008053,0.9089221519662967,0.048841152
kuairand,43,B_blind,kappa,4,0.01,1.5,double,0.2445,0.07785068054759074,0.21788530598582956,0.08529790782292299,0.03250338870548598,0.3940779446984542,0.9012725422628127,0.065042265
kuairand,43,B_blind,kappa,4,0.01,0.0,single,0.2445,0.08404985419386243,0.2778619371003631,0.10191782898726501,0.03825558735809728,0.28129762682342696,0.934204715229638,0.020809012
kuairand,43,B_blind,kappa,4,0.01,0.05,single,0.2445,0.0843037286285747,0.27849924885843963,0.1018609763493026,0.038261215067604,0.2841280209013716,0.9341712869182768,0.020695308
kuairand,43,B_blind,kappa,4,0.01,0.1,single,0.2445,0.08445334842883588,0.2782035373631801,0.1015956640388114,0.038249409754737604,0.28761158284345745,0.9337255129717923,0.02093314
kuairand,43,B_blind,kappa,4,0.01,0.25,single,0.2445,0.08375432168018423,0.2748935823141915,0.10087553062462098,0.038186485640339635,0.3028521663400827,0.9308912243292948,0.023248937
kuairand,43,B_blind,kappa,4,0.01,0.5,single,0.2445,0.08165648037995465,0.2616078388609305,0.09812765312310491,0.03722696751698091,0.33311561071195295,0.9230544551970019,0.030530816
kuairand,43,B_blind,kappa,4,0.01,1.0,single,0.2445,0.07896983704336508,0.23377258318758917,0.09086946634323832,0.03453900230536588,0.3757892445025038,0.9080399619209869,0.050309848
kuairand,43,B_blind,kappa,4,0.01,1.5,single,0.2445,0.07631911979196293,0.21370658167397785,0.08391449363250454,0.03204344603148765,0.39625517091225776,0.9001287009379764,0.06733342
kuairand,43,EASE,kappa,4,0.01,0.0,double,0.2445,0.07822033487044078,0.27539520122902744,0.10327281685870224,0.03898408164849005,0.25321140866536035,0.9732396147365865,0.0062253643
kuairand,43,EASE,kappa,4,0.01,0.05,double,0.2445,0.07693497790206785,0.26949994002155725,0.0977675864160097,0.036991109421815674,0.3435662965382103,0.9625671817542898,0.017271832
kuairand,43,EASE,kappa,4,0.01,0.1,double,0.2445,0.07329804136423654,0.2493354723217258,0.08765729229836264,0.03372051577048281,0.33921184411060307,0.9547385949622498,0.04948454
kuairand,43,EASE,kappa,4,0.01,0.25,double,0.2445,0.06423392118515309,0.20269453077853997,0.06840319890842936,0.02668421491631538,0.32593076420640105,0.9530238531371795,0.15814793
kuairand,43,EASE,kappa,4,0.01,0.5,double,0.2445,0.053664864434679646,0.17261950970928808,0.05619883262583384,0.022146412892735036,0.31417374265186154,0.956363765103434,0.2621636
kuairand,43,EASE,kappa,4,0.01,1.0,double,0.2445,0.04720305270173888,0.15620329752365175,0.048087856276531234,0.019228346048194223,0.2913128674069236,0.9604474357483908,0.35568622
kuairand,43,EASE,kappa,4,0.01,1.5,double,0.2445,0.045153404608934945,0.14752934996292671,0.0429142662219527,0.017369481234096252,0.276507729153059,0.9632315047669899,0.40163073
kuairand,43,EASE,kappa,4,0.01,0.0,single,0.2445,0.07822033487044078,0.27539520122902744,0.10327281685870224,0.03898408164849005,0.25321140866536035,0.9732396147365865,0.0062253643
kuairand,43,EASE,kappa,4,0.01,0.05,single,0.2445,0.07647169112802706,0.26883397668306236,0.0975591267434809,0.036867863440091894,0.3453080775092532,0.9621984883329591,0.017529562
kuairand,43,EASE,kappa,4,0.01,0.1,single,0.2445,0.07247997824903525,0.24765457515909522,0.08686135536688902,0.03343483429654663,0.34378401915959067,0.9539503407081755,0.050387543
kuairand,43,EASE,kappa,4,0.01,0.25,single,0.2445,0.06218537144903332,0.19737365764482373,0.06517207398423287,0.02568788997741555,0.3239712606139778,0.9520962511240969,0.16630627
kuairand,43,EASE,kappa,4,0.01,0.5,single,0.2445,0.05140395986743417,0.16428160313547663,0.05125265312310491,0.020411504287727318,0.3013281079904202,0.956890802962084,0.2965547
kuairand,43,EASE,kappa,4,0.01,1.0,single,0.2445,0.04525600645127236,0.14099769056175945,0.04253524863553669,0.01698570865285341,0.2780317875027215,0.9622707702792646,0.40467805
kuairand,43,EASE,kappa,4,0.01,1.5,single,0.2445,0.043052568960300124,0.12810232525392812,0.03940835354760461,0.01555803384678152,0.26213803614195513,0.9641664020227738,0.432895
kuairand,43,AFM,kappa,4,0.01,0.0,double,0.2445,0.06362217598980688,0.2691042128853751,0.06309063573883161,0.02538348926861709,0.06335728282168518,0.9889819917711675,0.0010754624
kuairand,43,AFM,kappa,4,0.01,0.05,double,0.2445,0.06381873845358206,0.26949188955019915,0.06386446331109763,0.025646451892893826,0.06662312214239059,0.9887959500852734,0.00091058976
kuairand,43,AFM,kappa,4,0.01,0.1,double,0.2445,0.06417606349078381,0.2764918107355433,0.06400659490600363,0.025545813611873403,0.06901807097757456,0.9885414265314225,0.0008887963
kuairand,43,AFM,kappa,4,0.01,0.25,double,0.2445,0.064658033787552,0.2781914542264568,0.06412977562158884,0.025703883262803328,0.08491182233834095,0.9872986016239809,0.0011228396
kuairand,43,AFM,kappa,4,0.01,0.5,double,0.2445,0.06509532233546254,0.2670639002132719,0.06375075803517283,0.02560872863559403,0.10472458088395384,0.9838693581090849,0.0015596574
kuairand,43,AFM,kappa,4,0.01,1.0,double,0.2445,0.0641028652127189,0.2337696347234514,0.06086074893875076,0.023807558993955855,0.1275854561288918,0.9777368535608739,0.0027980972
kuairand,43,AFM,kappa,4,0.01,1.5,double,0.2445,0.06242601700368747,0.2148379924255021,0.05763909945421468,0.022269770985842704,0.13607663836272588,0.974978933289868,0.0049528126
kuairand,43,AFM,kappa,4,0.01,0.0,single,0.2445,0.06362217598980688,0.2691042128853751,0.06309063573883161,0.02538348926861709,0.06335728282168518,0.9889819917711675,0.0010754624
kuairand,43,AFM,kappa,4,0.01,0.05,single,0.2445,0.06374632256170337,0.2693552726764018,0.06383603699211643,0.025635429424764728,0.06640539952101024,0.9887866169938249,0.0008869012
kuairand,43,AFM,kappa,4,0.01,0.1,single,0.2445,0.06407756643752635,0.2764459053793309,0.06390236506973923,0.025545618543309074,0.06923579359895493,0.9885236449704555,0.0008688979
kuairand,43,AFM,kappa,4,0.01,0.25,single,0.2445,0.06449345907275153,0.28099177710082057,0.06417715281989084,0.025682462587381376,0.08491182233834095,0.9872443380730584,0.0011181019
kuairand,43,AFM,kappa,4,0.01,0.5,single,0.2445,0.06490194280236351,0.26701989435182244,0.06394974226804123,0.02565983883728802,0.10516002612671456,0.9836627811463827,0.0015662902
kuairand,43,AFM,kappa,4,0.01,1.0,single,0.2445,0.06325122789076523,0.23075627161659878,0.06087022437841116,0.023716149660104872,0.12910951447855432,0.9773172543560038,0.0028170485
kuairand,43,AFM,kappa,4,0.01,1.5,single,0.2445,0.06075890030466977,0.2095556080659996,0.056843162522741054,0.021814536418299425,0.1389070324406706,0.9744203704598595,0.004974606
kuairand,43,SASRec,kappa,4,0.01,0.0,double,0.2445,0.11197253424906382,0.2938419465848032,0.1016304073175662,0.0400344551400231,0.7119529719137818,0.8303745391053725,0.3829584
kuairand,43,SASRec,kappa,4,0.01,0.05,double,0.2445,0.11144077386361587,0.29333898586907914,0.10201258338386901,0.04014669119328955,0.713259307642064,0.8299572607952592,0.38182706
kuairand,43,SASRec,kappa,4,0.01,0.1,double,0.2445,0.11119590940087655,0.29214516555406395,0.1018325500303214,0.04007121746724372,0.7147833659917265,0.8290484986711526,0.38120353
kuairand,43,SASRec,kappa,4,0.01,0.25,double,0.2445,0.10841601343892229,0.2827461269120305,0.10009854457246817,0.03953591333942403,0.715654256477248,0.8241893533407088,0.38182706
kuairand,43,SASRec,kappa,4,0.01,0.5,double,0.2445,0.10145189292857847,0.2596667711033558,0.09604305639781686,0.03791319827681236,0.7261049423035053,0.8149855037532396,0.38675994
kuairand,43,SASRec,kappa,4,0.01,1.0,double,0.2445,0.09283333151824887,0.2285805081432635,0.08760043966040024,0.03506921456497086,0.7322011757021555,0.808641220137243,0.3973014
kuairand,43,SASRec,kappa,4,0.01,1.5,double,0.2445,0.08894029054354267,0.2137568765257641,0.08361127956337173,0.03354545141559373,0.7315480078380143,0.8131925644853077,0.40425828
kuairand,43,SASRec,kappa,4,0.01,0.0,single,0.2445,0.11197253424906382,0.2938419465848032,0.1016304073175662,0.0400344551400231,0.7119529719137818,0.8303745391053725,0.3829584
kuairand,43,SASRec,kappa,4,0.01,0.05,single,0.2445,0.11145921518422476,0.2932645392703059,0.10221156761673741,0.040183670917859404,0.7139124755062051,0.8300234254818912,0.38160723
kuairand,43,SASRec,kappa,4,0.01,0.1,single,0.2445,0.11103619553457558,0.2919694999735612,0.101870451788963,0.040070123352858256,0.7145656433703462,0.829151394972865,0.38081318
kuairand,43,SASRec,kappa,4,0.01,0.25,single,0.2445,0.10767216263398392,0.28135831648747456,0.09971952698605216,0.03937529492716214,0.7167428695841498,0.8241714673910532,0.3812898
kuairand,43,SASRec,kappa,4,0.01,0.5,single,0.2445,0.10034343045358114,0.2570561715352227,0.09538925106124924,0.03767501992944536,0.7263226649248857,0.8148827361838229,0.3863345
kuairand,43,SASRec,kappa,4,0.01,1.0,single,0.2445,0.09046179586759337,0.22403986435367462,0.08657709217707701,0.03469433659382407,0.7328543435662965,0.8091084692713368,0.39744544
kuairand,43,SASRec,kappa,4,0.01,1.5,single,0.2445,0.08630189845998686,0.20815126741177375,0.0822183899332929,0.033008578665531016,0.7326366209449162,0.8146238873073521,0.40485233
kuairand,43,B_blind,keps,3,0.01,0.25,double,0.199,0.0852123885022269,0.26959165851624317,0.10214523953911461,0.03856879866690749,0.3043762246897453,0.930183571346145,0.023905588
kuairand,43,EASE,keps,3,0.01,0.25,double,0.199,0.05974197685107125,0.18419419328816541,0.06503941782898727,0.024896860668859176,0.30655345090354885,0.9580476367589195,0.16090718
kuairand,43,AFM,keps,3,0.01,0.25,double,0.199,0.06599296898751376,0.2747480871863663,0.06520997574287447,0.026067319940771088,0.08534726758110167,0.9871982609884236,0.0010603017
kuairand,43,SASRec,keps,3,0.01,0.25,double,0.199,0.11007670650869138,0.27642160858522435,0.10010802001212857,0.03938384116868534,0.7184846505551927,0.8228169569018797,0.3837392
kuairand,43,B_blind,keps,3,0.03,0.25,double,0.5639,0.08497480074240021,0.27272963817038487,0.1015956640388114,0.03833308552944096,0.29936860439799695,0.9317164837545784,0.022582816
kuairand,43,EASE,keps,3,0.03,0.25,double,0.5639,0.06961752155590992,0.2222388455120684,0.07966949666464523,0.030660428365864065,0.32658393207054215,0.9552139670216904,0.07007467
kuairand,43,AFM,keps,3,0.03,0.25,double,0.5639,0.06578848077468677,0.2721597440684391,0.06520997574287447,0.026037236398729947,0.0829523187459177,0.9877478620701448,0.00087647815
kuairand,43,SASRec,keps,3,0.03,0.25,double,0.5639,0.11030849307210303,0.28223361135228464,0.10085657974530018,0.039644188267316485,0.7169605922055301,0.8256520319666716,0.38267988
kuairand,43,B_blind,keps,3,0.05,0.25,double,1.0,0.08404985419386243,0.2778619371003631,0.10191782898726501,0.03825558735809728,0.28129762682342696,0.934204715229638,0.020809012
kuairand,43,EASE,keps,3,0.05,0.25,double,1.0,0.07822033487044078,0.27539520122902744,0.10327281685870224,0.03898408164849005,0.25321140866536035,0.9732396147365865,0.0062253643
kuairand,43,AFM,keps,3,0.05,0.25,double,1.0,0.06362217598980688,0.2691042128853751,0.06309063573883161,0.02538348926861709,0.06335728282168518,0.9889819917711675,0.0010754624
kuairand,43,SASRec,keps,3,0.05,0.25,double,1.0,0.11197253424906382,0.2938419465848032,0.1016304073175662,0.0400344551400231,0.7119529719137818,0.8303745391053725,0.3829584
kuairand,43,B_blind,keps,3,0.1,0.25,double,1.0,0.08404985419386243,0.2778619371003631,0.10191782898726501,0.03825558735809728,0.28129762682342696,0.934204715229638,0.020809012
kuairand,43,EASE,keps,3,0.1,0.25,double,1.0,0.07822033487044078,0.27539520122902744,0.10327281685870224,0.03898408164849005,0.25321140866536035,0.9732396147365865,0.0062253643
kuairand,43,AFM,keps,3,0.1,0.25,double,1.0,0.06362217598980688,0.2691042128853751,0.06309063573883161,0.02538348926861709,0.06335728282168518,0.9889819917711675,0.0010754624
kuairand,43,SASRec,keps,3,0.1,0.25,double,1.0,0.11197253424906382,0.2938419465848032,0.1016304073175662,0.0400344551400231,0.7119529719137818,0.8303745391053725,0.3829584
kuairand,43,B_blind,keps,4,0.03,0.25,double,0.634,0.08384082162926675,0.27759667369430924,0.1016146149181322,0.03824133922318728,0.29653821032005223,0.9322355323714191,0.022656722
kuairand,43,EASE,keps,4,0.03,0.25,double,0.634,0.0737006334614407,0.24705377085429903,0.09051887507580351,0.03477499289272705,0.364467668190725,0.9514264689543253,0.045109726
kuairand,43,AFM,keps,4,0.03,0.25,double,0.634,0.06510706667604668,0.27959122913837425,0.06428138265615524,0.02583148613066178,0.08164598301763554,0.9881983471235329,0.0011692693
kuairand,43,SASRec,keps,4,0.03,0.25,double,0.634,0.1100050424232779,0.28904891244046643,0.10113136749545179,0.03971506500620703,0.7160897017200087,0.826389828524621,0.38512164
kuairand,43,B_blind,keps,4,0.05,0.25,double,1.0,0.08404985419386243,0.2778619371003631,0.10191782898726501,0.03825558735809728,0.28129762682342696,0.934204715229638,0.020809012
kuairand,43,EASE,keps,4,0.05,0.25,double,1.0,0.07822033487044078,0.27539520122902744,0.10327281685870224,0.03898408164849005,0.25321140866536035,0.9732396147365865,0.0062253643
kuairand,43,AFM,keps,4,0.05,0.25,double,1.0,0.06362217598980688,0.2691042128853751,0.06309063573883161,0.02538348926861709,0.06335728282168518,0.9889819917711675,0.0010754624
kuairand,43,SASRec,keps,4,0.05,0.25,double,1.0,0.11197253424906382,0.2938419465848032,0.1016304073175662,0.0400344551400231,0.7119529719137818,0.8303745391053725,0.3829584
kuairand,43,B_blind,keps,4,0.1,0.25,double,1.0,0.08404985419386243,0.2778619371003631,0.10191782898726501,0.03825558735809728,0.28129762682342696,0.934204715229638,0.020809012
kuairand,43,EASE,keps,4,0.1,0.25,double,1.0,0.07822033487044078,0.27539520122902744,0.10327281685870224,0.03898408164849005,0.25321140866536035,0.9732396147365865,0.0062253643
kuairand,43,AFM,keps,4,0.1,0.25,double,1.0,0.06362217598980688,0.2691042128853751,0.06309063573883161,0.02538348926861709,0.06335728282168518,0.9889819917711675,0.0010754624
kuairand,43,SASRec,keps,4,0.1,0.25,double,1.0,0.11197253424906382,0.2938419465848032,0.1016304073175662,0.0400344551400231,0.7119529719137818,0.8303745391053725,0.3829584
kuairand,43,B_blind,keps,5,0.01,0.25,double,0.2088,0.08462070005177158,0.27466060220448457,0.1014251061249242,0.03835180876810652,0.30502939255388634,0.9303403148818363,0.023950122
kuairand,43,EASE,keps,5,0.01,0.25,double,0.2088,0.06326447431324651,0.19498399212469716,0.0666597180109157,0.026232267768717565,0.3572828216851731,0.9474588896714051,0.13121115
kuairand,43,AFM,keps,5,0.01,0.25,double,0.2088,0.0653414284512315,0.27880702872389423,0.06422453001819284,0.025777030215963743,0.08883082952318747,0.9872784075702776,0.0011815873
kuairand,43,SASRec,keps,5,0.01,0.25,double,0.2088,0.10890733729444078,0.28187630954408766,0.10016487265009097,0.03950317667874636,0.715654256477248,0.8227318433989446,0.3840282
kuairand,43,B_blind,keps,5,0.03,0.25,double,0.6608,0.0828495157670051,0.2819101808973774,0.101823074590661,0.03833884261592733,0.2984977139124755,0.9319755335689597,0.023068907
kuairand,43,EASE,keps,5,0.03,0.25,double,0.6608,0.06835171538929802,0.25449446121934943,0.08932496967859309,0.03428522139933557,0.3683866753755715,0.9501484279245038,0.04561192
kuairand,43,AFM,keps,5,0.03,0.25,double,0.6608,0.06417024027082197,0.2806488918496594,0.06423400545785324,0.025748037920504587,0.08404093185281951,0.9880319003910425,0.0011171544
kuairand,43,SASRec,keps,5,0.03,0.25,double,0.6608,0.10823165556864432,0.2922458736783675,0.1012640236506974,0.03979751829030867,0.7139124755062051,0.8263964594756674,0.385151
kuairand,43,B_blind,keps,5,0.05,0.25,double,1.0,0.08404985419386243,0.2778619371003631,0.10191782898726501,0.03825558735809728,0.28129762682342696,0.934204715229638,0.020809012
kuairand,43,EASE,keps,5,0.05,0.25,double,1.0,0.07822033487044078,0.27539520122902744,0.10327281685870224,0.03898408164849005,0.25321140866536035,0.973239628765106,0.0062253643
kuairand,43,AFM,keps,5,0.05,0.25,double,1.0,0.06362217598980688,0.2691042128853751,0.06309063573883161,0.02538348926861709,0.06335728282168518,0.9889819917711675,0.0010754624
kuairand,43,SASRec,keps,5,0.05,0.25,double,1.0,0.11197253424906382,0.2938419465848032,0.1016304073175662,0.0400344551400231,0.7119529719137818,0.8303745391053725,0.3829584
kuairand,43,B_blind,keps,5,0.1,0.25,double,1.0,0.08404985419386243,0.2778619371003631,0.10191782898726501,0.03825558735809728,0.28129762682342696,0.934204715229638,0.020809012
kuairand,43,EASE,keps,5,0.1,0.25,double,1.0,0.07822033487044078,0.27539520122902744,0.10327281685870224,0.03898408164849005,0.25321140866536035,0.973239628765106,0.0062253643
kuairand,43,AFM,keps,5,0.1,0.25,double,1.0,0.06362217598980688,0.2691042128853751,0.06309063573883161,0.02538348926861709,0.06335728282168518,0.9889819917711675,0.0010754624
kuairand,43,SASRec,keps,5,0.1,0.25,double,1.0,0.11197253424906382,0.2938419465848032,0.1016304073175662,0.0400344551400231,0.7119529719137818,0.8303745391053725,0.3829584
kuairand,43,B_blind,keps,6,0.01,0.25,double,0.3622,0.08514552341499912,0.2788756189229728,0.1016714675560946,0.03862533069960136,0.3113433485739168,0.9300462032587886,0.024173744
kuairand,43,EASE,keps,6,0.01,0.25,double,0.3622,0.0581504842054318,0.19388913379748032,0.06524787750151607,0.02560762410595768,0.3838449814935772,0.9384792612106354,0.19477333
kuairand,43,AFM,keps,6,0.01,0.25,double,0.3622,0.06523854413998868,0.2780454653888804,0.06441403881140084,0.02568941971146102,0.09187894622251253,0.987275007717336,0.0015274409
kuairand,43,SASRec,keps,6,0.01,0.25,double,0.3622,0.10846063323475831,0.28357664553756706,0.10033543056397817,0.03944419169084221,0.715654256477248,0.8232226992303922,0.38616112
kuairand,43,B_blind,keps,6,0.03,0.25,double,0.7695,0.08326515762655855,0.2816314488631446,0.10201258338386901,0.03840555616530196,0.29871543653385585,0.9320975478544156,0.022880344
kuairand,43,EASE,keps,6,0.03,0.25,double,0.7695,0.07231251450351632,0.2587743362071142,0.09238553668890237,0.03532550253607221,0.3945133899412149,0.9516600986789161,0.03891658
kuairand,43,AFM,keps,6,0.03,0.25,double,0.7695,0.06404590792812413,0.27793538968874226,0.06376023347483323,0.025623112866677084,0.08317004136729807,0.9881170993029047,0.0010735673
kuairand,43,SASRec,keps,6,0.03,0.25,double,0.7695,0.10864746254203904,0.29208811934092854,0.10114084293511219,0.039615788217161566,0.7143479207489658,0.8268630278139657,0.38478336
kuairand,43,B_blind,keps,6,0.05,0.25,double,1.0,0.08404985419386243,0.2778619371003631,0.10191782898726501,0.03825558735809728,0.28129762682342696,0.934204715229638,0.020809012
kuairand,43,EASE,keps,6,0.05,0.25,double,1.0,0.07822033487044078,0.27539520122902744,0.10327281685870224,0.03898408164849005,0.25321140866536035,0.9732396147365865,0.0062253643
kuairand,43,AFM,keps,6,0.05,0.25,double,1.0,0.06362217598980688,0.2691042128853751,0.06309063573883161,0.02538348926861709,0.06335728282168518,0.9889819917711675,0.0010754624
kuairand,43,SASRec,keps,6,0.05,0.25,double,1.0,0.11197253424906382,0.2938419465848032,0.1016304073175662,0.0400344551400231,0.7119529719137818,0.8303745391053725,0.3829584
kuairand,43,B_blind,keps,6,0.1,0.25,double,1.0,0.08404985419386243,0.2778619371003631,0.10191782898726501,0.03825558735809728,0.28129762682342696,0.934204715229638,0.020809012
kuairand,43,EASE,keps,6,0.1,0.25,double,1.0,0.07822033487044078,0.27539520122902744,0.10327281685870224,0.03898408164849005,0.25321140866536035,0.9732396147365865,0.0062253643
kuairand,43,AFM,keps,6,0.1,0.25,double,1.0,0.06362217598980688,0.2691042128853751,0.06309063573883161,0.02538348926861709,0.06335728282168518,0.9889819917711675,0.0010754624
kuairand,43,SASRec,keps,6,0.1,0.25,double,1.0,0.11197253424906382,0.2938419465848032,0.1016304073175662,0.0400344551400231,0.7119529719137818,0.8303745391053725,0.3829584
kuairand,44,B_blind,kappa,4,0.01,0.0,double,0.2427,0.08404985419386243,0.2778619371003631,0.10191782898726501,0.03825558735809728,0.28129762682342696,0.934204715229638,0.020809012
kuairand,44,B_blind,kappa,4,0.01,0.05,double,0.2427,0.0843115351417536,0.27827866618838576,0.101823074590661,0.038269519307540904,0.284345743522752,0.9341189819962272,0.020727526
kuairand,44,B_blind,kappa,4,0.01,0.1,double,0.2427,0.08452212924692547,0.27815154310348694,0.1017662219526986,0.0383146293660116,0.2880470280862182,0.9336575555228992,0.02100421
kuairand,44,B_blind,kappa,4,0.01,0.25,double,0.2427,0.08401260760902576,0.27506261580481717,0.1015009096422074,0.03836224206314801,0.3028521663400827,0.930947803823732,0.023115337
kuairand,44,B_blind,kappa,4,0.01,0.5,double,0.2427,0.08266696496383563,0.2626678804782902,0.09884778653729533,0.037484255026305376,0.3339865011974744,0.9234252446441753,0.029940497
kuairand,44,B_blind,kappa,4,0.01,1.0,double,0.2427,0.08036525581333577,0.23522529813834955,0.09221497877501517,0.03498673013513012,0.3762246897452645,0.9088300204902204,0.04886958
kuairand,44,B_blind,kappa,4,0.01,1.5,double,0.2427,0.07839973519967201,0.21724400296254986,0.085771679805943,0.03267421324155652,0.39386022207707383,0.9013317702591954,0.06551413
kuairand,44,B_blind,kappa,4,0.01,0.0,single,0.2427,0.08404985419386243,0.2778619371003631,0.10191782898726501,0.03825558735809728,0.28129762682342696,0.934204715229638,0.020809012
kuairand,44,B_blind,kappa,4,0.01,0.05,single,0.2427,0.08427100171152589,0.27835855318140645,0.10197468162522741,0.038294609042457316,0.2841280209013716,0.9341631949381932,0.020688677
kuairand,44,B_blind,kappa,4,0.01,0.1,single,0.2427,0.08443182217700114,0.27811370871835134,0.101633565797453,0.03827116321097786,0.2878293054648378,0.9337063854981682,0.020935986
kuairand,44,B_blind,kappa,4,0.01,0.25,single,0.2427,0.08379156927611242,0.2746146316547975,0.10112189205579139,0.03824239533844328,0.3035053342042238,0.9308236539024963,0.023284001
kuairand,44,B_blind,kappa,4,0.01,0.5,single,0.2427,0.08200729671545867,0.26140499217377405,0.09846876895087932,0.037302663258682485,0.3342042238188548,0.9229384570833592,0.030583879
kuairand,44,B_blind,kappa,4,0.01,1.0,single,0.2427,0.07947664278281162,0.23349827537996878,0.09104002425712553,0.034606465196258714,0.3775310254735467,0.9078275391917221,0.050704025
kuairand,44,B_blind,kappa,4,0.01,1.5,single,0.2427,0.07671288836031748,0.21357335605273992,0.08408505154639176,0.03207034945319089,0.395166557805356,0.9001356594962118,0.06825727
kuairand,44,EASE,kappa,4,0.01,0.0,double,0.2427,0.07822033487044078,0.27539520122902744,0.10327281685870224,0.03898408164849005,0.25321140866536035,0.9732396147365865,0.0062253643
kuairand,44,EASE,kappa,4,0.01,0.05,double,0.2427,0.07703243437274708,0.26894399711226913,0.0977486355366889,0.03701570593656413,0.34400174178097104,0.9625736819100228,0.017032104
kuairand,44,EASE,kappa,4,0.01,0.1,double,0.2427,0.07368719821225549,0.24898591914622167,0.08781837477258944,0.03371283772984913,0.3381232310037013,0.9548132110066245,0.04794193
kuairand,44,EASE,kappa,4,0.01,0.25,double,0.2427,0.06474776446318574,0.20279849925754506,0.06888644633110977,0.026804112095538842,0.32484215109949927,0.9532772993832601,0.15362531
kuairand,44,EASE,kappa,4,0.01,0.5,double,0.2427,0.05371012497318216,0.1722445909570867,0.05617040630685264,0.02197370205992848,0.3115610711952972,0.9568598048854104,0.2592272
kuairand,44,EASE,kappa,4,0.01,1.0,double,0.2427,0.046795623254948744,0.15514236597606149,0.04736772286234081,0.018896477037854808,0.2958850424559112,0.9606331300221274,0.35963464
kuairand,44,EASE,kappa,4,0.01,1.5,double,0.2427,0.04467676225114276,0.14624192131171246,0.04243101879927229,0.01708812662698032,0.2834748530372306,0.9629969343063909,0.41097352
kuairand,44,EASE,kappa,4,0.01,0.0,single,0.2427,0.07822033487044078,0.27539520122902744,0.10327281685870224,0.03898408164849005,0.25321140866536035,0.9732396147365865,0.0062253643
kuairand,44,EASE,kappa,4,0.01,0.05,single,0.2427,0.07671161445181715,0.26869703372112475,0.0974454214675561,0.03686805794660479,0.3453080775092532,0.9621377320531666,0.017374165
kuairand,44,EASE,kappa,4,0.01,0.1,single,0.2427,0.07297189047471597,0.2477882549906063,0.08703191328077622,0.03343458111393529,0.34291312867406926,0.9539707773727442,0.048890427
kuairand,44,EASE,kappa,4,0.01,0.25,single,0.2427,0.06275264300474423,0.19771649438254404,0.06540895997574288,0.025743157220530152,0.3257130415850207,0.9521069949069543,0.16183768
kuairand,44,EASE,kappa,4,0.01,0.5,single,0.2427,0.051650648641924556,0.16376128873747692,0.0507694057004245,0.02016517139349643,0.3037230568256042,0.9566897239411833,0.29566786
kuairand,44,EASE,kappa,4,0.01,1.0,single,0.2427,0.04510905817538925,0.13840859673350606,0.04158770466949666,0.016543229241930302,0.2754191160461572,0.9617031223325183,0.4138588
kuairand,44,EASE,kappa,4,0.01,1.5,single,0.2427,0.04246167920413373,0.1244136110271499,0.03816707095209218,0.01503850237368124,0.2614848682778141,0.9634566575524202,0.44864404
kuairand,44,AFM,kappa,4,0.01,0.0,double,0.2427,0.06362217598980688,0.2691042128853751,0.06309063573883161,0.02538348926861709,0.06335728282168518,0.9889819917711675,0.0010754624
kuairand,44,AFM,kappa,4,0.01,0.05,double,0.2427,0.0638063014760617,0.2692630734410324,0.06390236506973923,0.025658356134100994,0.06640539952101024,0.9887978818949181,0.0009096422
kuairand,44,AFM,kappa,4,0.01,0.1,double,0.2427,0.06417569618326831,0.27633326158601185,0.06391184050939963,0.025535820875726385,0.06901807097757456,0.9885418069518608,0.0008878487
kuairand,44,AFM,kappa,4,0.01,0.25,double,0.2427,0.06465122344620336,0.27794764972231417,0.06403502122498483,0.025682529174392423,0.08491182233834095,0.9873065425911791,0.0011124166
kuairand,44,AFM,kappa,4,0.01,0.5,double,0.2427,0.06505519077828173,0.2662334316646735,0.06373180715585203,0.025605903878267607,0.10407141301981276,0.9839014483472555,0.001572923
kuairand,44,AFM,kappa,4,0.01,1.0,double,0.2427,0.06428293746274094,0.23198826551279675,0.06097445421467556,0.023785634349161106,0.12910951447855432,0.9777924506463482,0.0028852713
kuairand,44,AFM,kappa,4,0.01,1.5,double,0.2427,0.06262792135906413,0.2124933426361034,0.057354836264402666,0.022131926624881244,0.13694752884824735,0.9750534952831826,0.005113895
kuairand,44,AFM,kappa,4,0.01,0.0,single,0.2427,0.06362217598980688,0.2691042128853751,0.06309063573883161,0.02538348926861709,0.06335728282168518,0.9889819917711675,0.0010754624
kuairand,44,AFM,kappa,4,0.01,0.05,single,0.2427,0.06373760424775149,0.26916559365555026,0.06379813523347483,0.02562735514631336,0.06618767689962987,0.9887869470766348,0.00088879635
kuairand,44,AFM,kappa,4,0.01,0.1,single,0.2427,0.06410243208987555,0.27643626817409295,0.06380761067313523,0.025532181164279487,0.06923579359895493,0.988523844257952,0.0008651076
kuairand,44,AFM,kappa,4,0.01,0.25,single,0.2427,0.06454800823731248,0.28093717512973687,0.06402554578532443,0.025657739261501795,0.08491182233834095,0.9872504734872865,0.0011218921
kuairand,44,AFM,kappa,4,0.01,0.5,single,0.2427,0.06495162794984771,0.26632411458436184,0.06396869314736203,0.02564893785491321,0.10472458088395384,0.983677505727927,0.0015956643
kuairand,44,AFM,kappa,4,0.01,1.0,single,0.2427,0.06332217167031558,0.22907250522751144,0.061211340206185565,0.023736813625862014,0.13063357282821686,0.9773454054684423,0.0029155929
kuairand,44,AFM,kappa,4,0.01,1.5,single,0.2427,0.06090129452882093,0.20750084560702992,0.056862113402061855,0.021780130014326396,0.1399956455475724,0.9744779529934351,0.005159377
kuairand,44,SASRec,kappa,4,0.01,0.0,double,0.2427,0.11197253424906382,0.2938419465848032,0.1016304073175662,0.0400344551400231,0.7119529719137818,0.8303745391053725,0.3829584
kuairand,44,SASRec,kappa,4,0.01,0.05,double,0.2427,0.1114372850057147,0.2932393501510237,0.10211681322013341,0.04019126860989799,0.713259307642064,0.8299596357410761,0.38180336
kuairand,44,SASRec,kappa,4,0.01,0.1,double,0.2427,0.11125616898546924,0.2920220930979413,0.101870451788963,0.04010639064526309,0.7145656433703462,0.8290597049825472,0.38111356
kuairand,44,SASRec,kappa,4,0.01,0.25,double,0.2427,0.1084442588556119,0.28261097948688374,0.10011749545178897,0.03955071104030838,0.7158719790986283,0.8242015981751438,0.38168585
kuairand,44,SASRec,kappa,4,0.01,0.5,double,0.2427,0.10160814506519851,0.2595181543129737,0.09597672832019406,0.03789800226175187,0.7271935554104071,0.8149618450678431,0.386813
kuairand,44,SASRec,kappa,4,0.01,1.0,double,0.2427,0.0932265782988384,0.22818204705089198,0.08749620982413583,0.035076624166985516,0.7326366209449162,0.8089529684974246,0.39774674
kuairand,44,SASRec,kappa,4,0.01,1.5,double,0.2427,0.08937488910146446,0.2133056317521973,0.08346914796846573,0.03352570354245886,0.7315480078380143,0.8141183687848872,0.40492722
kuairand,44,SASRec,kappa,4,0.01,0.0,single,0.2427,0.11197253424906382,0.2938419465848032,0.1016304073175662,0.0400344551400231,0.7119529719137818,0.8303745391053725,0.3829584
kuairand,44,SASRec,kappa,4,0.01,0.05,single,0.2427,0.11146174402800313,0.29318192601385473,0.10234422377198302,0.04022056070429705,0.7139124755062051,0.8300159709742341,0.38159397
kuairand,44,SASRec,kappa,4,0.01,0.1,single,0.2427,0.11107769785769449,0.2918594614035175,0.1018515009096422,0.0400807803575243,0.7143479207489658,0.8291052353675279,0.3807971
kuairand,44,SASRec,kappa,4,0.01,0.25,single,0.2427,0.10780125197457673,0.28128691739266476,0.09981428138265616,0.03938941728028513,0.7167428695841498,0.8240702689527937,0.3813798
kuairand,44,SASRec,kappa,4,0.01,0.5,single,0.2427,0.10030666634273319,0.25691363304985815,0.09513341419041843,0.03764516852404297,0.7271935554104071,0.8147499785281132,0.38683766
kuairand,44,SASRec,kappa,4,0.01,1.0,single,0.2427,0.09081012724661457,0.2238751974222381,0.08635915706488781,0.03467892216503216,0.7332897888090573,0.8094498541166013,0.3982006
kuairand,44,SASRec,kappa,4,0.01,1.5,single,0.2427,0.08692830158750392,0.20805261925397286,0.0821425864160097,0.033038566038868934,0.7322011757021555,0.8155955491864977,0.40587765
kuairand,44,B_blind,keps,3,0.01,0.25,double,0.1991,0.08521289319859314,0.2695769056524068,0.10214523953911461,0.038567551861684146,0.3043762246897453,0.9301841114441427,0.023908429
kuairand,44,EASE,keps,3,0.01,0.25,double,0.1991,0.0597484572807015,0.18418737069483526,0.06507731958762887,0.02490946402619701,0.3067711735249292,0.9580554894289659,0.16104269
kuairand,44,AFM,keps,3,0.01,0.25,double,0.1991,0.06599688264591201,0.27475719121607756,0.06522892662219527,0.026071634492179082,0.08534726758110167,0.9871979482349613,0.0010603017
kuairand,44,SASRec,keps,3,0.01,0.25,double,0.1991,0.1100860993409141,0.27643560410652884,0.10010802001212857,0.039384641347677836,0.7184846505551927,0.8228186708568699,0.38374394
kuairand,44,B_blind,keps,3,0.03,0.25,double,0.5639,0.08496687876616545,0.27269128849901264,0.1015577622801698,0.03832113021638887,0.29936860439799695,0.9317102447768686,0.022592291
kuairand,44,EASE,keps,3,0.03,0.25,double,0.5639,0.06966439051752023,0.22225189325528114,0.07972634930260764,0.03067206988023077,0.32658393207054215,0.9552890398181533,0.06920008
kuairand,44,AFM,keps,3,0.03,0.25,double,0.5639,0.06579147438962316,0.27211814637100645,0.06519102486355367,0.026032002994243183,0.0829523187459177,0.987747860007127,0.0008755306
kuairand,44,SASRec,keps,3,0.03,0.25,double,0.5639,0.11030622176619684,0.282199690676005,0.10085657974530018,0.03964089579431394,0.7169605922055301,0.825647661670269,0.3826685
kuairand,44,B_blind,keps,3,0.05,0.25,double,0.7774,0.08366127606060915,0.27650110452542354,0.1014630078835658,0.038260638757917236,0.29305464837796646,0.9330373328114063,0.021695914
kuairand,44,EASE,keps,3,0.05,0.25,double,0.7774,0.07650961745217724,0.2449974110691729,0.09146641904184354,0.035028945873771304,0.3278902677988243,0.9603636421640915,0.019852944
kuairand,44,AFM,keps,3,0.05,0.25,double,0.7774,0.06451442539742014,0.27711348260308627,0.06442351425106124,0.02581880563459076,0.07968647942521227,0.9882151417368983,0.0008215206
kuairand,44,SASRec,keps,3,0.05,0.25,double,0.7774,0.10918165534922554,0.28870244265227635,0.1014061552456034,0.03979432539184973,0.7121706945351622,0.8281408538773574,0.3809354
kuairand,44,B_blind,keps,3,0.1,0.25,double,1.0,0.08404985419386243,0.2778619371003631,0.10191782898726501,0.03825558735809728,0.28129762682342696,0.934204715229638,0.020809012
kuairand,44,EASE,keps,3,0.1,0.25,double,1.0,0.07822033487044078,0.27539520122902744,0.10327281685870224,0.03898408164849005,0.25321140866536035,0.9732396147365865,0.0062253643
kuairand,44,AFM,keps,3,0.1,0.25,double,1.0,0.06362217598980688,0.2691042128853751,0.06309063573883161,0.02538348926861709,0.06335728282168518,0.9889819917711675,0.0010754624
kuairand,44,SASRec,keps,3,0.1,0.25,double,1.0,0.11197253424906382,0.2938419465848032,0.1016304073175662,0.0400344551400231,0.7119529719137818,0.8303745391053725,0.3829584
kuairand,44,B_blind,keps,4,0.03,0.25,double,0.6803,0.08221281111945244,0.2817741156369153,0.1013872043662826,0.03819943403926561,0.2956673198345308,0.932428908497348,0.022283394
kuairand,44,EASE,keps,4,0.03,0.25,double,0.6803,0.06707230765688041,0.25632069403586755,0.0900640539721043,0.03439734351429676,0.3483561942085783,0.9553794350586498,0.029828686
kuairand,44,AFM,keps,4,0.03,0.25,double,0.6803,0.0637951228810439,0.28008738257410537,0.06466987568223166,0.02584044269086368,0.07990420204659264,0.988046674485008,0.0010280852
kuairand,44,SASRec,keps,4,0.03,0.25,double,0.6803,0.1081956506130797,0.29256616170679367,0.10100818677986659,0.03973605895115131,0.7136947528848248,0.827256673432704,0.38328058
kuairand,44,B_blind,keps,4,0.05,0.25,double,0.8105,0.08255014575596638,0.2810982857794001,0.101728320194057,0.03829248604044033,0.2917483126496843,0.9329748456598796,0.021819094
kuairand,44,EASE,keps,4,0.05,0.25,double,0.8105,0.07166339056146138,0.26621427327163943,0.09461226500909642,0.036152272864194486,0.3450903548878729,0.9624642681232296,0.014234005
kuairand,44,AFM,keps,4,0.05,0.25,double,0.8105,0.06362234744120701,0.2775184780997101,0.06411082474226804,0.02570679791251737,0.07576747224036577,0.9883312174200014,0.000937121
kuairand,44,SASRec,keps,4,0.05,0.25,double,0.8105,0.10861880758370411,0.29322860663534717,0.1013114008489994,0.039816132005779534,0.7147833659917265,0.8282899007071298,0.38271016
kuairand,44,B_blind,keps,4,0.1,0.25,double,0.9759,0.08414018798797848,0.2784247836574163,0.10191782898726501,0.038354400946881126,0.28303940779446984,0.9338922035529584,0.02107717
kuairand,44,EASE,keps,4,0.1,0.25,double,0.9759,0.07730898656805252,0.27279012000335395,0.101538811400849,0.03863012443923954,0.2793381232310037,0.9714405223124756,0.0075670863
kuairand,44,AFM,keps,4,0.1,0.25,double,0.9759,0.06384081055691863,0.2700301629040683,0.06344754396604002,0.025516122353141036,0.06814718049205312,0.9888419417609811,0.0010441934
kuairand,44,SASRec,keps,4,0.1,0.25,double,0.9759,0.11160139044212232,0.29323181255373965,0.10187992722862341,0.040099937746880226,0.7130415850206836,0.8298009678226035,0.38303328
kuairand,44,B_blind,keps,5,0.01,0.25,double,0.31,0.08368918810185197,0.2764614918317646,0.101633565797453,0.03824807806339679,0.3067711735249292,0.9303677299096087,0.02347256
kuairand,44,EASE,keps,5,0.01,0.25,double,0.31,0.06591268900006317,0.2117565936890285,0.07287560642813827,0.028692992668892386,0.38123231003701286,0.9394075209137167,0.078195125
kuairand,44,AFM,keps,5,0.01,0.25,double,0.31,0.06466902959000932,0.27882238243487467,0.06429085809581564,0.025567899577291272,0.08970172000870891,0.9871409829562401,0.0014270013
kuairand,44,SASRec,keps,5,0.01,0.25,double,0.31,0.10772995736107369,0.28304376781739526,0.10086605518496058,0.03968701851550187,0.715654256477248,0.8228072314244907,0.38308066
kuairand,44,B_blind,keps,5,0.03,0.25,double,0.6608,0.08284955644683258,0.28190966753380475,0.101823074590661,0.038339106482527044,0.2984977139124755,0.931977287959094,0.023066062
kuairand,44,EASE,keps,5,0.03,0.25,double,0.6608,0.06833602039356974,0.25445004294130885,0.08934392055791389,0.034287398296969654,0.3686043979969519,0.9501508511449317,0.045621395
kuairand,44,AFM,keps,5,0.03,0.25,double,0.6608,0.06416951493257006,0.2806442118099926,0.06423400545785324,0.02574798586686575,0.08404093185281951,0.9880317964149574,0.0011162069
kuairand,44,SASRec,keps,5,0.03,0.25,double,0.6608,0.108232001215805,0.29225603690958685,0.1012640236506974,0.039797303135933874,0.7139124755062051,0.8263938588357291,0.38514626
kuairand,44,B_blind,keps,5,0.05,0.25,double,0.9067,0.08359883081660649,0.28008563519761287,0.10237265009096422,0.03843248877961708,0.2895710864358807,0.9331198729062351,0.021802038
kuairand,44,EASE,keps,5,0.05,0.25,double,0.9067,0.07488432146032564,0.2739531730761841,0.09897096725288053,0.037361449206263705,0.3261484868277814,0.9644936762405205,0.015484764
kuairand,44,AFM,keps,5,0.05,0.25,double,0.9067,0.0641333861470447,0.27426887358710245,0.06437613705275924,0.025838043550603134,0.07533202699760505,0.9885759944536845,0.0010603018
kuairand,44,SASRec,keps,5,0.05,0.25,double,0.9067,0.11006509866528702,0.2935522145394069,0.1017851728320194,0.040049333656899055,0.7143479207489658,0.828772609269623,0.38387284
kuairand,44,B_blind,keps,5,0.1,0.25,double,0.9759,0.08417694599785257,0.2784420752471212,0.10208838690115221,0.03838443544824227,0.28303940779446984,0.933833153801293,0.021123597
kuairand,44,EASE,keps,5,0.1,0.25,double,0.9759,0.07759051716861172,0.2739766349680331,0.1018325500303214,0.038706034758864936,0.27585456128891794,0.9714409394546266,0.0075310795
kuairand,44,AFM,keps,5,0.1,0.25,double,0.9759,0.06393289912570757,0.2702779756891286,0.06340016676773802,0.02550145500071798,0.0677117352492924,0.9888418414983278,0.0010640919
kuairand,44,SASRec,keps,5,0.1,0.25,double,0.9759,0.1116318577819592,0.2933506712085969,0.101680942995755,0.04005623823058981,0.7130415850206836,0.8297688796474503,0.38324744
kuairand,44,B_blind,keps,6,0.01,0.25,double,0.2798,0.08436552807342783,0.27567101937025096,0.1017093693147362,0.03843511128379267,0.3030698889614631,0.9311380899619572,0.02330295
kuairand,44,EASE,keps,6,0.01,0.25,double,0.2798,0.06559922451252573,0.2052618678143615,0.0701845815645846,0.02777858212840051,0.35532331809274986,0.9451563380289594,0.12765217
kuairand,44,AFM,keps,6,0.01,0.25,double,0.2798,0.06497152591243334,0.2785111433667102,0.06421505457853244,0.025739358849496793,0.08948399738732854,0.9874337156583495,0.0010887281
kuairand,44,SASRec,keps,6,0.01,0.25,double,0.2798,0.10929827865784134,0.28411684713254093,0.10061021831412978,0.039670827478024896,0.7165251469627695,0.8239873517383547,0.3830958
kuairand,44,B_blind,keps,6,0.03,0.25,double,0.7027,0.08301549783448794,0.2823164563003679,0.10191782898726501,0.03839901509986015,0.2967559329414326,0.9322411920537976,0.02273916
kuairand,44,EASE,keps,6,0.03,0.25,double,0.7027,0.07048365619181457,0.260718938665133,0.09228130685263797,0.035402457635833495,0.374700631395602,0.9525829615280563,0.04240259
kuairand,44,AFM,keps,6,0.03,0.25,double,0.7027,0.06405214972316273,0.2802203996700699,0.06467935112189206,0.025842070322959505,0.08404093185281951,0.9881144342968187,0.0011143117
kuairand,44,SASRec,keps,6,0.03,0.25,double,0.7027,0.1087327709133235,0.2927860735736505,0.10104608853850819,0.03980181379866474,0.7145656433703462,0.8269738275359568,0.38488004
kuairand,44,B_blind,keps,6,0.05,0.25,double,0.8998,0.08446094907008206,0.27978154168986646,0.10233474833232262,0.03849187469550345,0.284345743522752,0.9328040426595061,0.02230045
kuairand,44,EASE,keps,6,0.05,0.25,double,0.8998,0.0771772407783406,0.2706345397515084,0.10052493935718618,0.03827801721808202,0.2786849553668626,0.9672575507928127,0.011802607
kuairand,44,AFM,keps,6,0.05,0.25,double,0.8998,0.06466503462638021,0.27338719105231407,0.06425295633717404,0.02580427919352788,0.07206618767689962,0.9885748139950357,0.0011351577
kuairand,44,SASRec,keps,6,0.05,0.25,double,0.8998,0.11074238721093344,0.29275516066911444,0.101349302607641,0.03994084980838049,0.7139124755062051,0.8285394726062294,0.38549694
kuairand,44,B_blind,keps,6,0.1,0.25,double,0.9759,0.08420899504907704,0.278494260692863,0.10206943602183141,0.03836938485166898,0.2832571304158502,0.9338108769250595,0.021123597
kuairand,44,EASE,keps,6,0.1,0.25,double,0.9759,0.07786639176660815,0.27490646239675887,0.10211681322013341,0.0388095509849813,0.2747659481820161,0.9713786210579365,0.0075642434
kuairand,44,AFM,keps,6,0.1,0.25,double,0.9759,0.06394563749581686,0.27037601768124003,0.06338121588841722,0.025494756520677963,0.0677117352492924,0.9888424835093927,0.0010707247
kuairand,44,SASRec,keps,6,0.1,0.25,double,0.9759,0.11166440824297955,0.2934136912805003,0.1016998938750758,0.04006996185779292,0.7128238623993033,0.8297515577267962,0.3833962
kuairand,45,B_blind,kappa,4,0.01,0.0,double,0.2365,0.08404985419386243,0.2778619371003631,0.10191782898726501,0.03825558735809728,0.28129762682342696,0.934204715229638,0.020809012
kuairand,45,B_blind,kappa,4,0.01,0.05,double,0.2365,0.08432847708132586,0.2782354831081399,0.1018041237113402,0.03826375766197201,0.284345743522752,0.9341161441092696,0.020731313
kuairand,45,B_blind,kappa,4,0.01,0.1,double,0.2365,0.08452737449321067,0.2780760484436343,0.1018609763493026,0.03832026551412332,0.2882647507075985,0.9336404134973766,0.021027898
kuairand,45,B_blind,kappa,4,0.01,0.25,double,0.2365,0.08408844537383714,0.2747634885432361,0.1014061552456034,0.03832307158684329,0.3030698889614631,0.930894378270543,0.023195876
kuairand,45,B_blind,kappa,4,0.01,0.5,double,0.2365,0.08264628879833733,0.2620914764004992,0.09898044269254093,0.037512465229968275,0.3333333333333333,0.9233229655973172,0.030002085
kuairand,45,B_blind,kappa,4,0.01,1.0,double,0.2365,0.08045576237484643,0.2342535061349277,0.09200651910248636,0.03491161399918432,0.37600696712388415,0.908880079198749,0.04876156
kuairand,45,B_blind,kappa,4,0.01,1.5,double,0.2365,0.07833830198154008,0.21580247972194536,0.08527895694360219,0.032505053357863446,0.395166557805356,0.901599573869694,0.06515312
kuairand,45,B_blind,kappa,4,0.01,0.0,single,0.2365,0.08404985419386243,0.2778619371003631,0.10191782898726501,0.03825558735809728,0.28129762682342696,0.934204715229638,0.020809012
kuairand,45,B_blind,kappa,4,0.01,0.05,single,0.2365,0.08428677773395035,0.2783134237836524,0.10195573074590661,0.03829207851360242,0.284345743522752,0.9341576693519562,0.020700049
kuairand,45,B_blind,kappa,4,0.01,0.1,single,0.2365,0.08444974793857919,0.2780426946397288,0.1016714675560946,0.03826485298833949,0.2878293054648378,0.9336910283954396,0.020953987
kuairand,45,B_blind,kappa,4,0.01,0.25,single,0.2365,0.08385272914413316,0.2742694373849889,0.10098923590054579,0.03819553269691309,0.3037230568256042,0.9307579542200228,0.02338065
kuairand,45,B_blind,kappa,4,0.01,0.5,single,0.2365,0.08202128445217612,0.2609155334031103,0.09863932686476652,0.03735034400239304,0.3333333333333333,0.9228355991537733,0.030663472
kuairand,45,B_blind,kappa,4,0.01,1.0,single,0.2365,0.07962884729744929,0.23245617392667284,0.09069890842935112,0.034501504698723755,0.37731330285216635,0.9078516872248841,0.05059411
kuairand,45,B_blind,kappa,4,0.01,1.5,single,0.2365,0.07661608294262891,0.2122704841083084,0.08357337780473013,0.03189525135969265,0.3964728935336381,0.9004085269896169,0.06782141
kuairand,45,EASE,kappa,4,0.01,0.0,double,0.2365,0.07822033487044078,0.27539520122902744,0.10327281685870224,0.03898408164849005,0.25321140866536035,0.9732396147365865,0.0062253643
kuairand,45,EASE,kappa,4,0.01,0.05,double,0.2365,0.07705296248890131,0.2684449039317929,0.0977012583383869,0.03701137186972147,0.3418245155671674,0.9625590109669353,0.017377008
kuairand,45,EASE,kappa,4,0.01,0.1,double,0.2365,0.07384809950910841,0.24769236370772799,0.08703191328077622,0.0334851800168143,0.3342042238188548,0.9550328122117964,0.050080538
kuairand,45,EASE,kappa,4,0.01,0.25,double,0.2365,0.06388021440899222,0.20004683793477354,0.06732299878714372,0.026285548255797854,0.32375353799259743,0.9541498992851329,0.16277857
kuairand,45,EASE,kappa,4,0.01,0.5,double,0.2365,0.05246765407103365,0.16882000639088154,0.0547301394784718,0.02146160129210099,0.31352057478772044,0.9581412412295347,0.27062047
kuairand,45,EASE,kappa,4,0.01,1.0,double,0.2365,0.045291027103876676,0.15255910196079983,0.04628752274105519,0.01851529127375317,0.2928369257565861,0.9617956478449488,0.36052534
kuairand,45,EASE,kappa,4,0.01,1.5,double,0.2365,0.04343250250707479,0.14513848561610437,0.04196672225591267,0.016941304240655066,0.27846723274548224,0.963907486304534,0.405889
kuairand,45,EASE,kappa,4,0.01,0.0,single,0.2365,0.07822033487044078,0.27539520122902744,0.10327281685870224,0.03898408164849005,0.25321140866536035,0.9732396147365865,0.0062253643
kuairand,45,EASE,kappa,4,0.01,0.05,single,0.2365,0.07671250114503053,0.2681367994730696,0.09730328987265009,0.03684731161181265,0.34334857391682994,0.9621246686133629,0.017728547
kuairand,45,EASE,kappa,4,0.01,0.1,single,0.2365,0.07313724891162465,0.24642174499748412,0.0862359763493026,0.033211608766270315,0.34073590246026564,0.95420444175603,0.050943755
kuairand,45,EASE,kappa,4,0.01,0.25,single,0.2365,0.061967633733642793,0.1951013282361369,0.06433823529411764,0.025343148254343795,0.3246244284781189,0.953069469343691,0.1684032
kuairand,45,EASE,kappa,4,0.01,0.5,single,0.2365,0.05038821857294167,0.16137328727328903,0.04981238629472408,0.01983205494918836,0.30154583061180057,0.9577398056564839,0.2970948
kuairand,45,EASE,kappa,4,0.01,1.0,single,0.2365,0.04401521369654372,0.1389985761172872,0.04048855366889024,0.01632272299074675,0.26605704332680163,0.9629184583561585,0.4147523
kuairand,45,EASE,kappa,4,0.01,1.5,single,0.2365,0.04195735544833115,0.12529713397027742,0.03721005154639175,0.014817868695089722,0.2527759634225996,0.9648108957232755,0.45126593
kuairand,45,AFM,kappa,4,0.01,0.0,double,0.2365,0.06362217598980688,0.2691042128853751,0.06309063573883161,0.02538348926861709,0.06335728282168518,0.9889819917711675,0.0010754624
kuairand,45,AFM,kappa,4,0.01,0.05,double,0.2365,0.06385271988780698,0.26940752414234415,0.06390236506973923,0.02565773432090736,0.06662312214239059,0.9887968078879756,0.0009030094
kuairand,45,AFM,kappa,4,0.01,0.1,double,0.2365,0.06424780562061538,0.276368294494662,0.06400659490600363,0.02556776790908073,0.06923579359895493,0.988542597087587,0.0008850061
kuairand,45,AFM,kappa,4,0.01,0.25,double,0.2365,0.06478913926223681,0.27812637795254175,0.06391184050939963,0.025642716916403466,0.0846940997169606,0.9872961194012508,0.0011162069
kuairand,45,AFM,kappa,4,0.01,0.5,double,0.2365,0.0651606817908725,0.26607980922132973,0.06371285627653123,0.02557913185147211,0.10450685826257348,0.9838836709123238,0.0015871362
kuairand,45,AFM,kappa,4,0.01,1.0,double,0.2365,0.06412242209860239,0.23227538400334666,0.060765994542146755,0.023605202173081787,0.12780317875027214,0.977809906663144,0.0028748484
kuairand,45,AFM,kappa,4,0.01,1.5,double,0.2365,0.0624030978092293,0.21284211303777828,0.05707057307459066,0.021928569251187562,0.13564119311996517,0.975152800283924,0.0050447243
kuairand,45,AFM,kappa,4,0.01,0.0,single,0.2365,0.06362217598980688,0.2691042128853751,0.06309063573883161,0.02538348926861709,0.06335728282168518,0.9889819917711675,0.0010754624
kuairand,45,AFM,kappa,4,0.01,0.05,single,0.2365,0.06379435104905674,0.26932301376621187,0.06378865979381443,0.025626044836215594,0.06640539952101024,0.9887864420499357,0.0008774257
kuairand,45,AFM,kappa,4,0.01,0.1,single,0.2365,0.06416690326440722,0.2764533817039322,0.06385498787143723,0.02554270022281881,0.0694535162203353,0.9885253741917757,0.0008688977
kuairand,45,AFM,kappa,4,0.01,0.25,single,0.2365,0.06464842114527972,0.28092634689791035,0.06398764402668283,0.02563377257381375,0.0846940997169606,0.9872398180015809,0.0011237873
kuairand,45,AFM,kappa,4,0.01,0.5,single,0.2365,0.06504561210798417,0.2657398764243756,0.06393079138872043,0.025632297407441777,0.10516002612671456,0.9836551731502192,0.0016117722
kuairand,45,AFM,kappa,4,0.01,1.0,single,0.2365,0.06316706666572862,0.2293841961358739,0.06100288053365676,0.023553567198119546,0.12954495972131505,0.977360570297934,0.002907065
kuairand,45,AFM,kappa,4,0.01,1.5,single,0.2365,0.06065917093593046,0.2077694483918144,0.05655889933292905,0.021585247742455346,0.13912475506205094,0.9745615212962166,0.005095892
kuairand,45,SASRec,kappa,4,0.01,0.0,double,0.2365,0.11197253424906382,0.2938419465848032,0.1016304073175662,0.0400344551400231,0.7119529719137818,0.8303745391053725,0.3829584
kuairand,45,SASRec,kappa,4,0.01,0.05,double,0.2365,0.11151985216612215,0.29322267137069224,0.10211681322013341,0.04017929332304979,0.7130415850206836,0.8299465351669564,0.38182044
kuairand,45,SASRec,kappa,4,0.01,0.1,double,0.2365,0.11128328059179662,0.2918849280507311,0.10199363250454821,0.04013254087230795,0.7141301981275855,0.8290149651458958,0.38121778
kuairand,45,SASRec,kappa,4,0.01,0.25,double,0.2365,0.10846616672661148,0.28210460449047,0.10001326561552457,0.039451632736228565,0.7158719790986283,0.8240414048614859,0.3819133
kuairand,45,SASRec,kappa,4,0.01,0.5,double,0.2365,0.10189204722973715,0.2586736888210989,0.09586302304426926,0.037786581422916306,0.7274112780317875,0.8147626169862989,0.38699117
kuairand,45,SASRec,kappa,4,0.01,1.0,double,0.2365,0.09355789791873909,0.22681637819696257,0.08735407822922983,0.034973368055554704,0.7332897888090573,0.8092235497547682,0.39734778
kuairand,45,SASRec,kappa,4,0.01,1.5,double,0.2365,0.08950721832608007,0.21168228471100606,0.08300485142510612,0.03334019142218223,0.7311125625952537,0.8148019195338649,0.40406874
kuairand,45,SASRec,kappa,4,0.01,0.0,single,0.2365,0.11197253424906382,0.2938419465848032,0.1016304073175662,0.0400344551400231,0.7119529719137818,0.8303745391053725,0.3829584
kuairand,45,SASRec,kappa,4,0.01,0.05,single,0.2365,0.11152795376570462,0.2931628104770639,0.10230632201334142,0.04019381525489332,0.7136947528848248,0.8299935612396696,0.38163373
kuairand,45,SASRec,kappa,4,0.01,0.1,single,0.2365,0.11114351450480076,0.29172281067583916,0.10193677986658581,0.04009270532484502,0.7141301981275855,0.8290557695702467,0.38091648
kuairand,45,SASRec,kappa,4,0.01,0.25,single,0.2365,0.10789007461234285,0.2807565067753024,0.09972900242571256,0.03929666224891059,0.7167428695841498,0.8238869764441024,0.38164133
kuairand,45,SASRec,kappa,4,0.01,0.5,single,0.2365,0.10059672481789399,0.2562078381622436,0.09520921770770163,0.03758475076005019,0.7278467232745482,0.8145027035927666,0.38706315
kuairand,45,SASRec,kappa,4,0.01,1.0,single,0.2365,0.09122459039750626,0.22259002701153632,0.086008565797453,0.03453135612633017,0.7332897888090573,0.8095939946780089,0.39785856
kuairand,45,SASRec,kappa,4,0.01,1.5,single,0.2365,0.08721626447876714,0.20654299653421615,0.08163091267434809,0.0328383492232296,0.7322011757021555,0.816069515505772,0.40512523
kuairand,45,B_blind,keps,3,0.01,0.25,double,0.1991,0.08521372865063284,0.2695848018521238,0.10214523953911461,0.03856764354747003,0.3043762246897453,0.9301838184956488,0.023909377
kuairand,45,EASE,keps,3,0.01,0.25,double,0.1991,0.059749203771365236,0.1841962144385183,0.06507731958762887,0.02490946402619701,0.3067711735249292,0.9580554580710989,0.16104269
kuairand,45,AFM,keps,3,0.01,0.25,double,0.1991,0.06599582619748713,0.27475706238334535,0.06522892662219527,0.026071634492179082,0.08534726758110167,0.9871979783550178,0.0010603017
kuairand,45,SASRec,keps,3,0.01,0.25,double,0.1991,0.11008619959515886,0.2764365516504949,0.10010802001212857,0.039384641347677836,0.7184846505551927,0.8228180152298887,0.3837449
kuairand,45,B_blind,keps,3,0.03,0.25,double,0.7475,0.08463789255456551,0.2762153632685127,0.10210733778047301,0.03844331430864751,0.29000653167864143,0.9326002095101611,0.02250038
kuairand,45,EASE,keps,3,0.03,0.25,double,0.7475,0.07627175286622394,0.24172768289923463,0.08767624317768344,0.03386721375321013,0.27672545177443936,0.9591127141362716,0.05647267
kuairand,45,AFM,keps,3,0.03,0.25,double,0.7475,0.06506381307602117,0.2747125228711981,0.06409187386294724,0.025850677854258475,0.07707380796864795,0.9882334213103046,0.00092385535
kuairand,45,SASRec,keps,3,0.03,0.25,double,0.7475,0.11049579103874808,0.28897742086428224,0.10093238326258339,0.039699623109888484,0.712606139777923,0.827308638782063,0.38388133
kuairand,45,B_blind,keps,3,0.05,0.25,double,0.8897,0.08410178331046195,0.27623482300090385,0.10203153426318981,0.03838573255203673,0.28586980187241456,0.9331101734228675,0.021929959
kuairand,45,EASE,keps,3,0.05,0.25,double,0.8897,0.07350080529018714,0.25001993332361055,0.0896376591873863,0.03453510205097633,0.26823426954060525,0.9652317302630613,0.019048477
kuairand,45,AFM,keps,3,0.05,0.25,double,0.8897,0.06460002356398642,0.2719676396058079,0.06405397210430563,0.02578581474821604,0.07380796864794252,0.9884190491548757,0.0007987796
kuairand,45,SASRec,keps,3,0.05,0.25,double,0.8897,0.11041171762507308,0.28934026830392384,0.101491434202547,0.03988335786425218,0.7136947528848248,0.8281969621785834,0.38326925
kuairand,45,B_blind,keps,3,0.1,0.25,double,1.0,0.08404985419386243,0.2778619371003631,0.10191782898726501,0.03825558735809728,0.28129762682342696,0.934204715229638,0.020809012
kuairand,45,EASE,keps,3,0.1,0.25,double,1.0,0.07822033487044078,0.27539520122902744,0.10327281685870224,0.03898408164849005,0.25321140866536035,0.9732396147365865,0.0062253643
kuairand,45,AFM,keps,3,0.1,0.25,double,1.0,0.06362217598980688,0.2691042128853751,0.06309063573883161,0.02538348926861709,0.06335728282168518,0.9889819917711675,0.0010754624
kuairand,45,SASRec,keps,3,0.1,0.25,double,1.0,0.11197253424906382,0.2938419465848032,0.1016304073175662,0.0400344551400231,0.7119529719137818,0.8303745391053725,0.3829584
kuairand,45,B_blind,keps,4,0.03,0.25,double,0.7492,0.08455132699523646,0.2778052044147178,0.10203153426318981,0.03848639220364676,0.29153059002830395,0.9326279038705114,0.022331716
kuairand,45,EASE,keps,4,0.03,0.25,double,0.7492,0.07665534293633092,0.25072175513533645,0.08928706791995149,0.034384919853668275,0.33202699760505117,0.9548664397479381,0.047383834
kuairand,45,AFM,keps,4,0.03,0.25,double,0.7492,0.06484094291263465,0.2748200868085546,0.06415820194057004,0.0258394515281263,0.07685608534726758,0.9882881246965713,0.0010802002
kuairand,45,SASRec,keps,4,0.03,0.25,double,0.7492,0.1104501497855744,0.2905254820598067,0.10098923590054579,0.03985573656111247,0.7136947528848248,0.8273178233362473,0.38481942
kuairand,45,B_blind,keps,4,0.05,0.25,double,0.9219,0.0845094491425608,0.2779196991272864,0.10233474833232262,0.03846462603498237,0.28608752449379493,0.9332252270870707,0.021796355
kuairand,45,EASE,keps,4,0.05,0.25,double,0.9219,0.07737448741663673,0.26404686339101224,0.09834558823529412,0.037541911881947845,0.29784454604833444,0.9655931214274311,0.014388455
kuairand,45,AFM,keps,4,0.05,0.25,double,0.9219,0.06449931761126489,0.2716628821552125,0.06401607034566403,0.025726836720638215,0.07250163291966036,0.988592022449724,0.00096175715
kuairand,45,SASRec,keps,4,0.05,0.25,double,0.9219,0.11091806052701947,0.29156209082158924,0.1013303517283202,0.0398846274499209,0.7150010886131068,0.8286151948406209,0.38443184
kuairand,45,B_blind,keps,4,0.1,0.25,double,0.9759,0.08414038759807344,0.27842555892066123,0.10191782898726501,0.038354400946881126,0.28303940779446984,0.9338923603422933,0.021076223
kuairand,45,EASE,keps,4,0.1,0.25,double,0.9759,0.07730990629141361,0.2727918014495188,0.101538811400849,0.03863012443923954,0.2793381232310037,0.9714405367535985,0.0075670863
kuairand,45,AFM,keps,4,0.1,0.25,double,0.9759,0.06384099345105,0.2700306141154806,0.06344754396604002,0.025516122353141036,0.06814718049205312,0.988841968167606,0.0010441934
kuairand,45,SASRec,keps,4,0.1,0.25,double,0.9759,0.11160139044212232,0.29323181255373965,0.10187992722862341,0.040099937746880226,0.7130415850206836,0.8298016110714792,0.38303232
kuairand,45,B_blind,keps,5,0.01,0.25,double,0.2536,0.08474697070532794,0.2752711108940732,0.1014819587628866,0.03835541144365441,0.3030698889614631,0.9305290372527497,0.023590056
kuairand,45,EASE,keps,5,0.01,0.25,double,0.2536,0.060944472550418634,0.19289400557644223,0.06355177380230442,0.025040824823322292,0.33834095362508165,0.9493629929902294,0.1833905
kuairand,45,AFM,keps,5,0.01,0.25,double,0.2536,0.06546387362288571,0.2791871586163132,0.06412977562158884,0.025630985804805967,0.08774221641628566,0.9871229682742888,0.0013957323
kuairand,45,SASRec,keps,5,0.01,0.25,double,0.2536,0.10885107058786837,0.2817767616195191,0.10101766221952699,0.03972378729546809,0.7167428695841498,0.8234751952505837,0.3822989
kuairand,45,B_blind,keps,5,0.03,0.25,double,0.7183,0.08336702821156584,0.2802963060636333,0.10206943602183141,0.0384417614836543,0.2989331591552362,0.9323048769933204,0.022494694
kuairand,45,EASE,keps,5,0.03,0.25,double,0.7183,0.07040884373170747,0.25271399100425584,0.08866168890236507,0.034204881033641964,0.3775310254735467,0.9518924064218535,0.038994275
kuairand,45,AFM,keps,5,0.03,0.25,double,0.7183,0.06418266510877076,0.2782250079598591,0.06434771073377804,0.02580339446700574,0.08077509253211408,0.9880030705458263,0.0010233475
kuairand,45,SASRec,keps,5,0.03,0.25,double,0.7183,0.10864447349554922,0.29134576846664834,0.10104608853850819,0.03975762728890755,0.7141301981275855,0.8269587708085853,0.3832711
kuairand,45,B_blind,keps,5,0.05,0.25,double,0.9102,0.08383824730120268,0.27903014122393416,0.10222104305639781,0.038354608995888,0.2880470280862182,0.9331919171929177,0.021773614
kuairand,45,EASE,keps,5,0.05,0.25,double,0.9102,0.07519121411029579,0.2672256190298868,0.0977391600970285,0.03712731175868664,0.3268016546919225,0.9642977733306821,0.015484764
kuairand,45,AFM,keps,5,0.05,0.25,double,0.9102,0.06421680292958286,0.27353332984233497,0.06433823529411764,0.025790333923581807,0.07359024602656215,0.9885242007473867,0.0009987113
kuairand,45,SASRec,keps,5,0.05,0.25,double,0.9102,0.11040432310801648,0.29276094754099624,0.10115031837477259,0.0398761044928068,0.7139124755062051,0.8286694876863927,0.38365388
kuairand,45,B_blind,keps,5,0.1,0.25,double,0.9757,0.08416184872370804,0.278426058016159,0.10212628865979381,0.03839159068072235,0.28303940779446984,0.9338293615624114,0.021123597
kuairand,45,EASE,keps,5,0.1,0.25,double,0.9757,0.07758484750482782,0.27394741525628563,0.1017946482716798,0.03869399579394125,0.2754191160461572,0.9714211204575158,0.007533923
kuairand,45,AFM,keps,5,0.1,0.25,double,0.9757,0.06392842427935926,0.2702767633113478,0.06343806852637962,0.02550803165653114,0.0677117352492924,0.9888404035750873,0.0010621968
kuairand,45,SASRec,keps,5,0.1,0.25,double,0.9757,0.11162647893259321,0.29331703606126763,0.101680942995755,0.04005690505422033,0.7130415850206836,0.8297642721040284,0.38326257
kuairand,45,B_blind,keps,6,0.01,0.25,double,0.2781,0.08501429926622892,0.27559368238313997,0.10216419041843541,0.038556681446593924,0.30328761158284345,0.9307247091046214,0.023376858
kuairand,45,EASE,keps,6,0.01,0.25,double,0.2781,0.06263920030561772,0.19747373232640597,0.06737985142510612,0.026188892045179116,0.372305682560418,0.9422655911974571,0.15463822
kuairand,45,AFM,keps,6,0.01,0.25,double,0.2781,0.0655719279552792,0.27925992742847927,0.06451826864766526,0.025785058351794336,0.08621815806662313,0.9871955113986175,0.0014099454
kuairand,45,SASRec,keps,6,0.01,0.25,double,0.2781,0.10935366090296506,0.282556120807638,0.10095133414190419,0.03973046918028417,0.7169605922055301,0.8235653854271343,0.38232926
kuairand,45,B_blind,keps,6,0.03,0.25,double,0.7566,0.08344391159883362,0.2804057775542041,0.10191782898726501,0.038398317283154286,0.29827999129109517,0.9327367511526821,0.022031348
kuairand,45,EASE,keps,6,0.03,0.25,double,0.7566,0.07119096520092259,0.254028734471892,0.0895334293511219,0.03450787202447432,0.3892880470280862,0.9508298356108387,0.03947563
kuairand,45,AFM,keps,6,0.03,0.25,double,0.7566,0.06397915837824332,0.27732371103419373,0.06405397210430563,0.025695064605989283,0.07925103418245155,0.9881070511695691,0.0009740752
kuairand,45,SASRec,keps,6,0.03,0.25,double,0.7566,0.10913875695930352,0.291778346821463,0.1013587780473014,0.03987572898925318,0.7145656433703462,0.8274615290135527,0.38268462
kuairand,45,B_blind,keps,6,0.05,0.25,double,0.8998,0.08446094907008206,0.27978154168986646,0.10233474833232262,0.03849187469550345,0.284345743522752,0.9328040426595061,0.02230045
kuairand,45,EASE,keps,6,0.05,0.25,double,0.8998,0.0771772407783406,0.2706345397515084,0.10052493935718618,0.03827801721808202,0.2786849553668626,0.9672575507928127,0.011802607
kuairand,45,AFM,keps,6,0.05,0.25,double,0.8998,0.06466503462638021,0.27338719105231407,0.06425295633717404,0.02580427919352788,0.07206618767689962,0.9885748139950357,0.0011351577
kuairand,45,SASRec,keps,6,0.05,0.25,double,0.8998,0.11074238721093344,0.29275516066911444,0.101349302607641,0.03994084980838049,0.7139124755062051,0.8285394726062294,0.38549694
kuairand,45,B_blind,keps,6,0.1,0.25,double,1.0,0.08404985419386243,0.2778619371003631,0.10191782898726501,0.03825558735809728,0.28129762682342696,0.934204715229638,0.020809012
kuairand,45,EASE,keps,6,0.1,0.25,double,1.0,0.07822033487044078,0.27539520122902744,0.10327281685870224,0.03898408164849005,0.25321140866536035,0.9732396147365865,0.0062253643
kuairand,45,AFM,keps,6,0.1,0.25,double,1.0,0.06362217598980688,0.2691042128853751,0.06309063573883161,0.02538348926861709,0.06335728282168518,0.9889819917711675,0.0010754624
kuairand,45,SASRec,keps,6,0.1,0.25,double,1.0,0.11197253424906382,0.2938419465848032,0.1016304073175662,0.0400344551400231,0.7119529719137818,0.8303745391053725,0.3829584
kuairand,46,B_blind,kappa,4,0.01,0.0,double,0.2368,0.08404985419386243,0.2778619371003631,0.10191782898726501,0.03825558735809728,0.28129762682342696,0.934204715229638,0.020809012
kuairand,46,B_blind,kappa,4,0.01,0.05,double,0.2368,0.08432481908479442,0.278227980423065,0.1018041237113402,0.0382645361069467,0.284345743522752,0.9341158783926076,0.020731313
kuairand,46,B_blind,kappa,4,0.01,0.1,double,0.2368,0.08452146035793608,0.2780685005662687,0.1018420254699818,0.038317607237581326,0.2882647507075985,0.9336348247828021,0.021038322
kuairand,46,B_blind,kappa,4,0.01,0.25,double,0.2368,0.08408329988806369,0.2747585425727989,0.1013872043662826,0.03832112666106424,0.3030698889614631,0.9308968406883045,0.023192087
kuairand,46,B_blind,kappa,4,0.01,0.5,double,0.2368,0.08263512179034316,0.2621123636351805,0.09899939357186173,0.03751479080406707,0.3333333333333333,0.9233279370570371,0.029990712
kuairand,46,B_blind,kappa,4,0.01,1.0,double,0.2368,0.08046949041942614,0.23432026352156568,0.09202546998180716,0.034906817611429226,0.37600696712388415,0.9088825329518369,0.048771985
kuairand,46,B_blind,kappa,4,0.01,1.5,double,0.2368,0.07832496100507129,0.21582255352290924,0.08514630078835658,0.032467122766800596,0.39473111256259524,0.9016047994931775,0.06515596
kuairand,46,B_blind,kappa,4,0.01,0.0,single,0.2368,0.08404985419386243,0.2778619371003631,0.10191782898726501,0.03825558735809728,0.28129762682342696,0.934204715229638,0.020809012
kuairand,46,B_blind,kappa,4,0.01,0.05,single,0.2368,0.08428292931181562,0.27830575059895407,0.10193677986658581,0.03828854240716912,0.284345743522752,0.9341554450064213,0.020700049
kuairand,46,B_blind,kappa,4,0.01,0.1,single,0.2368,0.08443736092533953,0.2780311362748348,0.1016714675560946,0.03826567876459196,0.2878293054648378,0.9336863263658133,0.020963464
kuairand,46,B_blind,kappa,4,0.01,0.25,single,0.2368,0.08384461386470964,0.27425603093648576,0.10097028502122499,0.03819138846226647,0.3037230568256042,0.9307612203894264,0.023374015
kuairand,46,B_blind,kappa,4,0.01,0.5,single,0.2368,0.08200985362612692,0.26094350087171647,0.09863932686476652,0.03734697269132017,0.3333333333333333,0.9228428626260041,0.030649258
kuairand,46,B_blind,kappa,4,0.01,1.0,single,0.2368,0.07964086067308448,0.23251681214948583,0.09075576106731352,0.03450457329362542,0.37731330285216635,0.9078550165226251,0.050613064
kuairand,46,B_blind,kappa,4,0.01,1.5,single,0.2368,0.07659498542068235,0.212292771569062,0.08342177077016373,0.031853342924414364,0.39603744829087745,0.9004122272179154,0.06782994
kuairand,46,EASE,kappa,4,0.01,0.0,double,0.2368,0.07822033487044078,0.27539520122902744,0.10327281685870224,0.03898408164849005,0.25321140866536035,0.9732396147365865,0.0062253643
kuairand,46,EASE,kappa,4,0.01,0.05,double,0.2368,0.07704000824688355,0.2684386998008411,0.0977012583383869,0.037011799996912245,0.3418245155671674,0.9625683358063137,0.017353322
kuairand,46,EASE,kappa,4,0.01,0.1,double,0.2368,0.07386963347157326,0.2477486581959652,0.08701296240145542,0.03347942953790948,0.3342042238188548,0.9550377440615792,0.050045483
kuairand,46,EASE,kappa,4,0.01,0.25,double,0.2368,0.06390545767462151,0.2001134691939061,0.06730404790782292,0.026278692099131015,0.32353581537121706,0.9541670367720172,0.16260612
kuairand,46,EASE,kappa,4,0.01,0.5,double,0.2368,0.05247330514554544,0.16889285273025134,0.054805942995755,0.02147497788047601,0.31243196168081866,0.9581627857345338,0.27036273
kuairand,46,EASE,kappa,4,0.01,1.0,double,0.2368,0.04532021386694376,0.15260370836204232,0.04628752274105519,0.01851533871402508,0.2928369257565861,0.961810649696053,0.36041063
kuairand,46,EASE,kappa,4,0.01,1.5,double,0.2368,0.0436240401563412,0.1451380508668408,0.04199514857489388,0.01696175681824108,0.2778140648813412,0.9639161579925524,0.4058018
kuairand,46,EASE,kappa,4,0.01,0.0,single,0.2368,0.07822033487044078,0.27539520122902744,0.10327281685870224,0.03898408164849005,0.25321140866536035,0.9732396147365865,0.0062253643
kuairand,46,EASE,kappa,4,0.01,0.05,single,0.2368,0.07670775186819166,0.26813544476597323,0.09730328987265009,0.036846752155649705,0.34334857391682994,0.962132405754426,0.01770486
kuairand,46,EASE,kappa,4,0.01,0.1,single,0.2368,0.07314352664591284,0.24646441371733202,0.0862170254699818,0.03320591056391276,0.34073590246026564,0.9542086379337502,0.05090775
kuairand,46,EASE,kappa,4,0.01,0.25,single,0.2368,0.06200872016231248,0.1951804470049891,0.06431928441479684,0.025339591518568454,0.3239712606139778,0.9530869294865218,0.1682857
kuairand,46,EASE,kappa,4,0.01,0.5,single,0.2368,0.050408583451146516,0.16141634164869267,0.04990714069132808,0.019854151025543994,0.3013281079904202,0.9577645705318967,0.29698303
kuairand,46,EASE,kappa,4,0.01,1.0,single,0.2368,0.04419326164073551,0.1389950322455211,0.04048855366889024,0.016325858736039933,0.26649248856956237,0.9629320305360927,0.41479588
kuairand,46,EASE,kappa,4,0.01,1.5,single,0.2368,0.042127255406232945,0.1252686159284697,0.03721952698605215,0.014823230891160073,0.2527759634225996,0.964821200083392,0.4512886
kuairand,46,AFM,kappa,4,0.01,0.0,double,0.2368,0.06362217598980688,0.2691042128853751,0.06309063573883161,0.02538348926861709,0.06335728282168518,0.9889819917711675,0.0010754624
kuairand,46,AFM,kappa,4,0.01,0.05,double,0.2368,0.06385159005312993,0.26940877133696606,0.06390236506973923,0.02565773432090736,0.06662312214239059,0.9887968012863195,0.0009030094
kuairand,46,AFM,kappa,4,0.01,0.1,double,0.2368,0.06424650392344418,0.27637065501234187,0.06400659490600363,0.025567367545387784,0.06923579359895493,0.9885426952872227,0.0008850061
kuairand,46,AFM,kappa,4,0.01,0.25,double,0.2368,0.06478231939819427,0.27812477456353835,0.06389288963007883,0.02563680932456098,0.0846940997169606,0.9872958338796203,0.0011143117
kuairand,46,AFM,kappa,4,0.01,0.5,double,0.2368,0.06516358659745973,0.26612203634951626,0.06371285627653123,0.02557757393251387,0.10428913564119312,0.983883074287645,0.0015871362
kuairand,46,AFM,kappa,4,0.01,1.0,double,0.2368,0.0641132486037921,0.23232327122998786,0.060765994542146755,0.02360663070399822,0.1275854561288918,0.977809521704067,0.0028710582
kuairand,46,AFM,kappa,4,0.01,1.5,double,0.2368,0.06241977814016876,0.2128994540537993,0.05710847483323226,0.021931325297042455,0.13564119311996517,0.9751569717054336,0.0050475663
kuairand,46,AFM,kappa,4,0.01,0.0,single,0.2368,0.06362217598980688,0.2691042128853751,0.06309063573883161,0.02538348926861709,0.06335728282168518,0.9889819917711675,0.0010754624
kuairand,46,AFM,kappa,4,0.01,0.05,single,0.2368,0.06379353380989329,0.2693251570204207,0.06378865979381443,0.02562564447252266,0.06640539952101024,0.9887864296718303,0.0008774257
kuairand,46,AFM,kappa,4,0.01,0.1,single,0.2368,0.06416508661870364,0.2764540852555069,0.06385498787143723,0.025542270187835392,0.0694535162203353,0.9885255516112861,0.0008688977
kuairand,46,AFM,kappa,4,0.01,0.25,single,0.2368,0.06464537011798262,0.2809528475037505,0.06398764402668283,0.025632690025640923,0.0846940997169606,0.9872395143253958,0.0011218921
kuairand,46,AFM,kappa,4,0.01,0.5,single,0.2368,0.06504925895005748,0.26580766300510805,0.06393079138872043,0.025629492245180435,0.1049423035053342,0.9836556001948544,0.0016127198
kuairand,46,AFM,kappa,4,0.01,1.0,single,0.2368,0.06315354536958982,0.22941021918448126,0.06098392965433596,0.023552870960247628,0.12932723709993468,0.9773600108075713,0.002903275
kuairand,46,AFM,kappa,4,0.01,1.5,single,0.2368,0.06067888768554381,0.2078548268056302,0.05659680109157065,0.02158899068800861,0.13912475506205094,0.9745656836404488,0.0050977864
kuairand,46,SASRec,kappa,4,0.01,0.0,double,0.2368,0.11197253424906382,0.2938419465848032,0.1016304073175662,0.0400344551400231,0.7119529719137818,0.8303745391053725,0.3829584
kuairand,46,SASRec,kappa,4,0.01,0.05,double,0.2368,0.11151062606629378,0.29321280163724595,0.10209786234081261,0.040175004204713836,0.7130415850206836,0.8299505514495453,0.38181472
kuairand,46,SASRec,kappa,4,0.01,0.1,double,0.2368,0.11124443521199268,0.29188064450665774,0.10199363250454821,0.040131849788253904,0.7141301981275855,0.8290166749748509,0.381214
kuairand,46,SASRec,kappa,4,0.01,0.25,double,0.2368,0.10843907126406666,0.2821239040757307,0.10003221649484537,0.039456125212406976,0.7158719790986283,0.8240373695991354,0.38190663
kuairand,46,SASRec,kappa,4,0.01,0.5,double,0.2368,0.1019003019270979,0.25871867032766727,0.09584407216494846,0.0377834326850259,0.7276290006531678,0.8147622254255658,0.3869959
kuairand,46,SASRec,kappa,4,0.01,1.0,double,0.2368,0.09356576060852455,0.22684295316377337,0.08735407822922983,0.034973646869403324,0.7335075114304376,0.8092228095440672,0.39735633
kuairand,46,SASRec,kappa,4,0.01,1.5,double,0.2368,0.08948985041961773,0.2117059396085066,0.08296694966646452,0.033330570637551876,0.7311125625952537,0.8148147791475333,0.40410855
kuairand,46,SASRec,kappa,4,0.01,0.0,single,0.2368,0.11197253424906382,0.2938419465848032,0.1016304073175662,0.0400344551400231,0.7119529719137818,0.8303745391053725,0.3829584
kuairand,46,SASRec,kappa,4,0.01,0.05,single,0.2368,0.11151784742513761,0.2931511960594897,0.10228737113402062,0.040189752887037695,0.7136947528848248,0.8299970188571026,0.38162714
kuairand,46,SASRec,kappa,4,0.01,0.1,single,0.2368,0.11111686508866214,0.2917290190252059,0.10195573074590661,0.040096588445695504,0.7141301981275855,0.8290593654098566,0.38090605
kuairand,46,SASRec,kappa,4,0.01,0.25,single,0.2368,0.10786292600299492,0.28077702102709395,0.09974795330503336,0.03930083754438581,0.7167428695841498,0.823887582558662,0.38163093
kuairand,46,SASRec,kappa,4,0.01,0.5,single,0.2368,0.10059726545032377,0.2562269279539956,0.09515236506973923,0.037575197371972055,0.7280644458959286,0.8145027056557841,0.38706788
kuairand,46,SASRec,kappa,4,0.01,1.0,single,0.2368,0.09124014264229588,0.2226156529482606,0.0860275166767738,0.03453548093347504,0.7335075114304376,0.8096028578140568,0.39787468
kuairand,46,SASRec,kappa,4,0.01,1.5,single,0.2368,0.08721885455934099,0.2065644124602162,0.08161196179502729,0.03283480355390111,0.7324188983235358,0.816097865905707,0.40516979
kuairand,46,B_blind,keps,3,0.01,0.25,double,0.199,0.08521343408211604,0.26958313062054884,0.10214523953911461,0.038568058354098246,0.3043762246897453,0.9301839554800149,0.023903694
kuairand,46,EASE,keps,3,0.01,0.25,double,0.199,0.0597359056346122,0.18415945000941064,0.06502046694966647,0.02488490399523934,0.30655345090354885,0.9580493564903587,0.16092424
kuairand,46,AFM,keps,3,0.01,0.25,double,0.199,0.06599387566161209,0.274737269392754,0.06520997574287447,0.026067319940771088,0.08534726758110167,0.9871982325187814,0.0010603017
kuairand,46,SASRec,keps,3,0.01,0.25,double,0.199,0.1100737807485664,0.2764075389930013,0.10010802001212857,0.03938384116868534,0.7184846505551927,0.8228168401350857,0.3837392
kuairand,46,B_blind,keps,3,0.03,0.25,double,0.5639,0.08496034980059423,0.27268682250025017,0.1015577622801698,0.038318582386756186,0.2995863270193773,0.9317119665713254,0.02259324
kuairand,46,EASE,keps,3,0.03,0.25,double,0.5639,0.06957774434974776,0.22227074628624513,0.07972634930260764,0.030661979186417408,0.3272370999346832,0.955291424253851,0.069154605
kuairand,46,AFM,keps,3,0.03,0.25,double,0.5639,0.06579209560128013,0.2721042652359565,0.06519102486355367,0.026029544611851328,0.0829523187459177,0.9877479086943415,0.0008755306
kuairand,46,SASRec,keps,3,0.03,0.25,double,0.5639,0.1103081782922274,0.2821954132051173,0.10087553062462098,0.03964207805417781,0.7169605922055301,0.8256387927577717,0.38267604
kuairand,46,B_blind,keps,3,0.05,0.25,double,0.7771,0.08364715363819081,0.2764992343509607,0.101444057004245,0.03824293933114539,0.29305464837796646,0.9330332500996519,0.021710128
kuairand,46,EASE,keps,3,0.05,0.25,double,0.7771,0.07649704674412812,0.24501421696007739,0.09142851728320193,0.0350100582845643,0.32745482255606356,0.9603420477340672,0.019917374
kuairand,46,AFM,keps,3,0.05,0.25,double,0.7771,0.06451715919091955,0.2771269989880304,0.06442351425106124,0.025817975135977226,0.07968647942521227,0.9882145500634616,0.00082057307
kuairand,46,SASRec,keps,3,0.05,0.25,double,0.7771,0.10919470409802802,0.28871311768983904,0.1013872043662826,0.03978580947424,0.7121706945351622,0.8281290468152487,0.3809657
kuairand,46,B_blind,keps,3,0.1,0.25,double,0.9757,0.08407092575768332,0.27810193918173287,0.1018041237113402,0.03834931204889754,0.2834748530372306,0.9340065929255068,0.020997575
kuairand,46,EASE,keps,3,0.1,0.25,double,0.9757,0.07659770958614126,0.26984828036262937,0.10025015160703457,0.03824394650065107,0.28543435662965383,0.971096103593585,0.007926205
kuairand,46,AFM,keps,3,0.1,0.25,double,0.9757,0.0636941155718313,0.2696004621856761,0.06362757731958762,0.02556268131739706,0.06814718049205312,0.9888336521438152,0.0010148196
kuairand,46,SASRec,keps,3,0.1,0.25,double,0.9757,0.11156071459248093,0.2927558804287269,0.10194625530624621,0.040070335600916045,0.7130415850206836,0.8298899540221052,0.38258606
kuairand,46,B_blind,keps,4,0.03,0.25,double,0.6611,0.08319516637978386,0.28010828949276934,0.1017093693147362,0.03831899615240994,0.2943609841062486,0.9320171025476187,0.022808332
kuairand,46,EASE,keps,4,0.03,0.25,double,0.6611,0.06912487746500787,0.2476403152318496,0.08856693450576107,0.033927492772348564,0.34291312867406926,0.9535695761584884,0.047275815
kuairand,46,AFM,keps,4,0.03,0.25,double,0.6611,0.06450338367569505,0.2796230363833093,0.06476463007883566,0.02588519159960522,0.08142826039625517,0.9878989232302642,0.0010802002
kuairand,46,SASRec,keps,4,0.03,0.25,double,0.6611,0.10830240071236244,0.29044321109477117,0.10090395694360219,0.03968147213082919,0.7150010886131068,0.8264903923786784,0.38324553
kuairand,46,B_blind,keps,4,0.05,0.25,double,0.8998,0.08444307877943283,0.278899141297086,0.10225894481503942,0.038475199726565955,0.2834748530372306,0.9329485009256182,0.022105254
kuairand,46,EASE,keps,4,0.05,0.25,double,0.8998,0.07671582654491689,0.26628094790789625,0.09888568829593693,0.03768910457148803,0.2795558458523841,0.9670519946112,0.012028123
kuairand,46,AFM,keps,4,0.05,0.25,double,0.8998,0.06454156586836116,0.27274074726244546,0.06426243177683444,0.025813504718627953,0.07206618767689962,0.9885437346354704,0.0010110296
kuairand,46,SASRec,keps,4,0.05,0.25,double,0.8998,0.11068213681696272,0.2920092771101427,0.101586188599151,0.03997136757833125,0.7136947528848248,0.8285092547627979,0.384538
kuairand,46,B_blind,keps,4,0.1,0.25,double,0.9759,0.08414018798797848,0.2784247836574163,0.10191782898726501,0.038354400946881126,0.28303940779446984,0.9338921940630778,0.02107717
kuairand,46,EASE,keps,4,0.1,0.25,double,0.9759,0.07730898656805252,0.27279012000335395,0.101538811400849,0.03863012443923954,0.2793381232310037,0.9714404612471559,0.0075670863
kuairand,46,AFM,keps,4,0.1,0.25,double,0.9759,0.06384081055691863,0.2700301629040683,0.06344754396604002,0.025516122353141036,0.06814718049205312,0.9888419405231705,0.0010441934
kuairand,46,SASRec,keps,4,0.1,0.25,double,0.9759,0.11160139044212232,0.29323181255373965,0.10187992722862341,0.040099937746880226,0.7130415850206836,0.8298008423911356,0.38303232
kuairand,46,B_blind,keps,5,0.01,0.25,double,0.2537,0.08474859123676981,0.2752783168665422,0.1014819587628866,0.038355787478824704,0.3030698889614631,0.9305298471934444,0.023591004
kuairand,46,EASE,keps,5,0.01,0.25,double,0.2537,0.06094572910370662,0.1928884049658686,0.06355177380230442,0.025040469204481653,0.338558676246462,0.9493703592007348,0.18340851
kuairand,46,AFM,keps,5,0.01,0.25,double,0.2537,0.06546637393592086,0.27919046957530563,0.06412977562158884,0.025631895212149355,0.08774221641628566,0.9871223002692022,0.0013957323
kuairand,46,SASRec,keps,5,0.01,0.25,double,0.2537,0.10884102535946877,0.28177286885189123,0.10103661309884779,0.03972806672265918,0.7167428695841498,0.8234696836928661,0.38230368
kuairand,46,B_blind,keps,5,0.03,0.25,double,0.6642,0.08320173619331404,0.28026424392317895,0.1018609763493026,0.038259679048498446,0.2974091008055737,0.9320585159747536,0.022601768
kuairand,46,EASE,keps,5,0.03,0.25,double,0.6642,0.07032934371072888,0.25064817747391316,0.08881329593693148,0.033945612656926964,0.40714130198127585,0.9500191328374696,0.034797605
kuairand,46,AFM,keps,5,0.03,0.25,double,0.6642,0.0645124581692936,0.27933888831322645,0.06470777744087326,0.025876617834309584,0.08142826039625517,0.987926850711599,0.0012213842
kuairand,46,SASRec,keps,5,0.03,0.25,double,0.6642,0.10858209065918811,0.2910201215119558,0.10097028502122499,0.0398511117647034,0.7147833659917265,0.8263082015213647,0.3841031
kuairand,46,B_blind,keps,5,0.05,0.25,double,0.8998,0.08443034685588413,0.2795047051890233,0.10237265009096422,0.038492102928482395,0.2841280209013716,0.9328387921273136,0.022245489
kuairand,46,EASE,keps,5,0.05,0.25,double,0.8998,0.07679494109261355,0.2688346107075976,0.09992798665858096,0.03803011608746972,0.2786849553668626,0.9671934136398403,0.011775129
kuairand,46,AFM,keps,5,0.05,0.25,double,0.8998,0.06461402139106975,0.2730702154197498,0.06435718617343844,0.025824870703623527,0.07206618767689962,0.9885622110207519,0.0011029412
kuairand,46,SASRec,keps,5,0.05,0.25,double,0.8998,0.11071788933524299,0.292488454298174,0.101444057004245,0.039952813440367954,0.7134770302634443,0.8285399479254756,0.38518798
kuairand,46,B_blind,keps,5,0.1,0.25,double,0.9759,0.0841768509454264,0.2784417060741475,0.10208838690115221,0.03838443544824227,0.28303940779446984,0.9338331443114123,0.021123597
kuairand,46,EASE,keps,5,0.1,0.25,double,0.9759,0.077589425640937,0.2739743152105364,0.1018325500303214,0.038706034758864936,0.27585456128891794,0.971440682815242,0.0075310795
kuairand,46,AFM,keps,5,0.1,0.25,double,0.9759,0.06393268234714651,0.2702773928743876,0.06340016676773802,0.02550145500071798,0.0677117352492924,0.9888418266446013,0.0010640919
kuairand,46,SASRec,keps,5,0.1,0.25,double,0.9759,0.1116318577819592,0.2933506712085969,0.101680942995755,0.04005623823058981,0.7130415850206836,0.8297681221074018,0.38324556
kuairand,46,B_blind,keps,6,0.01,0.25,double,0.2851,0.08470273626531806,0.2767543007499019,0.1016525166767738,0.038276685483048696,0.30655345090354885,0.9299472828045208,0.023922645
kuairand,46,EASE,keps,6,0.01,0.25,double,0.2851,0.0608100365315423,0.19933224451746157,0.0663754548211037,0.02646151993598904,0.39538428042673635,0.9380452976270874,0.1478017
kuairand,46,AFM,keps,6,0.01,0.25,double,0.2851,0.0653108718646156,0.2779365561972134,0.06444246513038204,0.025607805855704626,0.09122577835837144,0.9869709197539642,0.0015776607
kuairand,46,SASRec,keps,6,0.01,0.25,double,0.2851,0.1087013441179555,0.2822871762253322,0.10105556397816859,0.03972956949424492,0.7167428695841498,0.8219891624406164,0.38365963
kuairand,46,B_blind,keps,6,0.03,0.25,double,0.7312,0.08324839396604923,0.2815441292575949,0.101538811400849,0.0383071696281267,0.29784454604833444,0.9321986914164078,0.022371514
kuairand,46,EASE,keps,6,0.03,0.25,double,0.7312,0.07097298639913766,0.2535102826586437,0.09021566100667071,0.03462257896860879,0.42347049858480296,0.9497510465935652,0.027136713
kuairand,46,AFM,keps,6,0.03,0.25,double,0.7312,0.06414782247656955,0.279213585566572,0.06456564584596726,0.025799958483124184,0.08142826039625517,0.9879283587774366,0.0011578988
kuairand,46,SASRec,keps,6,0.03,0.25,double,0.7312,0.108515306171502,0.2914013856487975,0.10040175864160097,0.039669123825562584,0.7160897017200087,0.826731958119225,0.38330048
kuairand,46,B_blind,keps,6,0.05,0.25,double,0.8998,0.08446094907008206,0.27978154168986646,0.10233474833232262,0.03849187469550345,0.284345743522752,0.9328040426595061,0.02230045
kuairand,46,EASE,keps,6,0.05,0.25,double,0.8998,0.0771772407783406,0.2706345397515084,0.10052493935718618,0.03827801721808202,0.2786849553668626,0.9672575507928127,0.011802607
kuairand,46,AFM,keps,6,0.05,0.25,double,0.8998,0.06466503462638021,0.27338719105231407,0.06425295633717404,0.02580427919352788,0.07206618767689962,0.9885748139950357,0.0011351577
kuairand,46,SASRec,keps,6,0.05,0.25,double,0.8998,0.11074238721093344,0.29275516066911444,0.101349302607641,0.03994084980838049,0.7139124755062051,0.8285394726062294,0.38549694
kuairand,46,B_blind,keps,6,0.1,0.25,double,1.0,0.08404985419386243,0.2778619371003631,0.10191782898726501,0.03825558735809728,0.28129762682342696,0.934204715229638,0.020809012
kuairand,46,EASE,keps,6,0.1,0.25,double,1.0,0.07822033487044078,0.27539520122902744,0.10327281685870224,0.03898408164849005,0.25321140866536035,0.9732396147365865,0.0062253643
kuairand,46,AFM,keps,6,0.1,0.25,double,1.0,0.06362217598980688,0.2691042128853751,0.06309063573883161,0.02538348926861709,0.06335728282168518,0.9889819917711675,0.0010754624
kuairand,46,SASRec,keps,6,0.1,0.25,double,1.0,0.11197253424906382,0.2938419465848032,0.1016304073175662,0.0400344551400231,0.7119529719137818,0.8303745391053725,0.3829584
